episode,step,reward,length,running_avg
1,600,-12.38,100,-12.38
2,600,-15.94,100,-14.16
3,600,-14.07,100,-14.13
4,600,-17.06,100,-14.86
5,600,-15.28,100,-14.95
6,600,-12.38,100,-14.52
7,1200,-21.18,100,-15.47
8,1200,-24.77,100,-16.63
9,1200,-13.1,100,-16.24
10,1200,-10.8,100,-15.7
11,1200,-18.51,100,-15.95
12,1206,-4.17,101,-14.97
13,1800,-13.33,100,-14.84
14,1800,-13.57,100,-14.75
15,1800,-22.57,100,-15.27
16,1800,-19.6,100,-15.54
17,1800,-18.57,100,-15.72
18,1806,-11.27,100,-15.47
19,2400,-14.85,100,-15.44
20,2400,-10.66,100,-15.2
21,2406,-7.37,101,-14.83
22,2406,-3.56,101,-14.32
23,2412,-9.37,101,-14.1
24,2412,-3.9,102,-13.68
25,3000,-18.57,100,-13.87
26,3006,-17.5,100,-14.01
27,3012,-10.38,101,-13.88
28,3018,-4.17,101,-13.53
29,3036,-2.74,104,-13.16
30,3042,-1.95,107,-12.79
31,3600,-18.84,100,-12.98
32,3606,-13.55,100,-13.0
33,3618,-10.07,100,-12.91
34,3624,-1.46,102,-12.57
35,3636,-13.11,100,-12.59
36,3642,-13.33,100,-12.61
37,4200,-15.02,100,-12.67
38,4206,-16.88,100,-12.78
39,4218,-19.1,100,-12.95
40,4224,-12.38,100,-12.93
41,4236,-17.3,100,-13.04
42,4242,-19.3,100,-13.19
43,4800,-17.69,100,-13.29
44,4812,-8.34,101,-13.18
45,4824,-14.26,100,-13.2
46,4824,-9.63,101,-13.13
47,4836,-10.69,100,-13.07
48,4848,-5.89,101,-12.93
49,5412,-18.71,100,-13.04
50,5424,-12.84,100,-13.04
51,5424,-16.88,100,-13.11
52,5442,-8.86,101,-13.03
53,5448,-11.9,100,-13.01
54,5550,12.97,125,-12.53
55,6012,-19.93,100,-12.66
56,6024,-22.42,100,-12.84
57,6024,-13.33,100,-12.85
58,6042,-17.29,100,-12.92
59,6048,-13.33,100,-12.93
60,6150,-18.65,100,-13.03
61,6612,-11.03,100,-12.99
62,6624,-14.21,100,-13.01
63,6624,-15.19,100,-13.05
64,6642,-12.14,100,-13.03
65,6648,-14.38,100,-13.05
66,6756,-9.37,101,-13.0
67,7212,-20.06,100,-13.1
68,7230,-5.26,101,-12.99
69,7230,-5.61,101,-12.88
70,7248,-5.2,101,-12.77
71,7254,-8.39,101,-12.71
72,7362,-4.99,101,-12.6
73,7812,-14.48,100,-12.63
74,7830,-11.65,100,-12.62
75,7830,-19.3,100,-12.7
76,7854,-8.88,101,-12.65
77,7860,-9.85,101,-12.62
78,7968,-6.17,101,-12.54
79,8412,-12.2,100,-12.53
80,8430,-13.58,100,-12.54
81,8436,-9.37,101,-12.51
82,8460,-11.15,100,-12.49
83,8460,-9.37,101,-12.45
84,8568,-10.8,100,-12.43
85,9030,-14.21,100,-12.45
86,9042,-9.88,101,-12.42
87,9066,-6.07,101,-12.35
88,9066,-4.85,109,-12.26
89,9108,-3.38,108,-12.16
90,9168,-14.43,100,-12.19
91,9630,-20.06,100,-12.28
92,9642,-12.58,100,-12.28
93,9672,-9.14,101,-12.25
94,9672,-10.25,101,-12.22
95,9708,-17.11,100,-12.28
96,9780,-0.52,102,-12.15
97,10230,-23.02,100,-12.27
98,10248,-8.34,101,-12.23
99,10272,-14.21,100,-12.25
100,10278,-7.27,101,-12.2
101,10314,-3.59,101,-12.11
102,10380,-12.04,100,-12.07
103,10854,-4.16,101,-11.97
104,10878,-8.39,101,-11.88
105,10878,-10.69,100,-11.84
106,10920,-8.14,101,-11.79
107,10980,-2.99,125,-11.61
108,10986,-7.12,101,-11.44
109,11454,-13.54,100,-11.44
110,11478,-33.02,100,-11.66
111,11520,-11.27,100,-11.59
112,11556,-3.44,113,-11.58
113,11580,-11.03,100,-11.56
114,11592,-8.88,101,-11.51
115,12078,-15.28,100,-11.44
116,12078,-5.23,104,-11.3
117,12120,-12.04,100,-11.23
118,12156,-10.8,100,-11.23
119,12192,-22.53,100,-11.3
120,12258,-4.9,113,-11.25
121,12684,-9.37,101,-11.27
122,12696,-2.98,103,-11.26
123,12726,-4.99,101,-11.22
124,12762,-6.22,101,-11.24
125,12798,-9.85,101,-11.15
126,12858,-10.6,100,-11.08
127,13290,-7.63,101,-11.06
128,13296,-15.81,100,-11.17
129,13350,-3.65,104,-11.18
130,13368,-9.37,101,-11.26
131,13458,-16.17,100,-11.23
132,13548,5.07,125,-11.04
133,13944,-5.32,108,-10.99
134,13968,-1.33,113,-10.99
135,13998,-6.51,105,-10.93
136,14064,-10.33,101,-10.9
137,14100,8.95,125,-10.66
138,14154,-4.14,101,-10.53
139,14550,-7.22,101,-10.41
140,14568,-27.37,100,-10.56
141,14616,-2.98,103,-10.42
142,14766,-6.71,111,-10.29
143,14790,0.14,106,-10.11
144,14814,-1.75,125,-10.05
145,15156,-9.15,101,-10.0
146,15222,-3.59,101,-9.94
147,15282,-5.71,119,-9.89
148,15384,-5.21,103,-9.88
149,15396,-8.6,101,-9.78
150,15414,-13.33,100,-9.78
151,15756,-15.06,100,-9.77
152,15822,-11.27,100,-9.79
153,15888,-7.0,101,-9.74
154,15990,-6.22,101,-9.93
155,15996,-17.89,100,-9.91
156,16020,-6.07,101,-9.75
157,16380,-5.71,104,-9.67
158,16440,-3.75,103,-9.54
159,16494,-4.14,101,-9.45
160,16602,-8.43,101,-9.34
161,16608,-4.62,103,-9.28
162,16620,-26.31,100,-9.4
163,17034,-2.64,109,-9.27
164,17040,-11.15,100,-9.26
165,17100,-6.97,101,-9.19
166,17208,-6.45,101,-9.16
167,17214,-10.29,101,-9.06
168,17220,-15.06,100,-9.16
169,17706,-8.34,101,-9.19
170,17778,-4.26,124,-9.18
171,17790,6.72,125,-9.03
172,17814,-4.16,101,-9.02
173,17826,-8.39,101,-8.96
174,17898,-1.4,114,-8.86
175,18312,-5.71,101,-8.72
176,18384,-4.44,101,-8.68
177,18396,-9.14,101,-8.67
178,18420,-8.14,101,-8.69
179,18426,-24.27,100,-8.81
180,18564,-3.69,111,-8.71
181,18918,-4.44,101,-8.66
182,18996,-14.52,100,-8.7
183,19002,-3.15,103,-8.63
184,19032,-6.61,101,-8.59
185,19098,-2.61,113,-8.48
186,19170,-10.03,101,-8.48
187,19602,-7.63,101,-8.49
188,19608,-0.42,115,-8.45
189,19698,-24.25,100,-8.66
190,19716,-4.53,114,-8.56
191,19752,4.6,125,-8.31
192,19788,-1.52,103,-8.2
193,20202,-15.28,100,-8.26
194,20214,-10.09,101,-8.26
195,20298,-17.5,100,-8.26
196,20316,-26.81,100,-8.53
197,20352,-12.43,100,-8.42
198,20394,-9.37,101,-8.43
199,20814,-14.21,100,-8.43
200,20820,-2.26,103,-8.38
201,20940,-6.02,104,-8.41
202,20952,-11.89,100,-8.4
203,21000,-8.47,101,-8.45
204,21048,1.56,125,-8.35
205,21420,-8.43,101,-8.33
206,21444,-5.46,104,-8.3
207,21540,-12.93,100,-8.4
208,21558,-9.83,101,-8.42
209,21606,-5.71,101,-8.35
210,21648,-15.59,100,-8.17
211,22044,-15.19,100,-8.21
212,22074,-5.29,109,-8.23
213,22164,-6.04,104,-8.18
214,22164,-4.39,101,-8.14
215,22254,-7.81,101,-8.06
216,22356,5.45,125,-7.95
217,22650,-7.71,101,-7.91
218,22680,-10.76,101,-7.91
219,22764,-11.74,100,-7.8
220,22800,-0.51,106,-7.76
221,22872,-3.55,103,-7.7
222,22956,-13.93,100,-7.81
223,23256,-10.17,101,-7.86
224,23352,-0.1,112,-7.8
225,23400,-15.28,100,-7.85
226,23406,-2.27,107,-7.77
227,23526,-4.47,109,-7.74
228,23556,-13.33,100,-7.71
229,23856,-13.55,100,-7.81
230,23952,-15.06,100,-7.87
231,24006,-6.6,101,-7.77
232,24006,-17.5,100,-8.0
233,24132,-3.88,101,-7.99
234,24156,-17.91,100,-8.15
235,24462,-10.09,101,-8.19
236,24552,-12.52,100,-8.21
237,24612,-6.97,101,-8.37
238,24624,-1.94,103,-8.35
239,24798,-0.66,107,-8.28
240,24882,5.69,125,-7.95
241,25068,-4.68,101,-7.97
242,25158,-6.73,101,-7.97
243,25218,-8.9,101,-8.06
244,25236,-4.16,102,-8.08
245,25440,-2.57,107,-8.02
246,25488,-5.2,101,-8.03
247,25668,-13.12,100,-8.11
248,25758,-15.69,100,-8.21
249,25836,-11.6,100,-8.24
250,25860,-4.79,107,-8.16
251,26040,-10.82,100,-8.11
252,26100,-3.9,102,-8.04
253,26274,-4.64,101,-8.02
254,26394,-2.61,106,-7.98
255,26436,-13.33,100,-7.93
256,26562,-5.26,117,-7.93
257,26640,-23.66,100,-8.11
258,26736,-3.81,106,-8.11
259,26964,-2.03,115,-8.09
260,27012,-4.62,103,-8.05
261,27054,-1.94,103,-8.02
262,27162,-13.11,100,-7.89
263,27246,-7.95,101,-7.94
264,27342,-6.22,101,-7.89
265,27564,-10.46,100,-7.93
266,27618,-8.88,101,-7.95
267,27678,-2.78,104,-7.88
268,27780,-4.48,103,-7.77
269,27846,-13.33,100,-7.82
270,27942,-34.25,100,-8.12
271,28164,-19.02,100,-8.38
272,28278,-12.1,100,-8.46
273,28320,3.05,117,-8.34
274,28452,-6.07,101,-8.39
275,28470,-0.0,115,-8.33
276,28542,-29.15,100,-8.58
277,28830,-5.73,111,-8.55
278,28878,-11.34,100,-8.58
279,28920,-11.03,100,-8.45
280,29076,-4.16,101,-8.45
281,29124,0.68,112,-8.4
282,29142,-39.68,100,-8.65
283,29442,-1.18,102,-8.63
284,29508,-6.54,105,-8.63
285,29610,5.56,115,-8.55
286,29730,-10.74,101,-8.56
287,29784,3.16,118,-8.45
288,29808,-3.48,111,-8.48
289,30090,-4.49,108,-8.28
290,30108,-12.48,100,-8.36
291,30270,-1.53,110,-8.42
292,30336,-4.39,101,-8.45
293,30390,-4.61,101,-8.34
294,30408,-20.3,100,-8.45
295,30696,-9.13,101,-8.36
296,30714,-5.8,101,-8.15
297,30942,-10.51,101,-8.13
298,30942,-1.16,112,-8.05
299,31140,-1.9,125,-7.93
300,31158,16.54,125,-7.74
301,31302,-5.39,101,-7.73
302,31314,-12.08,100,-7.73
303,31548,-10.03,101,-7.75
304,31548,-8.43,101,-7.85
305,31746,-5.71,101,-7.82
306,31758,-17.27,100,-7.94
307,31902,-24.25,100,-8.05
308,32058,-3.05,124,-7.99
309,32154,-5.46,101,-7.98
310,32190,-2.01,107,-7.85
311,32346,-16.56,100,-7.86
312,32376,-3.9,103,-7.85
313,32508,-6.27,101,-7.85
314,32730,3.34,112,-7.77
315,32832,-5.21,107,-7.75
316,32904,6.3,125,-7.74
317,32976,-30.0,100,-7.96
318,33018,-1.76,112,-7.87
319,33168,0.97,110,-7.74
320,33480,9.59,125,-7.64
321,33582,3.17,125,-7.58
322,33630,-1.38,121,-7.45
323,33666,-3.37,108,-7.38
324,33726,5.26,125,-7.33
325,33774,-9.15,101,-7.27
326,34080,-14.43,100,-7.39
327,34200,-2.11,103,-7.37
328,34230,-15.29,100,-7.39
329,34272,-4.71,101,-7.3
330,34428,-5.93,109,-7.21
331,34476,34.69,125,-6.79
332,34686,-5.71,101,-6.67
333,34848,-4.43,103,-6.68
334,34866,-4.59,111,-6.55
335,34890,-3.45,103,-6.48
336,35034,-4.94,101,-6.4
337,35082,-7.88,101,-6.41
338,35292,-4.85,101,-6.44
339,35454,-6.73,101,-6.5
340,35466,-22.86,100,-6.79
341,35562,-3.78,112,-6.78
342,35640,-4.61,101,-6.76
343,35760,-4.58,113,-6.72
344,35934,-4.79,107,-6.72
345,36126,-2.59,110,-6.72
346,36204,7.41,125,-6.6
347,36204,-2.05,107,-6.49
348,36240,-16.8,100,-6.5
349,36360,-12.15,100,-6.5
350,36600,-3.55,111,-6.49
351,36792,-2.42,111,-6.41
352,36804,-18.41,100,-6.55
353,36810,-10.57,101,-6.61
354,36840,-13.53,100,-6.72
355,36966,-8.19,101,-6.67
356,37206,-6.22,101,-6.68
357,37398,-6.33,101,-6.5
358,37416,-10.42,101,-6.57
359,37458,-4.39,103,-6.59
360,37548,5.33,124,-6.49
361,37572,-3.59,101,-6.51
362,37956,24.54,125,-6.13
363,38004,-9.37,101,-6.15
364,38064,-4.44,101,-6.13
365,38106,1.75,115,-6.01
366,38154,-5.71,101,-5.98
367,38250,-1.75,113,-5.97
368,38622,-3.27,111,-5.95
369,38664,0.12,110,-5.82
370,38670,-9.81,101,-5.58
371,38712,-4.85,101,-5.43
372,38754,-23.71,100,-5.55
373,38868,-3.03,103,-5.61
374,39228,-5.88,101,-5.61
375,39270,-9.85,101,-5.71
376,39420,27.66,125,-5.14
377,39426,-3.09,112,-5.11
378,39462,33.09,125,-4.67
379,39474,-7.41,101,-4.63
380,39876,-8.19,101,-4.67
381,39924,-2.25,116,-4.7
382,40026,-5.64,101,-4.36
383,40074,-20.07,100,-4.55
384,40104,-3.3,107,-4.52
385,40176,4.17,125,-4.53
386,40548,0.4,112,-4.42
387,40566,-5.35,107,-4.51
388,40626,-11.15,100,-4.58
389,40704,-14.47,100,-4.68
390,40716,-4.24,107,-4.6
391,40788,-1.6,102,-4.6
392,41184,-5.23,103,-4.61
393,41196,-2.76,108,-4.59
394,41244,-3.97,103,-4.43
395,41304,-41.99,100,-4.76
396,41328,-3.96,102,-4.74
397,41490,0.89,117,-4.62
398,41802,-4.13,103,-4.65
399,41850,-5.2,101,-4.69
400,41874,-6.19,113,-4.91
401,41910,-4.61,101,-4.91
402,41952,-3.65,104,-4.82
403,42090,-22.42,100,-4.95
404,42498,-5.23,108,-4.91
405,42516,-6.22,101,-4.92
406,42534,2.4,122,-4.72
407,42558,-3.59,114,-4.52
408,42570,-4.11,103,-4.53
409,42690,-25.76,100,-4.73
410,43122,-6.17,101,-4.77
411,43164,-4.75,101,-4.65
412,43170,-15.06,100,-4.76
413,43182,-2.78,108,-4.73
414,43248,10.34,125,-4.66
415,43290,-14.43,100,-4.75
416,43782,-25.76,100,-5.07
417,43788,-2.01,111,-4.79
418,43830,-0.8,111,-4.78
419,43842,-1.04,112,-4.8
420,43896,-4.7,108,-4.95
421,43998,-2.4,118,-5.0
422,44388,-7.47,101,-5.06
423,44436,-0.38,108,-5.03
424,44472,-5.6,107,-5.14
425,44484,-3.46,107,-5.08
426,44520,-5.35,104,-4.99
427,44664,0.35,111,-4.97
428,44994,-4.68,101,-4.86
429,45084,-43.33,100,-5.25
430,45090,-2.4,103,-5.21
431,45108,0.63,112,-5.55
432,45234,-4.95,119,-5.55
433,45270,-9.6,101,-5.6
434,45696,-9.75,101,-5.65
435,45702,-4.48,103,-5.66
436,45744,45.75,125,-5.15
437,45756,-0.9,108,-5.08
438,45876,-10.33,101,-5.14
439,45984,11.94,125,-4.95
440,46296,-17.5,100,-4.9
441,46308,-7.22,101,-4.93
442,46356,-12.75,100,-5.01
443,46416,-2.75,112,-5.0
444,46560,-0.29,114,-4.95
445,46584,-44.5,100,-5.37
446,46896,-13.55,100,-5.58
447,46926,-5.22,103,-5.61
448,46962,-5.41,101,-5.5
449,47034,-5.31,103,-5.43
450,47166,-6.68,101,-5.46
451,47190,-9.63,101,-5.53
452,47532,-8.28,101,-5.43
453,47574,-5.53,113,-5.38
454,47604,-1.66,107,-5.26
455,47676,-1.35,107,-5.19
456,47778,-3.9,102,-5.17
457,47796,-6.97,101,-5.18
458,48270,-3.93,111,-5.11
459,48282,29.25,125,-4.77
460,48282,-10.51,101,-4.93
461,48324,24.57,125,-4.65
462,48384,-10.13,101,-5.0
463,48396,-13.07,100,-5.04
464,48918,-0.38,108,-4.99
465,48930,-8.29,101,-5.09
466,48972,1.19,115,-5.03
467,48984,-18.91,100,-5.2
468,49032,5.26,125,-5.11
469,49146,6.56,125,-5.05
470,49590,-6.03,101,-5.01
471,49632,-20.34,100,-5.16
472,49656,5.05,123,-4.88
473,49680,29.63,125,-4.55
474,49722,74.38,125,-3.75
475,49896,-0.37,125,-3.65
476,50190,-16.88,100,-4.1
477,50256,-14.03,100,-4.21
478,50274,-3.89,107,-4.58
479,50280,-11.03,100,-4.61
480,50328,-5.14,101,-4.58
481,50496,-18.11,100,-4.74
482,50928,-3.67,108,-4.72
483,50940,26.81,125,-4.25
484,50946,-4.35,112,-4.26
485,51000,9.03,124,-4.22
486,51078,14.5,125,-4.07
487,51246,38.05,125,-3.64
488,51546,-4.46,101,-3.57
489,51558,-0.52,102,-3.43
490,51570,-3.13,107,-3.42
491,51600,-47.27,100,-3.88
492,51828,14.38,125,-3.68
493,51918,-4.57,112,-3.7
494,52152,-4.39,101,-3.71
495,52308,12.63,125,-3.16
496,52320,30.27,125,-2.82
497,52350,29.55,125,-2.53
498,52428,-32.22,100,-2.81
499,52584,-3.39,111,-2.79
500,52758,-5.8,101,-2.79
501,52908,-10.6,100,-2.85
502,52968,-3.55,103,-2.85
503,52980,-0.73,110,-2.63
504,53034,-9.88,101,-2.68
505,53184,-27.74,100,-2.89
506,53508,6.16,125,-2.86
507,53580,-33.56,100,-3.16
508,53580,-5.14,112,-3.17
509,53682,0.21,119,-2.91
510,53706,-2.96,112,-2.87
511,53784,-43.64,100,-3.26
512,54114,-8.29,101,-3.19
513,54180,-24.44,100,-3.41
514,54180,-12.48,100,-3.64
515,54330,-3.93,108,-3.53
516,54384,-15.59,100,-3.43
517,54390,6.7,114,-3.35
518,54786,-2.96,112,-3.37
519,54786,-6.58,101,-3.42
520,54846,-1.53,111,-3.39
521,54984,-11.68,100,-3.48
522,54990,-2.68,110,-3.44
523,55140,32.35,125,-3.11
524,55476,-1.09,115,-3.06
525,55536,19.35,125,-2.84
526,55566,1.38,120,-2.77
527,55608,-2.69,103,-2.8
528,55668,6.54,114,-2.69
529,55890,1.85,125,-2.23
530,56076,-44.05,100,-2.65
531,56142,-9.61,101,-2.75
532,56184,-4.11,103,-2.74
533,56268,-18.31,100,-2.83
534,56310,-1.35,117,-2.75
535,56490,-44.29,100,-3.15
536,56790,-6.73,101,-3.67
537,56826,-0.74,125,-3.67
538,56844,2.02,117,-3.55
539,56928,-2.69,103,-3.69
540,57018,-0.71,125,-3.52
541,57096,-4.64,101,-3.5
542,57444,0.71,109,-3.36
543,57528,1.99,114,-3.32
544,57528,-1.01,117,-3.32
545,57558,-1.56,105,-2.89
546,57714,-2.4,103,-2.78
547,57768,15.02,125,-2.58
548,58128,-16.03,100,-2.69
549,58140,-4.28,116,-2.68
550,58212,-1.29,109,-2.62
551,58272,6.43,124,-2.46
552,58314,-14.3,100,-2.52
553,58374,-7.18,101,-2.54
554,58782,-0.24,109,-2.52
555,58812,-14.17,100,-2.65
556,58854,-0.28,119,-2.62
557,58920,-9.15,101,-2.64
558,58944,2.71,112,-2.57
559,59124,33.09,125,-2.53
560,59394,-1.01,102,-2.44
561,59412,-44.03,100,-3.12
562,59466,-2.51,102,-3.05
563,59526,-5.56,101,-2.97
564,59544,-47.85,100,-3.45
565,59730,-4.14,101,-3.41
566,60030,-6.18,103,-3.48
567,60036,-5.0,107,-3.34
568,60150,0.57,114,-3.39
569,60210,0.67,114,-3.45
570,60294,54.64,125,-2.84
571,60378,-5.86,108,-2.7
572,60690,-0.09,109,-2.75
573,60714,-2.46,114,-3.07
574,60750,-12.15,100,-3.93
575,60810,-20.68,100,-4.14
576,60906,-1.52,102,-3.98
577,61098,-0.06,120,-3.84
578,61314,-15.37,100,-3.96
579,61320,-1.6,105,-3.86
580,61356,-6.86,101,-3.88
581,61506,-2.5,116,-3.72
582,61506,-38.04,100,-4.07
583,61698,-25.34,100,-4.59
584,61932,-2.74,102,-4.57
585,61962,-9.6,101,-4.76
586,61980,-1.68,111,-4.92
587,62148,-2.54,107,-5.33
588,62256,19.12,125,-5.09
589,62298,-36.52,100,-5.45
590,62562,-12.14,100,-5.54
591,62580,-13.12,100,-5.2
592,62604,2.84,112,-5.32
593,62748,-18.78,100,-5.46
594,62904,-7.85,101,-5.49
595,62970,8.5,119,-5.53
596,63168,-8.19,101,-5.92
597,63204,-16.24,100,-6.38
598,63252,-6.27,112,-6.12
599,63348,-39.87,100,-6.48
600,63534,-1.22,105,-6.44
601,63654,-4.11,114,-6.37
602,63768,-10.16,100,-6.44
603,63852,-14.03,100,-6.57
604,63954,24.11,125,-6.23
605,64098,25.0,125,-5.7
606,64284,7.38,125,-5.69
607,64404,3.12,125,-5.32
608,64512,-1.79,110,-5.29
609,64518,53.56,125,-4.76
610,64644,3.71,115,-4.69
611,64740,-1.98,107,-4.27
612,64884,-24.28,100,-4.43
613,65004,-32.05,100,-4.51
614,65130,-2.83,102,-4.41
615,65262,28.57,125,-4.09
616,65286,-3.51,107,-3.97
617,65382,-5.47,107,-4.09
618,65634,43.38,125,-3.63
619,65712,4.86,118,-3.51
620,65832,5.57,117,-3.44
621,65892,-4.14,101,-3.36
622,65952,0.31,115,-3.33
623,65982,-18.24,100,-3.84
624,66270,-0.08,106,-3.83
625,66396,-3.54,114,-4.06
626,66438,-8.24,101,-4.16
627,66582,-1.53,105,-4.14
628,66642,31.03,125,-3.9
629,66684,4.76,117,-3.87
630,66870,-42.62,100,-3.86
631,67038,-12.55,100,-3.88
632,67146,41.18,125,-3.43
633,67242,-1.36,110,-3.26
634,67284,-2.92,107,-3.28
635,67332,-1.59,108,-2.85
636,67614,1.13,124,-2.77
637,67704,-1.39,111,-2.78
638,67896,17.65,125,-2.62
639,67908,-3.09,111,-2.63
640,67932,-41.54,100,-3.04
641,68034,40.07,125,-2.59
642,68214,-22.68,100,-2.82
643,68454,9.54,125,-2.75
644,68634,-12.94,100,-2.87
645,68646,11.11,125,-2.74
646,68658,56.13,125,-2.15
647,68682,39.68,125,-1.91
648,68904,-2.78,115,-1.77
649,69114,-3.36,110,-1.77
650,69240,-4.61,101,-1.8
651,69312,-4.62,111,-1.91
652,69354,-2.15,112,-1.79
653,69408,33.99,125,-1.38
654,69546,-4.79,107,-1.42
655,69714,-24.44,100,-1.52
656,69894,-1.49,109,-1.54
657,69918,-4.46,101,-1.49
658,70002,-3.89,108,-1.56
659,70008,-24.44,100,-2.13
660,70152,-5.14,101,-2.17
661,70314,-33.9,100,-2.07
662,70548,-2.62,105,-2.07
663,70632,-4.0,105,-2.06
664,70644,71.0,125,-0.87
665,70758,22.87,125,-0.6
666,70902,42.34,125,-0.11
667,70998,-3.48,114,-0.1
668,71262,3.05,119,-0.07
669,71364,-7.78,101,-0.16
670,71382,18.42,125,-0.52
671,71394,42.86,125,-0.03
672,71508,-4.94,101,-0.08
673,71616,-4.98,103,-0.11
674,71868,-6.28,101,-0.05
675,71970,-6.61,101,0.09
676,72000,-7.41,101,0.03
677,72042,-2.59,110,0.01
678,72150,-2.82,107,0.14
679,72234,-2.93,103,0.12
680,72576,-3.88,101,0.15
681,72600,-23.82,100,-0.06
682,72618,50.35,125,0.82
683,72672,-1.36,105,1.06
684,72900,35.85,125,1.45
685,72918,-0.95,114,1.53
686,73266,-2.51,108,1.53
687,73272,-10.38,100,1.45
688,73314,1.02,119,1.27
689,73326,15.85,125,1.79
690,73518,-14.72,100,1.76
691,73650,36.36,125,2.26
692,73872,-5.46,101,2.18
693,73878,-8.67,101,2.28
694,73944,-3.37,103,2.32
695,73986,-3.78,112,2.2
696,74118,-14.64,100,2.14
697,74400,10.41,125,2.4
698,74478,-5.09,101,2.41
699,74628,36.53,125,3.18
700,74658,-1.46,112,3.18
701,74670,-0.45,121,3.21
702,74718,-12.48,100,3.19
703,75006,-4.64,101,3.28
704,75150,-4.28,112,3.0
705,75228,-11.74,100,2.63
706,75264,-6.12,101,2.5
707,75318,-23.04,100,2.23
708,75420,20.74,125,2.46
709,75756,-8.7,101,1.84
710,75756,41.38,125,2.21
711,75864,-16.33,100,2.07
712,75960,-2.87,107,2.28
713,75978,14.39,125,2.75
714,76020,-50.39,100,2.27
715,76362,-5.64,101,1.93
716,76464,-19.94,100,1.77
717,76506,26.81,125,2.09
718,76560,-13.1,100,1.52
719,76578,-29.58,100,1.18
720,76764,-3.35,124,1.09
721,76962,-40.99,100,0.72
722,77112,-5.99,101,0.66
723,77166,1.47,117,0.86
724,77178,-10.26,100,0.75
725,77298,1.23,123,0.8
726,77370,-10.46,101,0.78
727,77652,0.66,115,0.8
728,77712,-11.95,100,0.37
729,77778,-10.23,100,0.22
730,77898,-10.07,100,0.55
731,77916,20.62,125,0.88
732,78120,18.96,125,0.66
733,78258,-4.75,101,0.62
734,78312,-43.46,100,0.22
735,78378,-14.91,100,0.09
736,78498,-21.18,100,-0.14
737,78600,4.22,114,-0.08
738,78870,13.55,125,-0.12
739,78882,-5.19,104,-0.14
740,78984,-8.88,101,0.18
741,79020,0.84,118,-0.21
742,79146,-3.36,108,-0.02
743,79200,-21.18,100,-0.32
744,79530,-4.7,108,-0.24
745,79548,-3.61,113,-0.39
746,79668,-2.16,114,-0.97
747,79758,-4.92,102,-1.42
748,79770,14.46,125,-1.24
749,79800,-12.75,100,-1.34
750,80148,-3.9,103,-1.33
751,80178,-1.49,105,-1.3
752,80310,-5.98,107,-1.34
753,80400,-32.22,100,-2.0
754,80508,7.74,125,-1.88
755,80520,37.81,125,-1.25
756,80796,-2.82,103,-1.27
757,80796,-4.77,108,-1.27
758,81060,54.12,125,-0.69
759,81150,28.21,125,-0.16
760,81216,-1.52,118,-0.13
761,81234,-1.67,119,0.2
762,81396,-22.37,100,-0.0
763,81456,1.35,110,0.05
764,81810,47.54,125,-0.18
765,81822,-6.73,101,-0.48
766,81840,-7.17,101,-0.97
767,81900,10.34,125,-0.84
768,81996,-19.3,100,-1.06
769,82206,19.05,125,-0.79
770,82440,-23.12,100,-1.21
771,82560,25.0,125,-1.38
772,82572,35.04,125,-0.98
773,82650,32.87,125,-0.61
774,82746,39.0,125,-0.15
775,82830,-3.05,104,-0.12
776,83052,-3.17,102,-0.08
777,83166,-7.75,101,-0.13
778,83172,-17.31,100,-0.27
779,83250,-25.76,100,-0.5
780,83436,-9.13,101,-0.55
781,83496,16.44,125,-0.15
782,83778,-9.85,101,-0.75
783,83802,32.31,125,-0.42
784,83808,-5.05,107,-0.82
785,83856,-6.5,101,-0.88
786,84096,-21.75,100,-1.07
787,84186,6.38,125,-0.91
788,84378,-13.35,100,-1.05
789,84408,-13.33,100,-1.34
790,84462,-6.22,101,-1.26
791,84552,81.82,125,-0.8
792,84798,-5.36,117,-0.8
793,84936,50.79,125,-0.21
794,85098,-0.91,120,-0.18
795,85152,-14.71,100,-0.29
796,85158,8.61,125,-0.06
797,85212,5.96,125,-0.1
798,85434,-3.83,106,-0.09
799,85536,-17.7,100,-0.63
800,85698,-19.1,100,-0.81
801,85818,-4.14,101,-0.85
802,85902,6.9,125,-0.65
803,85908,28.11,125,-0.32
804,86184,26.35,125,-0.02
805,86286,36.67,125,0.47
806,86298,-11.16,100,0.42
807,86424,-6.07,101,0.59
808,86502,-10.16,100,0.28
809,86532,1.36,104,0.38
810,86898,-31.49,100,-0.35
811,86934,23.75,125,0.05
812,86994,2.03,118,0.1
813,87138,-6.73,101,-0.11
814,87174,28.03,125,0.67
815,87252,45.83,125,1.19
816,87546,-2.74,102,1.36
817,87648,14.11,125,1.23
818,87714,16.36,120,1.53
819,87780,-5.97,101,1.76
820,87852,-10.46,100,1.69
821,87888,-3.12,125,2.07
822,88248,-37.89,100,1.75
823,88266,7.81,120,1.81
824,88398,-6.0,103,1.86
825,88464,40.13,125,2.25
826,88536,-1.0,114,2.34
827,88638,32.4,125,2.66
828,88878,-2.02,102,2.76
829,88896,-0.26,108,2.86
830,89040,-2.52,107,2.93
831,89172,0.69,118,2.73
832,89280,4.7,124,2.59
833,89388,26.25,125,2.9
834,89628,15.02,125,3.48
835,89640,-3.81,124,3.6
836,89790,25.83,125,4.07
837,89856,3.69,114,4.06
838,89880,-41.07,100,3.51
839,90024,1.87,106,3.58
840,90228,-14.85,100,3.53
841,90390,35.14,125,3.87
842,90390,-22.34,100,3.68
843,90474,-4.91,103,3.84
844,90480,-14.26,100,3.75
845,90774,25.51,125,4.04
846,90978,49.43,125,4.55
847,91008,-5.22,103,4.55
848,91134,-0.41,110,4.4
849,91140,40.98,125,4.94
850,91230,79.78,125,5.77
851,91374,-10.23,100,5.69
852,91728,29.5,125,6.04
853,91758,37.12,125,6.74
854,91854,6.01,119,6.72
855,91884,48.61,125,6.83
856,91980,32.84,125,7.18
857,92124,32.2,125,7.55
858,92478,96.55,125,7.98
859,92508,57.69,125,8.27
860,92532,-2.48,108,8.26
861,92604,33.57,125,8.61
862,92664,-1.8,114,8.82
863,92874,53.85,125,9.35
864,93078,-16.85,100,8.7
865,93132,-11.51,100,8.65
866,93198,-4.05,115,8.68
867,93204,-50.59,100,8.08
868,93264,-11.68,100,8.15
869,93480,-8.73,101,7.87
870,93762,1.58,114,8.12
871,93804,-11.74,100,7.75
872,93882,83.15,125,8.23
873,93930,-4.59,111,7.86
874,93948,14.19,125,7.61
875,94080,-36.95,100,7.27
876,94512,55.71,125,7.86
877,94548,-36.99,100,7.57
878,94554,81.82,125,8.56
879,94572,-5.47,107,8.76
880,94632,42.31,125,9.28
881,94818,2.52,123,9.14
882,95130,-3.55,103,9.2
883,95154,-5.56,101,8.82
884,95256,-1.62,104,8.86
885,95304,64.91,125,9.57
886,95322,58.27,125,10.37
887,95418,-31.72,100,9.99
888,95748,-3.9,103,10.09
889,95754,-54.91,100,9.67
890,95862,-6.66,101,9.66
891,95904,-21.58,100,8.63
892,95922,-24.64,100,8.44
893,96036,-1.52,103,7.92
894,96360,-10.8,101,7.82
895,96468,-9.63,101,7.87
896,96498,19.6,125,7.98
897,96504,-11.67,100,7.8
898,96672,49.43,125,8.33
899,96690,-3.87,109,8.47
900,97032,-2.19,112,8.64
901,97194,9.75,115,8.78
902,97218,37.7,125,9.09
903,97248,45.33,125,9.26
904,97290,-21.9,100,8.78
905,97422,55.38,125,8.96
906,97776,3.74,124,9.11
907,97896,-0.41,117,9.17
908,97968,37.82,125,9.65
909,97998,22.3,125,9.86
910,98040,52.78,125,10.7
911,98172,87.27,125,11.34
912,98394,-3.22,103,11.28
913,98568,-10.66,100,11.25
914,98646,39.37,125,11.36
915,98748,62.07,125,11.52
916,98790,18.06,125,11.73
917,98844,-4.79,112,11.54
918,99144,41.22,125,11.79
919,99318,11.89,125,11.97
920,99396,38.18,125,12.45
921,99456,-5.18,118,12.43
922,99540,3.56,125,12.85
923,99594,35.22,125,13.12
924,99756,-2.84,102,13.15
925,99978,-2.51,110,12.73
926,100146,47.37,125,13.21
927,100206,63.04,125,13.52
928,100290,9.14,125,13.63
929,100344,33.09,125,13.96
930,100506,28.53,125,14.27
931,100578,-44.71,100,13.82
932,100812,-4.13,101,13.73
933,100896,-4.93,101,13.42
934,100896,18.81,125,13.46
935,101094,37.82,125,13.87
936,101178,-48.55,100,13.13
937,101256,76.68,125,13.86
938,101496,-14.58,100,14.12
939,101562,54.88,125,14.65
940,101646,70.65,125,15.51
941,101820,-0.69,107,15.15
942,101844,16.44,125,15.54
943,102006,52.73,125,16.11
944,102114,-3.29,103,16.22
945,102162,-28.17,100,15.69
946,102396,18.97,125,15.38
947,102570,19.05,125,15.63
948,102594,55.43,125,16.18
949,102606,-22.37,100,15.55
950,102756,-1.98,107,14.73
951,102912,49.68,125,15.33
952,103050,-6.45,109,14.97
953,103188,-2.67,103,14.57
954,103332,-1.41,123,14.5
955,103356,-19.16,100,13.82
956,103356,28.47,125,13.78
957,103518,-6.33,101,13.39
958,103656,-3.41,101,12.39
959,103938,6.31,125,11.88
960,103962,-6.86,101,11.84
961,103968,-1.46,102,11.49
962,104082,65.61,125,12.16
963,104124,-10.13,101,11.52
964,104406,86.67,125,12.56
965,104688,58.27,125,13.25
966,104712,84.56,125,14.14
967,104718,60.13,125,15.25
968,104832,32.14,125,15.69
969,104874,71.82,125,16.49
970,105012,-10.57,101,16.37
971,105318,-11.93,100,16.37
972,105330,-3.06,107,15.51
973,105462,12.68,125,15.68
974,105474,-40.57,100,15.13
975,105576,6.86,124,15.57
976,105612,-15.1,100,14.86
977,105924,-5.33,101,15.18
978,106080,27.74,125,14.64
979,106212,41.84,125,15.11
980,106218,-5.01,107,14.64
981,106224,47.65,125,15.09
982,106362,25.0,125,15.37
983,106674,59.09,125,16.02
984,106830,45.57,125,16.49
985,106962,88.19,125,16.72
986,106968,39.53,125,16.54
987,106974,42.32,125,17.28
988,107112,65.98,125,17.98
989,107424,72.19,125,19.25
990,107454,-5.38,104,19.26
991,107568,-9.63,101,19.38
992,107598,-3.35,105,19.59
993,107724,49.83,125,20.11
994,107862,18.88,125,20.4
995,108084,-2.42,105,20.47
996,108168,-11.66,100,20.16
997,108174,59.57,125,20.87
998,108348,62.87,125,21.01
999,108474,98.58,125,22.03
1000,108612,69.12,125,22.75
1001,108684,-14.03,100,22.51
1002,108774,-8.47,101,22.05
1003,108798,-5.53,104,21.54
1004,109098,27.21,125,22.03
1005,109212,-14.83,100,21.33
1006,109224,66.09,125,21.95
1007,109434,64.47,125,22.6
1008,109488,7.68,115,22.3
1009,109524,63.4,125,22.71
1010,109824,-12.86,100,22.05
1011,109848,22.01,125,21.4
1012,109962,33.33,125,21.77
1013,110154,1.92,120,21.89
1014,110238,57.72,125,22.07
1015,110274,66.67,125,22.12
1016,110550,1.7,117,21.96
1017,110562,-29.11,100,21.71
1018,110574,91.42,125,22.22
1019,110760,-8.88,101,22.01
1020,110856,-3.68,103,21.59
1021,110874,-10.3,100,21.54
1022,111162,-10.02,100,21.4
1023,111300,107.47,125,22.13
1024,111324,74.5,125,22.9
1025,111456,-27.19,100,22.65
1026,111510,53.59,125,22.71
1027,111624,52.65,125,22.61
1028,111912,87.74,125,23.4
1029,112050,93.92,125,24.0
1030,112074,79.1,125,24.51
1031,112170,3.33,110,24.99
1032,112206,29.82,125,25.33
1033,112374,56.86,125,25.95
1034,112512,-12.04,100,25.64
1035,112800,58.33,125,25.84
1036,112824,35.14,125,26.68
1037,112920,79.49,125,26.71
1038,112956,34.68,125,27.2
1039,112992,-2.93,103,26.62
1040,113112,-22.71,100,25.69
1041,113400,-46.44,100,25.23
1042,113574,52.94,125,25.6
1043,113670,45.83,125,25.53
1044,113706,100.0,125,26.56
1045,113742,81.48,125,27.66
1046,113862,58.94,125,28.06
1047,114150,41.98,125,28.29
1048,114174,-41.67,100,27.32
1049,114306,-45.52,100,27.08
1050,114420,38.46,125,27.49
1051,114492,81.51,125,27.81
1052,114534,11.18,112,27.98
1053,114900,35.8,125,28.37
1054,114924,74.05,125,29.12
1055,114930,-1.49,104,29.3
1056,115134,-45.4,100,28.56
1057,115170,65.54,125,29.28
1058,115242,37.07,125,29.68
1059,115530,-12.86,100,29.49
1060,115650,19.63,125,29.76
1061,115674,31.21,125,30.08
1062,115776,-5.33,101,29.38
1063,115884,84.78,125,30.32
1064,115914,-3.69,112,29.42
1065,116130,-15.37,100,28.68
1066,116400,69.87,125,28.54
1067,116424,44.26,125,28.38
1068,116484,-27.1,100,27.79
1069,116526,75.1,125,27.82
1070,116664,34.68,125,28.27
1071,116880,78.95,125,29.18
1072,117018,-3.38,103,29.18
1073,117030,-9.14,101,28.96
1074,117174,-0.45,115,29.36
1075,117276,72.54,125,30.02
1076,117414,63.52,125,30.8
1077,117630,40.22,125,31.26
1078,117738,2.61,118,31.01
1079,117768,112.77,125,31.72
1080,117876,-19.07,100,31.58
1081,117924,67.17,125,31.77
1082,118164,40.29,125,31.92
1083,118230,-40.29,100,30.93
1084,118344,-4.44,101,30.43
1085,118482,-10.47,101,29.44
1086,118518,37.07,125,29.42
1087,118674,95.36,125,29.95
1088,118914,59.76,125,29.89
1089,118980,95.57,125,30.12
1090,119082,-12.2,100,30.05
1091,119094,63.76,125,30.79
1092,119268,128.14,125,32.1
1093,119424,108.33,125,32.69
1094,119664,26.98,125,32.77
1095,119730,54.12,125,33.33
1096,119832,49.7,125,33.95
1097,119844,63.7,125,33.99
1098,120018,77.08,125,34.13
1099,120174,66.13,125,33.81
1100,120264,-25.51,100,32.86
1101,120336,-9.63,101,32.9
1102,120582,56.43,125,33.55
1103,120594,97.13,125,34.58
1104,120618,-52.15,100,33.79
1105,120774,-46.33,100,33.47
1106,120894,-1.76,105,32.79
1107,121086,104.38,125,33.19
1108,121194,-42.35,100,32.69
1109,121314,-0.93,116,32.05
1110,121332,60.14,125,32.78
1111,121488,20.04,119,32.76
1112,121644,140.88,125,33.83
1113,121836,103.7,125,34.85
1114,121920,-6.27,101,34.21
1115,121944,31.1,125,33.86
1116,122082,113.24,125,34.97
1117,122238,121.4,125,36.48
1118,122322,-1.71,113,35.54
1119,122586,34.28,125,35.98
1120,122670,76.27,125,36.78
1121,122694,103.45,125,37.91
1122,122832,28.57,125,38.3
1123,122988,64.22,125,37.87
1124,123072,123.53,125,38.36
1125,123186,-20.83,100,38.42
1126,123348,3.71,109,37.92
1127,123420,12.08,125,37.52
1128,123582,113.06,125,37.77
1129,123738,94.08,125,37.77
1130,123822,77.02,125,37.75
1131,123936,100.67,125,38.72
1132,124098,110.53,125,39.53
1133,124170,102.8,125,39.99
1134,124332,129.32,125,41.4
1135,124428,-8.94,101,40.73
1136,124488,79.15,125,41.17
1137,124536,-13.54,100,40.24
1138,124848,71.0,125,40.6
1139,124920,19.4,125,40.83
1140,125040,13.61,118,41.19
1141,125178,106.64,125,42.72
1142,125238,9.93,125,42.29
1143,125286,99.28,125,42.83
1144,125598,114.81,125,42.97
1145,125670,81.48,125,42.97
1146,125748,3.0,118,42.41
1147,125928,93.22,125,42.93
1148,125988,27.82,125,43.62
1149,126012,6.97,121,44.15
1150,126204,-9.98,101,43.66
1151,126420,51.65,125,43.36
1152,126498,92.31,125,44.17
1153,126528,-24.08,100,43.58
1154,126738,31.27,125,43.15
1155,126762,78.68,125,43.95
1156,126954,86.81,125,45.27
1157,127134,-3.59,101,44.58
1158,127170,81.54,125,45.03
1159,127248,81.25,125,45.97
1160,127488,83.49,125,46.61
1161,127512,51.02,125,46.8
1162,127704,114.77,125,48.0
1163,127848,-44.41,100,46.71
1164,127848,3.23,113,46.78
1165,127884,54.11,125,47.48
1166,128238,51.61,125,47.29
1167,128262,69.29,125,47.54
1168,128448,-44.5,100,47.37
1169,128454,114.77,125,47.77
1170,128484,-19.68,100,47.22
1171,128598,52.78,125,46.96
1172,128838,-15.57,100,46.84
1173,129012,87.5,125,47.81
1174,129198,81.82,125,48.63
1175,129204,61.46,125,48.52
1176,129234,115.28,125,49.04
1177,129348,10.76,125,48.74
1178,129588,51.02,125,49.22
1179,129762,85.77,125,48.95
1180,129948,111.32,125,50.26
1181,129948,-29.46,100,49.29
1182,129954,11.97,125,49.01
1183,129984,98.65,125,50.4
1184,130338,67.22,125,51.12
1185,130512,24.62,125,51.47
1186,130698,70.73,125,51.8
1187,130698,116.49,125,52.01
1188,130704,9.2,125,51.51
1189,130734,68.28,125,51.24
1190,131088,27.91,125,51.64
1191,131112,-28.34,100,50.72
1192,131448,125.31,125,50.69
1193,131448,146.09,125,51.07
1194,131454,52.65,125,51.32
1195,131484,83.61,125,51.62
1196,131838,102.85,125,52.15
1197,131862,40.5,125,51.92
1198,132132,3.6,108,51.18
1199,132192,17.82,124,50.7
1200,132198,166.67,125,52.62
1201,132204,85.81,125,53.57
1202,132588,137.11,125,54.38
1203,132594,5.95,122,53.47
1204,132780,-4.0,108,53.95
1205,132792,-38.76,100,54.03
1206,132948,61.07,125,54.65
1207,132954,32.08,125,53.93
1208,133338,39.86,125,54.75
1209,133344,53.85,125,55.3
1210,133392,-53.68,100,54.16
1211,133530,224.32,125,56.21
1212,133548,-33.53,100,54.46
1213,133704,45.63,125,53.88
1214,133992,-36.48,100,53.58
1215,134088,127.76,125,54.55
1216,134094,141.13,125,54.82
1217,134280,68.75,125,54.3
1218,134298,111.68,125,55.43
1219,134316,-2.55,102,55.06
1220,134598,-5.56,101,54.25
1221,134688,-13.41,100,53.08
1222,134844,120.64,125,54.0
1223,135030,18.48,125,53.54
1224,135048,98.72,125,53.29
1225,135066,84.5,125,54.35
1226,135198,-39.75,100,53.91
1227,135438,44.65,125,54.24
1228,135594,106.78,125,54.17
1229,135744,32.21,119,53.56
1230,135798,126.01,125,54.04
1231,135816,40.35,125,53.44
1232,135948,16.2,125,52.5
1233,136188,111.54,125,52.59
1234,136200,-6.73,101,51.23
1235,136494,88.09,125,52.2
1236,136548,59.51,125,52.0
1237,136566,170.07,125,53.84
1238,136698,26.71,125,53.39
1239,136938,56.35,125,53.76
1240,136950,55.06,125,54.18
1241,137244,20.5,125,53.32
1242,137298,166.9,125,54.88
1243,137316,126.8,125,55.16
1244,137448,61.62,125,54.63
1245,137688,111.68,125,54.93
1246,137700,84.85,125,55.75
1247,137916,-36.52,100,54.45
1248,137994,41.48,125,54.59
1249,138048,40.52,125,54.92
1250,138198,88.12,125,55.9
1251,138438,142.75,125,56.82
1252,138450,116.03,125,57.05
1253,138594,-18.98,100,57.1
1254,138666,116.56,125,57.96
1255,138798,84.45,125,58.01
1256,138822,-6.93,104,57.08
1257,139038,-17.43,100,56.94
1258,139200,139.86,125,57.52
1259,139344,73.75,125,57.45
1260,139398,-34.09,100,56.27
1261,139416,98.05,125,56.74
1262,139428,-10.62,101,55.49
1263,139788,101.3,125,56.94
1264,139950,83.54,125,57.75
1265,139986,-2.84,107,57.18
1266,140016,-43.21,100,56.23
1267,140040,-0.85,107,55.53
1268,140178,100.0,125,56.97
1269,140538,118.65,125,57.01
1270,140640,-47.74,100,56.73
1271,140700,154.03,125,57.74
1272,140736,49.07,125,58.39
1273,140766,159.26,125,59.11
1274,140856,1.47,113,58.3
1275,141138,-21.6,100,57.47
1276,141246,-7.27,101,56.25
1277,141372,-6.73,101,56.07
1278,141450,126.34,125,56.83
1279,141486,102.53,125,56.99
1280,141606,106.19,125,56.94
1281,141888,142.54,125,58.66
1282,141972,-38.65,100,58.16
1283,141996,171.78,125,58.89
1284,142086,-64.37,100,57.57
1285,142200,144.76,125,58.77
1286,142356,129.73,125,59.36
1287,142572,-33.7,100,57.86
1288,142638,42.36,125,58.19
1289,142746,29.55,125,57.81
1290,142836,117.08,125,58.7
1291,142950,46.26,125,59.44
1292,143106,36.2,125,58.55
1293,143322,77.26,125,57.86
1294,143346,-51.06,100,56.83
1295,143388,149.22,125,57.48
1296,143586,50.82,125,56.96
1297,143700,36.81,125,56.93
1298,143856,52.18,125,57.41
1299,143922,-19.19,100,57.04
1300,143946,-58.19,100,54.79
1301,144138,48.44,125,54.42
1302,144336,149.17,125,54.54
1303,144450,19.6,125,54.68
1304,144606,156.41,125,56.28
1305,144672,123.68,125,57.9
1306,144696,115.23,125,58.45
1307,144888,55.96,125,58.69
1308,144942,-9.58,101,58.19
1309,145200,109.15,125,58.74
1310,145320,4.89,108,59.33
1311,145338,6.03,107,57.15
1312,145356,38.51,125,57.87
1313,145638,86.67,125,58.28
1314,145692,113.06,125,59.77
1315,145950,138.41,125,59.88
1316,146070,52.44,125,58.99
1317,146088,108.48,125,59.39
1318,146106,64.98,125,58.92
1319,146382,13.84,115,59.09
1320,146388,10.74,125,59.25
1321,146670,-32.57,100,59.06
1322,146688,-44.16,100,57.41
1323,146700,149.04,125,58.72
1324,146856,130.53,125,59.03
1325,147132,112.5,125,59.31
1326,147138,112.42,125,60.84
1327,147366,6.1,116,60.45
1328,147438,62.88,125,60.01
1329,147450,140.13,125,61.09
1330,147606,39.75,125,60.23
1331,147732,-13.33,100,59.69
1332,147774,2.47,106,59.55
1333,148050,-23.22,100,58.21
1334,148116,105.98,125,59.33
1335,148188,97.08,125,59.42
1336,148296,6.54,115,58.89
1337,148482,46.67,125,57.66
1338,148524,194.87,125,59.34
1339,148758,13.22,118,58.91
1340,148788,-17.72,100,58.18
1341,148866,106.67,125,59.04
1342,149046,35.92,125,57.73
1343,149232,111.73,125,57.58
1344,149238,26.75,119,57.23
1345,149424,3.75,106,56.15
1346,149466,-27.08,100,55.04
1347,149508,100.77,125,56.41
1348,149646,-32.84,100,55.67
1349,149874,-3.44,106,55.23
1350,149982,67.25,125,55.02
1351,150108,-48.55,100,53.1
1352,150150,8.19,114,52.03
1353,150174,43.29,125,52.65
1354,150396,75.32,125,52.24
1355,150624,162.41,125,53.02
1356,150714,-9.95,101,52.99
1357,150732,59.32,125,53.75
1358,150774,-43.7,100,51.92
1359,150846,10.14,116,51.28
1360,151146,85.19,125,52.47
1361,151224,-34.4,100,51.15
1362,151446,-47.51,100,50.78
1363,151464,144.51,125,51.21
1364,151482,16.13,125,50.54
1365,151524,63.3,125,51.2
1366,151896,91.18,125,52.54
1367,151974,210.47,125,54.66
1368,152142,-2.67,103,53.63
1369,152196,116.31,125,53.61
1370,152214,134.27,125,55.43
1371,152232,134.92,125,55.24
1372,152496,-43.29,100,54.31
1373,152598,-4.46,104,52.68
1374,152742,-38.69,100,52.27
1375,152832,-43.5,100,52.05
1376,152862,-1.59,108,52.11
1377,152946,211.4,125,54.29
1378,153204,-10.79,101,52.92
1379,153246,106.06,125,52.96
1380,153492,141.99,125,53.31
1381,153546,-49.9,100,51.39
1382,153570,30.1,118,52.08
1383,153582,86.2,125,51.22
1384,153954,39.39,125,52.26
1385,153996,146.27,125,52.27
1386,154092,-19.07,100,50.79
1387,154290,12.58,124,51.25
1388,154320,38.3,125,51.21
1389,154332,11.84,125,51.03
1390,154704,140.14,125,51.26
1391,154746,134.88,125,52.15
1392,154812,25.01,120,52.04
1393,155040,114.74,125,52.41
1394,155070,76.83,125,53.69
1395,155082,66.14,125,52.86
1396,155454,132.64,125,53.68
1397,155496,104.01,125,54.35
1398,155562,143.67,125,55.26
1399,155790,43.4,125,55.89
1400,155820,28.52,125,56.76
1401,155832,48.26,125,56.76
1402,156096,-49.8,100,54.77
1403,156204,116.72,125,55.74
1404,156312,32.4,125,54.5
1405,156432,-25.78,100,53.0
1406,156492,13.93,117,51.99
1407,156570,166.67,125,53.1
1408,156846,100.0,125,54.19
1409,156912,-14.77,100,52.95
1410,156954,92.59,125,53.83
1411,157182,88.06,125,54.65
1412,157218,-2.22,108,54.24
1413,157242,133.55,125,54.71
1414,157560,-8.88,101,53.49
1415,157578,15.95,122,52.27
1416,157662,115.43,125,52.9
1417,157932,185.17,125,53.67
1418,157968,91.01,125,53.93
1419,157992,96.88,125,54.76
1420,158178,-26.43,100,54.38
1421,158262,-54.2,100,54.17
1422,158310,85.9,125,55.47
1423,158580,6.64,108,54.04
1424,158718,22.86,121,52.97
1425,158718,83.21,125,52.67
1426,158862,-40.91,100,51.14
1427,158928,142.54,125,52.51
1428,158952,-3.41,107,51.84
1429,159318,-50.15,100,49.94
1430,159330,148.18,125,51.02
1431,159468,132.88,125,52.49
1432,159528,-49.12,100,51.97
1433,159612,160.59,125,53.81
1434,159702,24.35,125,52.99
1435,160068,-10.03,100,51.92
1436,160068,45.08,125,52.31
1437,160080,126.23,125,53.1
1438,160128,-56.47,100,50.59
1439,160362,82.42,125,51.28
1440,160452,33.06,125,51.79
1441,160680,-58.1,100,50.14
1442,160788,10.67,120,49.89
1443,160794,12.29,121,48.89
1444,160878,170.83,125,50.33
1445,161112,118.52,125,51.48
1446,161202,27.27,125,52.03
1447,161280,-14.93,100,50.87
1448,161538,38.18,125,51.58
1449,161544,100.0,125,52.61
1450,161628,136.75,125,53.31
1451,161712,-19.34,100,53.6
1452,161802,-45.16,100,53.07
1453,162030,135.69,125,53.99
1454,162138,-39.95,100,52.84
1455,162294,117.99,125,52.39
1456,162294,12.45,111,52.62
1457,162462,56.92,125,52.59
1458,162552,41.23,125,53.44
1459,162780,139.73,125,54.74
1460,162888,168.55,125,55.57
1461,162960,1.15,111,55.93
1462,163044,128.57,125,57.69
1463,163152,-22.45,100,56.02
1464,163212,62.94,125,56.49
1465,163530,191.67,125,57.77
1466,163638,80.92,125,57.67
1467,163710,162.46,125,57.19
1468,163734,23.11,115,57.45
1469,163752,-17.42,100,56.11
1470,163962,112.77,125,55.89
1471,164130,-37.7,100,54.17
1472,164310,-14.46,100,54.46
1473,164334,-11.3,100,54.39
1474,164388,88.19,125,55.66
1475,164502,54.61,125,56.64
1476,164580,-2.83,103,56.63
1477,164880,120.64,125,55.72
1478,164910,-43.19,100,55.39
1479,165084,126.15,125,55.59
1480,165102,-57.12,100,53.6
1481,165138,134.53,125,55.45
1482,165180,-37.25,100,54.77
1483,165630,43.38,125,54.35
1484,165660,27.66,125,54.23
1485,165690,-5.08,101,52.72
1486,165738,-31.56,100,52.59
1487,165798,5.1,116,52.52
1488,165930,118.39,125,53.32
1489,166260,-36.27,100,52.84
1490,166380,185.71,125,53.29
1491,166398,-41.62,100,51.53
1492,166440,31.81,125,51.59
1493,166488,51.85,125,50.97
1494,166680,26.92,125,50.47
1495,166860,-13.31,100,49.67
1496,166980,-33.02,100,48.02
1497,167148,83.67,125,47.81
1498,167148,8.28,118,46.46
1499,167238,87.07,125,46.89
1500,167298,-4.96,103,46.56
1501,167610,110.53,125,47.18
1502,167730,97.37,125,48.65
1503,167748,-42.05,100,47.07
1504,167748,-14.21,100,46.6
1505,167988,21.91,125,47.08
1506,168048,33.57,125,47.27
1507,168216,-8.88,101,45.52
1508,168474,13.54,121,44.65
1509,168480,113.56,125,45.94
1510,168498,150.98,125,46.52
1511,168738,19.53,125,45.84
1512,168798,37.58,125,46.23
1513,168966,33.55,125,45.23
1514,169080,-21.78,100,45.1
1515,169170,7.2,116,45.02
1516,169248,110.71,125,44.97
1517,169380,2.21,107,43.14
1518,169548,97.6,125,43.21
1519,169566,-17.5,100,42.06
1520,169680,-60.5,100,41.72
1521,169812,0.32,107,42.27
1522,169926,0.83,113,41.42
1523,170130,131.27,125,42.66
1524,170298,41.82,125,42.85
1525,170298,7.91,122,42.1
1526,170430,46.96,125,42.98
1527,170562,46.1,125,42.01
1528,170628,9.85,117,42.15
1529,170802,3.42,112,42.68
1530,171048,153.52,125,42.74
1531,171048,46.18,125,41.87
1532,171180,103.23,125,43.39
1533,171312,141.04,125,43.2
1534,171378,119.18,125,44.15
1535,171552,93.64,125,45.18
1536,171654,-6.86,101,44.66
1537,171798,126.35,125,44.66
1538,171894,16.28,119,45.39
1539,171912,-59.1,100,43.98
1540,172020,5.93,107,43.7
1541,172302,52.25,125,44.81
1542,172398,19.56,124,44.9
1543,172548,46.58,125,45.24
1544,172578,11.57,114,43.65
1545,172662,54.81,125,43.01
1546,172770,17.86,125,42.92
1547,172998,-18.57,100,42.88
1548,173052,21.86,125,42.72
1549,173298,114.98,125,42.87
1550,173328,109.62,125,42.59
1551,173412,113.56,125,43.92
1552,173520,73.25,125,45.11
1553,173748,92.31,125,44.67
1554,173748,4.94,116,45.12
1555,173976,1.53,113,43.96
1556,174012,-24.26,100,43.59
1557,174078,193.44,125,44.96
1558,174270,146.32,125,46.01
1559,174348,-17.28,100,44.44
1560,174498,43.79,125,43.19
1561,174726,74.92,125,43.93
1562,174762,154.42,125,44.19
1563,174828,72.31,125,45.13
1564,175020,49.25,125,45.0
1565,175098,98.7,125,44.07
1566,175158,-2.24,110,43.23
1567,175362,-28.98,100,41.32
1568,175476,122.97,125,42.32
1569,175578,30.74,125,42.8
1570,175770,73.33,125,42.41
1571,175848,180.9,125,44.59
1572,175908,111.81,125,45.86
1573,176112,109.38,125,47.06
1574,176226,161.72,125,47.8
1575,176304,22.72,121,47.48
1576,176370,-53.48,100,46.97
1577,176598,28.57,125,46.05
1578,176658,22.58,125,46.71
1579,176862,110.53,125,46.55
1580,176976,16.04,125,47.28
1581,177054,58.73,125,46.53
1582,177084,6.91,119,46.97
1583,177348,79.81,125,47.33
1584,177408,118.24,125,48.24
1585,177612,123.37,125,49.52
1586,177726,53.28,125,50.37
1587,177804,49.61,125,50.82
1588,177834,151.88,125,51.15
1589,177948,-20.0,100,51.31
1590,178158,104.95,125,50.51
1591,178362,81.23,125,51.73
1592,178476,126.95,125,52.69
1593,178554,63.08,125,52.8
1594,178584,18.24,125,52.71
1595,178698,87.5,125,53.72
1596,178908,162.07,125,55.67
1597,179112,109.39,125,55.93
1598,179190,-8.0,101,55.76
1599,179220,10.8,124,55.0
1600,179298,-19.07,100,54.86
1601,179304,70.66,125,54.46
1602,179658,27.74,125,53.77
1603,179748,-4.53,106,54.14
1604,179802,-2.56,102,54.26
1605,179904,-17.69,100,53.86
1606,179910,-3.59,115,53.49
1607,180048,61.39,125,54.19
1608,180408,90.86,125,54.97
1609,180498,96.97,125,54.8
1610,180510,-20.0,100,53.09
1611,180552,112.83,125,54.02
1612,180654,64.87,125,54.3
1613,180774,18.35,121,54.14
1614,181110,-21.61,100,54.15
1615,181158,15.04,125,54.22
1616,181248,51.01,125,53.63
1617,181302,65.02,125,54.25
1618,181404,67.29,125,53.95
1619,181524,99.28,125,55.12
1620,181776,-4.33,103,55.68
1621,181860,113.77,125,56.82
1622,181998,36.99,125,57.18
1623,182004,-37.15,100,55.49
1624,182052,39.29,125,55.47
1625,182274,101.99,125,56.41
1626,182376,-45.3,100,55.49
1627,182532,7.96,112,55.1
1628,182652,-16.43,100,54.84
1629,182748,56.49,125,55.37
1630,182754,32.91,125,54.17
1631,182964,4.99,115,53.75
1632,183126,65.52,125,53.38
1633,183132,-34.55,100,51.62
1634,183312,0.65,110,50.44
1635,183498,87.7,125,50.38
1636,183504,120.97,125,51.65
1637,183714,102.9,125,51.42
1638,183876,71.6,125,51.97
1639,183882,76.99,125,53.33
1640,184062,55.49,125,53.83
1641,184248,67.83,125,53.99
1642,184254,36.22,125,54.15
1643,184464,124.19,125,54.93
1644,184626,73.01,125,55.54
1645,184632,127.96,125,56.27
1646,184812,108.61,125,57.18
1647,184848,-10.15,100,57.27
1648,185004,64.29,125,57.69
1649,185214,113.52,125,57.68
1650,185376,5.26,125,56.63
1651,185382,120.22,125,56.7
1652,185562,131.88,125,57.29
1653,185598,74.05,125,57.1
1654,185754,125.56,125,58.31
1655,185952,16.18,123,58.46
1656,186126,25.0,125,58.95
1657,186132,108.33,125,58.1
1658,186198,-42.07,100,56.21
1659,186312,26.62,125,56.65
1660,186504,50.0,125,56.71
1661,186702,92.43,125,56.89
1662,186876,72.19,125,56.07
1663,186882,75.16,125,56.1
1664,186948,55.43,125,56.16
1665,187062,123.94,125,56.41
1666,187254,100.77,125,57.44
1667,187410,13.13,118,57.86
1668,187482,-51.4,100,56.12
1669,187626,64.06,125,56.45
1670,187698,25.9,125,55.98
1671,187812,83.54,125,55.0
1672,188004,48.41,125,54.37
1673,188088,-8.47,101,53.19
1674,188154,9.77,124,51.67
1675,188226,-42.41,100,51.02
1676,188448,90.14,125,52.46
1677,188562,15.67,125,52.33
1678,188604,-28.33,100,51.82
1679,188838,39.28,125,51.11
1680,188904,76.92,125,51.71
1681,188976,67.27,125,51.8
1682,189198,107.14,125,52.8
1683,189312,22.74,125,52.23
1684,189354,130.77,125,52.36
1685,189534,-1.2,116,51.11
1686,189654,42.86,125,51.01
1687,189726,51.86,125,51.03
1688,189912,-19.3,100,49.32
1689,189948,132.08,125,50.84
1690,190062,5.4,118,49.84
1691,190254,-10.46,100,48.93
1692,190284,22.87,125,47.88
1693,190476,82.13,125,48.08
1694,190662,73.91,125,48.63
1695,190698,47.91,125,48.24
1696,190812,31.66,125,46.93
1697,191004,99.3,125,46.83
1698,191034,118.64,125,48.1
1699,191226,73.16,125,48.72
1700,191412,55.48,125,49.47
1701,191448,16.36,125,48.92
1702,191562,77.47,125,49.42
1703,191670,-1.3,111,49.45
1704,191784,30.72,125,49.79
1705,191976,44.23,125,50.41
1706,192162,43.34,125,50.87
1707,192198,16.47,125,50.43
1708,192312,109.39,125,50.61
1709,192420,46.83,125,50.11
1710,192534,38.51,125,50.69
1711,192726,64.29,125,50.21
1712,192912,104.26,125,50.6
1713,192948,32.26,125,50.74
1714,193062,35.48,125,51.31
1715,193170,49.68,125,51.66
1716,193284,30.61,125,51.46
1717,193476,93.98,125,51.74
1718,193548,-24.27,100,50.83
1719,193662,-15.36,100,49.68
1720,193662,124.64,125,50.97
1721,193920,114.55,125,50.98
1722,194034,78.69,125,51.4
1723,194130,-1.29,109,51.76
1724,194298,84.47,125,52.21
1725,194364,8.23,117,51.27
1726,194364,-3.74,117,51.69
1727,194670,11.89,125,51.73
1728,194778,8.38,124,51.97
1729,194880,119.33,125,52.6
1730,194964,7.14,111,52.34
1731,195072,12.41,118,52.42
1732,195114,91.56,125,52.68
1733,195270,-25.02,100,52.77
1734,195528,72.76,125,53.49
1735,195630,56.49,125,53.18
1736,195714,35.89,125,52.33
1737,195822,13.71,125,51.44
1738,195864,21.32,125,50.94
1739,195918,-0.31,108,50.16
1740,196278,90.97,125,50.52
1741,196380,123.08,125,51.07
1742,196464,2.24,125,50.73
1743,196572,70.28,125,50.19
1744,196614,9.54,125,49.56
1745,196668,56.93,125,48.85
1746,196956,7.32,113,47.83
1747,196980,-30.35,100,47.63
1748,197214,75.68,125,47.75
1749,197322,102.29,125,47.63
1750,197364,59.32,125,48.17
1751,197418,70.73,125,47.68
1752,197610,-2.3,105,46.34
1753,197706,95.57,125,46.55
1754,197922,-21.9,100,45.08
1755,197964,69.68,125,45.61
1756,198108,0.8,124,45.37
1757,198168,19.92,125,44.49
1758,198360,96.92,125,45.88
1759,198456,82.97,125,46.44
1760,198672,102.13,125,46.96
1761,198714,90.48,125,46.94
1762,198768,-41.17,100,45.81
1763,198858,54.57,125,45.6
1764,199110,95.4,125,46.0
1765,199206,76.99,125,45.53
1766,199422,81.82,125,45.34
1767,199464,62.26,125,45.84
1768,199518,102.95,125,47.38
1769,199608,68.79,125,47.43
1770,199860,44.83,125,47.62
1771,199956,109.46,125,47.87
1772,200172,76.47,125,48.16
1773,200214,56.38,125,48.8
1774,200268,46.96,125,49.18
1775,200358,57.89,125,50.18
1776,200610,15.37,125,49.43
1777,200706,127.27,125,50.55
1778,200868,-36.83,100,50.46
1779,200922,60.0,125,50.67
1780,200964,74.79,125,50.65
1781,201108,64.6,125,50.62
1782,201360,51.01,125,50.06
1783,201456,55.06,125,50.38
1784,201522,-34.06,100,48.73
1785,201618,81.23,125,49.56
1786,201714,171.38,125,50.84
1787,201858,134.85,125,51.67
1788,202110,132.14,125,53.19
1789,202206,46.93,125,52.34
1790,202266,10.29,124,52.39
1791,202368,104.23,125,53.53
1792,202464,56.67,125,53.87
1793,202608,19.49,125,53.24
1794,202734,-5.38,104,52.45
1795,202956,108.48,125,53.06
1796,203016,54.39,125,53.28
1797,203070,7.22,117,52.36
1798,203214,102.8,125,52.2
1799,203358,54.34,125,52.02
1800,203484,72.3,125,52.18
1801,203700,27.61,124,52.3
1802,203742,2.99,112,51.55
1803,203766,58.08,125,52.15
1804,203964,39.59,125,52.23
1805,204108,114.81,125,52.94
1806,204234,85.57,125,53.36
1807,204366,-0.46,111,53.19
1808,204492,79.49,125,52.89
1809,204516,97.28,125,53.4
1810,204714,57.09,125,53.58
1811,204858,125.49,125,54.2
1812,204984,86.13,125,54.02
1813,205092,-16.46,100,53.53
1814,205116,102.61,125,54.2
1815,205266,100.55,125,54.71
1816,205464,141.64,125,55.82
1817,205608,78.08,125,55.66
1818,205734,92.31,125,56.83
1819,205812,12.21,120,57.1
1820,205866,43.31,125,56.29
1821,206016,63.64,125,55.78
1822,206214,49.5,125,55.49
1823,206334,21.72,121,55.72
1824,206484,68.46,125,55.56
1825,206544,14.71,122,55.62
1826,206616,62.34,125,56.28
1827,206766,91.28,125,57.08
1828,206964,104.62,125,58.04
1829,207084,51.9,125,57.36
1830,207234,80.95,125,58.1
1831,207294,82.66,125,58.81
1832,207366,101.49,125,58.9
1833,207516,83.27,125,59.99
1834,207714,99.22,125,60.25
1835,207834,114.79,125,60.84
1836,207966,-3.22,112,60.44
1837,207984,73.61,125,61.04
1838,208116,135.52,125,62.19
1839,208266,130.0,125,63.49
1840,208464,51.42,125,63.09
1841,208584,46.83,125,62.33
1842,208716,126.95,125,63.58
1843,208734,101.41,125,63.89
1844,208866,68.71,125,64.48
1845,209016,172.36,125,65.63
1846,209214,45.63,125,66.02
1847,209334,114.29,125,67.46
1848,209466,18.47,125,66.89
1849,209484,80.81,125,66.68
1850,209616,108.61,125,67.17
1851,209766,156.92,125,68.03
1852,209814,-46.17,100,67.59
1853,209934,-34.6,100,66.29
1854,210066,-40.96,100,66.1
1855,210084,-33.83,100,65.07
1856,210366,59.01,125,65.65
1857,210414,-21.38,100,65.23
1858,210516,105.21,125,65.32
1859,210684,117.39,125,65.66
1860,210816,111.16,125,65.75
1861,210834,98.65,125,65.83
1862,210972,-8.86,101,66.16
1863,211164,13.03,125,65.74
1864,211242,13.52,121,64.92
1865,211290,-6.6,101,64.09
1866,211566,64.52,125,63.91
1867,211584,55.71,125,63.85
1868,211680,-5.11,118,62.77
1869,211914,159.79,125,63.68
1870,211992,76.83,125,64.0
1871,212040,150.0,125,64.4
1872,212316,83.21,125,64.47
1873,212334,70.07,125,64.61
1874,212430,137.04,125,65.51
1875,212514,-15.69,100,64.77
1876,212610,-1.5,103,64.6
1877,212790,62.79,125,63.96
1878,213066,117.54,125,65.5
1879,213084,52.25,125,65.43
1880,213180,36.36,125,65.04
1881,213264,145.61,125,65.85
1882,213270,-4.43,110,65.3
1883,213540,119.27,125,65.94
1884,213768,7.15,117,66.35
1885,213804,8.38,120,65.62
1886,213930,60.98,125,64.52
1887,214014,105.61,125,64.23
1888,214020,89.27,125,63.8
1889,214290,53.28,125,63.86
1890,214518,79.57,125,64.55
1891,214542,12.71,123,63.64
1892,214614,-31.61,100,62.76
1893,214680,83.15,125,63.39
1894,214770,16.05,125,63.61
1895,215040,47.9,125,63.0
1896,215196,6.24,113,62.52
1897,215292,102.57,125,63.47
1898,215364,38.5,125,62.83
1899,215430,66.12,125,62.95
1900,215520,123.83,125,63.46
1901,215790,49.82,125,63.69
1902,215946,77.78,125,64.43
1903,216042,153.21,125,65.38
1904,216114,82.12,125,65.81
1905,216120,-43.93,100,64.22
1906,216180,62.84,125,63.99
1907,216444,-4.13,109,63.96
1908,216666,-5.78,104,63.11
1909,216696,33.99,125,62.47
1910,216726,-9.61,101,61.81
1911,216864,147.27,125,62.02
1912,216930,28.93,125,61.45
1913,217194,70.15,125,62.32
1914,217266,-42.71,100,60.86
1915,217446,90.31,125,60.76
1916,217446,11.41,120,59.46
1917,217470,-3.66,101,58.64
1918,217626,1.36,116,57.73
1919,217944,144.53,125,59.06
1920,218016,52.25,125,59.15
1921,218196,80.51,125,59.31
1922,218196,100.62,125,59.83
1923,218220,175.86,125,61.37
1924,218376,80.0,125,61.48
1925,218544,-48.86,100,60.85
1926,218766,34.48,125,60.57
1927,218946,41.41,125,60.07
1928,218946,56.63,125,59.59
1929,218970,140.0,125,60.47
1930,219126,126.35,125,60.92
1931,219144,-26.77,100,59.83
1932,219516,89.39,125,59.71
1933,219552,-4.94,101,58.83
1934,219642,-4.96,112,57.78
1935,219696,87.7,125,57.51
1936,219876,100.0,125,58.55
1937,219894,93.15,125,58.74
1938,220230,9.03,119,57.48
1939,220302,28.21,125,56.46
1940,220380,19.45,123,56.14
1941,220446,65.44,125,56.33
1942,220494,-25.02,100,54.81
1943,220626,134.27,125,55.13
1944,220980,118.65,125,55.63
1945,221052,73.48,125,54.64
1946,221058,-4.69,113,54.14
1947,221196,96.26,125,53.96
1948,221226,-23.49,100,53.54
1949,221238,5.18,124,52.79
1950,221658,-35.7,100,51.34
1951,221730,114.84,125,50.92
1952,221778,9.31,121,51.48
1953,221802,-10.21,101,51.72
1954,221976,107.14,125,53.2
1955,221988,110.71,125,54.65
1956,222330,-37.72,100,53.68
1957,222390,-3.86,102,53.85
1958,222408,115.55,125,53.96
1959,222552,162.98,125,54.41
1960,222582,-5.26,101,53.25
1961,222738,121.9,125,53.48
1962,223080,123.73,125,54.81
1963,223140,141.61,125,56.09
1964,223158,81.82,125,56.78
1965,223302,105.67,125,57.9
1966,223332,129.03,125,58.54
1967,223488,109.39,125,59.08
1968,223830,76.0,125,59.89
1969,223890,104.33,125,59.34
1970,223908,100.0,125,59.57
1971,224052,95.12,125,59.02
1972,224082,54.23,125,58.73
1973,224238,126.28,125,59.29
1974,224580,130.48,125,59.23
1975,224634,12.47,124,59.51
1976,224658,188.39,125,61.41
1977,224682,-21.18,100,60.57
1978,224802,122.58,125,60.62
1979,224838,-46.48,100,59.63
1980,225330,118.43,125,60.45
1981,225384,157.46,125,60.57
1982,225402,-24.63,100,60.37
1983,225408,151.85,125,60.69
1984,225432,126.23,125,61.89
1985,225588,155.81,125,63.36
1986,226080,24.16,125,62.99
1987,226134,38.06,125,62.32
1988,226152,29.03,125,61.71
1989,226158,60.28,125,61.78
1990,226182,114.06,125,62.13
1991,226326,23.62,123,62.24
1992,226830,153.73,125,64.09
1993,226884,45.82,125,63.72
1994,226902,112.9,125,64.69
1995,226908,191.1,125,66.12
1996,226932,49.15,125,66.55
1997,227076,167.61,125,67.2
1998,227580,172.73,125,68.54
1999,227634,29.74,125,68.18
2000,227652,95.57,125,67.89
2001,227658,92.45,125,68.32
2002,227682,47.15,125,68.01
2003,227826,143.99,125,67.92
2004,228282,7.15,117,67.17
2005,228384,147.42,125,69.09
2006,228402,142.52,125,69.88
2007,228408,72.96,125,70.65
2008,228432,68.35,125,71.39
2009,228576,164.6,125,72.7
2010,228882,-39.56,100,72.4
2011,229134,93.77,125,71.87
2012,229152,41.08,125,71.99
2013,229158,79.93,125,72.09
2014,229182,53.34,125,73.05
2015,229326,139.06,125,73.53
2016,229548,3.79,111,73.46
2017,229758,-26.04,100,73.23
2018,229842,7.26,115,73.29
2019,229884,150.0,125,73.35
2020,229932,42.86,125,73.25
2021,230076,154.36,125,73.99
2022,230298,203.57,125,75.02
2023,230430,0.37,112,73.27
2024,230592,69.23,125,73.16
2025,230634,28.38,125,73.93
2026,230682,176.32,125,75.35
2027,230826,150.87,125,76.44
2028,231030,-16.0,100,75.72
2029,231042,49.09,124,74.81
2030,231342,134.11,125,74.89
2031,231360,5.01,121,75.2
2032,231432,147.46,125,75.78
2033,231576,143.59,125,77.27
2034,231780,161.44,125,78.93
2035,231792,198.8,125,80.04
2036,232014,-0.86,112,79.04
2037,232074,6.49,119,78.17
2038,232182,80.98,125,78.89
2039,232326,79.31,125,79.4
2040,232506,17.28,119,79.38
2041,232530,88.24,125,79.61
2042,232764,73.91,125,80.6
2043,232824,55.71,125,79.81
2044,232932,56.9,125,79.19
2045,233076,129.24,125,79.75
2046,233256,48.88,125,80.29
2047,233268,26.19,123,79.59
2048,233514,154.9,125,81.37
2049,233574,128.07,125,82.6
2050,233682,129.63,125,84.25
2051,233826,99.4,125,84.1
2052,234006,113.24,125,85.14
2053,234018,19.86,125,85.44
2054,234114,-58.72,100,83.78
2055,234324,153.16,125,84.2
2056,234432,87.1,125,85.45
2057,234576,114.05,125,86.63
2058,234624,-6.27,101,85.41
2059,234756,159.12,125,85.37
2060,234864,57.73,125,86.0
2061,235014,5.4,115,84.84
2062,235038,-10.51,101,83.5
2063,235182,-5.97,101,82.02
2064,235374,77.25,125,81.97
2065,235506,62.72,125,81.55
2066,235614,135.09,125,81.61
2067,235716,15.17,117,80.66
2068,235788,46.18,125,80.37
2069,235932,20.83,125,79.53
2070,236040,4.66,111,78.58
2071,236256,171.7,125,79.34
2072,236364,126.03,125,80.06
2073,236466,128.07,125,80.08
2074,236538,119.44,125,79.97
2075,236682,90.48,125,80.75
2076,236790,116.78,125,80.03
2077,237006,98.08,125,81.22
2078,237066,-16.3,100,79.84
2079,237114,114.94,125,81.45
2080,237288,130.77,125,81.57
2081,237432,89.1,125,80.89
2082,237540,71.14,125,81.85
2083,237756,38.04,125,80.71
2084,237816,125.23,125,80.7
2085,237864,8.2,125,79.22
2086,238038,83.91,125,79.82
2087,238182,84.4,125,80.28
2088,238290,153.47,125,81.53
2089,238416,-29.49,100,80.63
2090,238452,11.29,116,79.6
2091,238464,-20.74,100,79.16
2092,238788,10.39,125,77.73
2093,238896,-6.34,101,77.2
2094,238932,87.07,125,76.95
2095,239166,32.89,125,75.36
2096,239202,77.05,125,75.64
2097,239214,53.15,125,74.5
2098,239538,156.41,125,74.34
2099,239628,4.57,122,74.08
2100,239682,88.74,125,74.02
2101,239916,119.3,125,74.28
2102,239952,96.14,125,74.77
2103,239964,122.61,125,74.56
2104,240288,47.6,125,74.96
2105,240378,101.32,125,74.5
2106,240432,97.49,125,74.05
2107,240516,-46.42,100,72.86
2108,240552,-20.0,100,71.98
2109,240714,166.93,125,72.0
2110,241038,45.54,125,72.85
2111,241098,7.81,120,71.99
2112,241158,8.46,121,71.66
2113,241266,58.27,125,71.45
2114,241302,38.16,125,71.3
2115,241464,82.8,125,70.73
2116,241722,6.12,114,70.76
2117,241848,121.4,125,72.23
2118,241866,-16.51,100,71.99
2119,241908,44.13,125,70.93
2120,242052,147.31,125,71.98
2121,242064,-40.71,100,70.03
2122,242448,-11.16,100,67.88
2123,242472,46.34,125,68.34
2124,242616,88.62,125,68.53
2125,242658,126.62,125,69.52
2126,242802,60.14,125,68.36
2127,242814,127.64,125,68.12
2128,243198,77.57,125,69.06
2129,243222,150.0,125,70.07
2130,243258,-26.75,100,68.46
2131,243366,66.67,125,69.08
2132,243552,34.97,125,67.95
2133,243564,107.92,125,67.59
2134,243948,81.16,125,66.79
2135,243972,98.08,125,65.78
2136,244008,83.05,125,66.62
2137,244116,71.62,125,67.27
2138,244302,97.23,125,67.44
2139,244314,73.29,125,67.38
2140,244632,3.07,114,67.23
2141,244716,-38.35,100,65.97
2142,244722,113.59,125,66.37
2143,244758,49.07,125,66.3
2144,245052,4.09,125,65.77
2145,245064,148.2,125,65.96
2146,245382,63.57,125,66.11
2147,245466,82.48,125,66.67
2148,245472,125.93,125,66.38
2149,245508,81.52,125,65.92
2150,245706,-1.26,109,64.61
2151,245718,-3.87,109,63.57
2152,246132,15.54,125,62.6
2153,246216,109.09,125,63.49
2154,246222,92.31,125,65.0
2155,246258,65.61,125,64.12
2156,246414,14.15,118,63.39
2157,246468,81.51,125,63.07
2158,246732,-41.6,100,62.72
2159,246966,91.42,125,62.04
2160,246972,32.84,125,61.79
2161,247008,97.08,125,62.71
2162,247014,-48.75,100,62.32
2163,247218,44.41,125,62.83
2164,247482,62.54,125,62.68
2165,247716,73.61,125,62.79
2166,247722,71.23,125,62.15
2167,247758,186.26,125,63.86
2168,247764,80.89,125,64.21
2169,247968,70.28,125,64.7
2170,248232,43.34,125,65.09
2171,248466,106.67,125,64.44
2172,248472,119.05,125,64.37
2173,248508,87.97,125,63.97
2174,248514,57.14,125,63.35
2175,248718,69.06,125,63.13
2176,248982,140.31,125,63.37
2177,249216,145.42,125,63.84
2178,249222,9.03,125,64.09
2179,249246,22.25,122,63.17
2180,249258,13.33,125,61.99
2181,249468,74.6,125,61.85
2182,249732,102.49,125,62.16
2183,249966,147.52,125,63.26
2184,249972,189.06,125,63.89
2185,249984,30.24,121,64.12
2186,249996,56.15,125,63.84
2187,250218,119.78,125,64.19
2188,250332,-40.26,100,62.25
2189,250596,-24.64,100,62.3
2190,250716,47.06,125,62.66
2191,250722,93.98,125,63.81
2192,250734,85.87,125,64.56
2193,250968,102.05,125,65.65
2194,251082,42.86,125,65.2
2195,251196,-51.53,100,64.36
2196,251466,102.9,125,64.62
2197,251466,0.5,124,64.09
2198,251484,147.46,125,64.0
2199,251718,82.46,125,64.78
2200,251832,76.92,125,64.66
2201,251946,56.67,125,64.04
2202,252066,-24.49,100,62.83
2203,252096,-2.75,105,61.58
2204,252234,59.74,125,61.7
2205,252468,119.27,125,61.88
2206,252582,169.23,125,62.59
2207,252696,69.55,125,63.75
2208,252816,39.68,125,64.35
2209,252846,131.29,125,64.0
2210,252984,94.72,125,64.49
2211,253218,211.28,125,66.52
2212,253296,-29.89,100,66.14
2213,253332,130.45,125,66.86
2214,253566,100.61,125,67.48
2215,253596,70.07,125,67.36
2216,253734,128.96,125,68.59
2217,253968,89.96,125,68.27
2218,254046,113.52,125,69.57
2219,254082,85.43,125,69.98
2220,254316,85.95,125,69.37
2221,254346,80.27,125,70.58
2222,254484,100.67,125,71.7
2223,254718,12.17,125,71.36
2224,254796,45.21,125,70.92
2225,254832,100.0,125,70.66
2226,255066,138.46,125,71.44
2227,255096,68.58,125,70.85
2228,255234,35.52,125,70.43
2229,255468,66.67,125,69.6
2230,255546,105.88,125,70.92
2231,255582,97.84,125,71.23
2232,255816,112.42,125,72.01
2233,255846,95.58,125,71.88
2234,255984,159.54,125,72.67
2235,256212,2.73,111,71.72
2236,256218,76.69,125,71.65
2237,256332,113.48,125,72.07
2238,256566,204.83,125,73.15
2239,256584,-13.08,100,72.28
2240,256596,68.73,125,72.94
2241,256962,102.95,125,74.35
2242,256968,68.79,125,73.9
2243,257058,18.18,121,73.6
2244,257286,4.99,115,73.6
2245,257316,116.39,125,73.29
2246,257334,117.79,125,73.83
2247,257712,12.54,125,73.13
2248,257718,144.6,125,73.32
2249,257808,22.02,125,72.72
2250,258036,69.68,125,73.43
2251,258066,105.36,125,74.52
2252,258084,131.75,125,75.68
2253,258462,139.44,125,75.99
2254,258468,137.29,125,76.44
2255,258558,28.68,125,76.07
2256,258786,69.01,125,76.62
2257,258798,9.86,119,75.9
2258,258816,120.97,125,77.53
2259,259098,-3.63,106,76.58
2260,259218,125.49,125,77.5
2261,259308,68.35,125,77.22
2262,259416,-33.68,100,77.37
2263,259536,21.0,125,77.13
2264,259548,113.29,125,77.64
2265,259848,152.63,125,78.43
2266,259968,73.29,125,78.45
2267,260058,126.48,125,77.85
2268,260130,1.35,119,77.06
2269,260244,13.71,118,76.49
2270,260298,7.28,125,76.13
2271,260598,143.82,125,76.5
2272,260688,-1.72,120,75.29
2273,260808,161.19,125,76.03
2274,260880,104.23,125,76.5
2275,260994,73.76,125,76.54
2276,261048,131.03,125,76.45
2277,261348,111.41,125,76.11
2278,261438,54.36,125,76.56
2279,261480,-16.09,100,76.18
2280,261558,45.45,125,76.5
2281,261744,123.94,125,77.0
2282,261798,118.54,125,77.16
2283,262098,84.12,125,76.52
2284,262188,152.92,125,76.16
2285,262230,92.05,125,76.78
2286,262308,104.08,125,77.26
2287,262494,85.06,125,76.91
2288,262548,143.73,125,78.75
2289,262848,128.0,125,80.28
2290,262938,144.36,125,81.25
2291,262980,19.05,125,80.5
2292,263040,16.04,122,79.8
2293,263244,87.3,125,79.66
2294,263298,106.52,125,80.29
2295,263598,80.65,125,81.61
2296,263688,137.79,125,81.96
2297,263730,149.04,125,83.45
2298,263790,99.35,125,82.97
2299,263994,101.43,125,83.16
2300,264048,118.87,125,83.58
2301,264348,133.13,125,84.34
2302,264438,152.71,125,86.11
2303,264480,101.34,125,87.15
2304,264540,69.55,125,87.25
2305,264678,-0.01,114,86.06
2306,264798,137.46,125,85.74
2307,265098,64.57,125,85.69
2308,265188,20.14,125,85.5
2309,265230,132.47,125,85.51
2310,265290,103.33,125,85.59
2311,265398,-17.73,100,83.3
2312,265428,170.92,125,85.31
2313,265848,-0.15,125,84.01
2314,265938,140.14,125,84.4
2315,265980,20.12,125,83.9
2316,266040,120.59,125,83.82
2317,266148,81.55,125,83.73
2318,266178,154.75,125,84.15
2319,266598,88.31,125,84.17
2320,266688,96.01,125,84.28
2321,266730,123.11,125,84.7
2322,266748,-24.22,100,83.45
2323,266790,44.83,125,83.78
2324,266928,47.26,125,83.8
2325,267288,-18.16,100,82.62
2326,267348,109.96,125,82.34
2327,267480,41.21,125,82.06
2328,267498,161.65,125,83.32
2329,267540,116.31,125,83.82
2330,267678,161.82,125,84.38
2331,268038,108.03,125,84.48
2332,268098,108.79,125,84.44
2333,268230,122.22,125,84.71
2334,268248,91.22,125,84.03
2335,268290,88.85,125,84.89
2336,268428,130.22,125,85.42
2337,268788,124.26,125,85.53
2338,268848,144.83,125,84.93
2339,268980,102.85,125,86.09
2340,268998,27.98,125,85.68
2341,269040,155.24,125,86.21
2342,269178,34.9,125,85.87
2343,269394,-4.64,101,85.64
2344,269598,99.35,125,86.58
2345,269730,126.8,125,86.69
2346,269736,15.5,116,85.66
2347,269748,35.59,125,85.89
2348,269928,94.54,125,85.39
2349,270144,31.61,125,85.49
2350,270336,-12.73,100,84.67
2351,270348,76.85,125,84.38
2352,270480,35.14,125,83.41
2353,270498,121.83,125,83.24
2354,270528,-37.65,100,81.49
2355,270894,102.25,125,82.22
2356,271086,47.15,125,82.01
2357,271098,78.13,125,82.69
2358,271230,33.55,125,81.81
2359,271248,59.32,125,82.44
2360,271278,87.1,125,82.06
2361,271644,103.17,125,82.41
2362,271836,98.68,125,83.73
2363,271848,119.35,125,84.72
2364,271980,100.0,125,84.58
2365,271998,79.57,125,83.85
2366,272028,108.46,125,84.2
2367,272394,136.56,125,84.3
2368,272586,94.72,125,85.24
2369,272598,80.18,125,85.9
2370,272598,-26.04,100,85.57
2371,272634,-8.03,101,84.05
2372,272730,67.21,125,84.74
2373,273144,98.65,125,84.12
2374,273336,104.95,125,84.12
2375,273348,162.46,125,85.01
2376,273348,61.07,125,84.31
2377,273384,111.92,125,84.31
2378,273480,84.56,125,84.62
2379,273894,123.73,125,86.02
2380,274086,72.64,125,86.29
2381,274098,43.37,125,85.48
2382,274098,102.85,125,85.32
2383,274134,158.74,125,86.07
2384,274230,89.29,125,85.43
2385,274644,137.01,125,85.88
2386,274824,3.06,115,84.87
2387,274836,28.03,125,84.3
2388,274848,89.19,125,83.76
2389,274848,82.76,125,83.31
2390,274980,74.6,125,82.61
2391,275394,104.95,125,83.47
2392,275574,97.76,125,84.28
2393,275580,-0.69,124,83.4
2394,275598,107.02,125,83.41
2395,275598,87.92,125,83.48
2396,275688,8.25,118,82.19
2397,275994,-58.06,100,80.12
2398,276324,51.82,125,79.64
2399,276330,64.98,125,79.28
2400,276348,103.23,125,79.12
2401,276348,86.5,125,78.65
2402,276438,96.55,125,78.09
2403,276744,93.43,125,78.01
2404,277074,120.08,125,78.52
2405,277080,91.22,125,79.43
2406,277098,26.58,125,78.32
2407,277098,11.44,125,77.79
2408,277188,93.77,125,78.53
2409,277494,111.07,125,78.31
2410,277680,-42.96,100,76.85
2411,277824,102.75,125,78.05
2412,277848,129.89,125,77.64
2413,277848,125.09,125,78.9
2414,277938,96.61,125,78.46
2415,278244,133.22,125,79.59
2416,278424,-64.44,100,77.74
2417,278430,105.97,125,77.99
2418,278598,122.22,125,77.66
2419,278598,85.05,125,77.63
2420,278688,115.75,125,77.82
2421,278994,124.3,125,77.84
2422,279174,102.13,125,79.1
2423,279180,38.79,125,79.04
2424,279348,92.55,125,79.49
2425,279348,128.07,125,80.96
2426,279438,126.92,125,81.12
2427,279678,16.74,114,80.88
2428,279900,30.32,120,79.57
2429,279924,74.05,125,79.14
2430,279948,-32.12,100,77.2
2431,280098,64.95,125,76.77
2432,280188,44.65,125,76.13
2433,280428,139.22,125,76.3
2434,280650,148.18,125,76.87
2435,280674,110.33,125,77.09
2436,280698,52.6,125,76.31
2437,280848,101.28,125,76.08
2438,280938,120.08,125,75.83
2439,281178,121.05,125,76.02
2440,281400,53.37,125,76.27
2441,281424,53.09,125,75.25
2442,281448,125.3,125,76.15
2443,281520,11.12,112,76.31
2444,281664,26.75,121,75.58
2445,281928,147.23,125,75.79
2446,282150,148.34,125,77.12
2447,282174,82.86,125,77.59
2448,282198,182.47,125,78.47
2449,282270,151.94,125,79.67
2450,282414,129.93,125,81.1
2451,282678,101.34,125,81.34
2452,282822,0.68,112,81.0
2453,282924,57.89,125,80.36
2454,282948,112.62,125,81.86
2455,283020,98.02,125,81.82
2456,283164,137.23,125,82.72
2457,283428,87.5,125,82.81
2458,283524,-27.96,100,82.2
2459,283572,115.49,125,82.76
2460,283620,-13.39,100,81.76
2461,283698,37.93,125,81.1
2462,283914,111.11,125,81.23
2463,284178,68.28,125,80.72
2464,284220,-13.33,100,79.58
2465,284274,120.34,125,79.99
2466,284322,118.54,125,80.09
2467,284448,148.39,125,80.21
2468,284664,169.23,125,80.96
2469,284922,-30.38,100,79.85
2470,284928,41.26,125,80.52
2471,284970,125.93,125,81.86
2472,285024,101.37,125,82.2
2473,285198,194.57,125,83.16
2474,285318,0.03,109,82.11
2475,285672,119.59,125,81.69
2476,285678,53.85,125,81.61
2477,285714,19.08,124,80.68
2478,285774,84.85,125,80.69
2479,285948,73.91,125,80.19
2480,286068,111.54,125,80.58
2481,286314,-30.0,100,79.84
2482,286422,76.08,125,79.58
2483,286428,136.11,125,79.35
2484,286434,2.91,110,78.49
2485,286698,122.22,125,78.34
2486,286818,41.41,125,78.72
2487,287034,14.39,120,78.59
2488,287172,72.88,125,78.42
2489,287178,141.94,125,79.01
2490,287184,48.55,125,78.75
2491,287424,11.4,121,77.82
2492,287568,127.12,125,78.11
2493,287784,101.22,125,79.13
2494,287922,67.83,125,78.74
2495,287928,21.88,125,78.08
2496,287934,55.48,125,78.55
2497,288174,24.1,125,79.37
2498,288318,103.64,125,79.89
2499,288516,-0.61,122,79.24
2500,288672,136.93,125,79.57
2501,288678,104.46,125,79.75
2502,288684,77.08,125,79.56
2503,288924,129.45,125,79.92
2504,289068,48.26,125,79.2
2505,289158,-3.97,107,78.25
2506,289422,183.69,125,79.82
2507,289428,118.64,125,80.89
2508,289434,142.65,125,81.38
2509,289674,74.85,125,81.02
2510,289818,79.1,125,82.24
2511,289908,133.96,125,82.55
2512,290172,143.67,125,82.69
2513,290178,87.73,125,82.31
2514,290184,54.39,125,81.89
2515,290424,109.46,125,81.65
2516,290448,-1.72,105,82.28
2517,290658,119.42,125,82.42
2518,290922,45.83,125,81.65
2519,290928,8.77,125,80.89
2520,290934,151.97,125,81.25
2521,291174,23.51,125,80.24
2522,291198,85.45,125,80.08
2523,291408,95.65,125,80.65
2524,291576,-1.94,108,79.7
2525,291672,109.79,125,79.52
2526,291684,29.25,125,78.54
2527,291798,-40.43,100,77.97
2528,291924,32.4,125,77.99
2529,292158,42.37,125,77.67
2530,292326,104.78,125,79.04
2531,292422,128.87,125,79.68
2532,292434,103.7,125,80.27
2533,292548,143.73,125,80.32
2534,292674,101.95,125,79.86
2535,292908,88.15,125,79.63
2536,292926,-52.79,100,78.58
2537,293148,-52.7,100,77.04
2538,293172,30.87,125,76.15
2539,293184,74.45,125,75.68
2540,293424,170.36,125,76.85
2541,293658,157.58,125,77.9
2542,293676,16.72,125,76.81
2543,293784,-19.93,100,76.5
2544,293898,110.7,125,77.34
2545,293922,79.31,125,76.66
2546,294174,67.86,125,75.86
2547,294408,115.91,125,76.19
2548,294426,79.58,125,75.16
2549,294522,-36.33,100,73.27
2550,294534,71.88,125,72.69
2551,294648,102.21,125,72.7
2552,294924,53.85,125,73.23
2553,295158,121.43,125,73.87
2554,295176,98.47,125,73.73
2555,295272,132.82,125,74.08
2556,295284,79.93,125,73.5
2557,295398,143.42,125,74.06
2558,295674,67.79,125,75.02
2559,295908,60.28,125,74.47
2560,295926,60.0,125,75.2
2561,296022,115.49,125,75.98
2562,296034,147.01,125,76.34
2563,296148,105.21,125,76.71
2564,296424,77.18,125,77.61
2565,296634,-40.57,100,76.0
2566,296658,35.8,125,75.17
2567,296676,67.88,125,74.37
2568,296772,60.77,125,73.28
2569,296898,57.43,125,74.16
2570,297024,-37.52,100,73.37
2571,297318,2.91,110,72.14
2572,297384,92.31,125,72.05
2573,297426,63.54,125,70.74
2574,297522,75.63,125,71.5
2575,297540,1.36,107,70.32
2576,297774,59.57,125,70.37
2577,298068,172.73,125,71.91
2578,298134,29.36,125,71.36
2579,298176,59.44,125,71.21
2580,298272,87.73,125,70.97
2581,298290,98.08,125,72.25
2582,298374,-46.1,100,71.03
2583,298818,46.43,125,70.14
2584,298884,48.04,125,70.59
2585,298890,-22.18,100,69.14
2586,298926,87.3,125,69.6
2587,298938,5.14,111,69.51
2588,299040,5.75,111,68.84
2589,299490,-13.33,100,67.29
2590,299568,64.79,125,67.45
2591,299634,135.92,125,68.69
2592,299676,14.48,125,67.57
2593,299688,121.82,125,67.77
2594,299790,83.45,125,67.93
2595,300090,-32.22,100,67.39
2596,300282,7.23,108,66.91
2597,300318,96.97,125,67.63
2598,300426,50.29,125,67.1
2599,300438,47.17,125,67.58
2600,300540,128.87,125,67.5
2601,300840,140.92,125,67.86
2602,301032,84.56,125,67.94
2603,301068,96.83,125,67.61
2604,301146,8.58,120,67.21
2605,301188,102.85,125,68.28
2606,301290,84.93,125,67.29
2607,301590,38.41,125,66.49
2608,301782,23.08,125,65.3
2609,301818,44.83,125,65.0
2610,301896,51.43,125,64.72
2611,301938,128.87,125,64.67
2612,302040,58.78,125,63.82
2613,302340,77.02,125,63.71
2614,302442,-1.11,104,63.16
2615,302526,-0.86,105,62.05
2616,302532,181.59,125,63.89
2617,302688,79.56,125,63.49
2618,302790,94.54,125,63.98
2619,303090,35.89,125,64.25
2620,303168,20.26,121,62.93
2621,303276,124.03,125,63.94
2622,303282,91.82,125,64.0
2623,303438,112.54,125,64.17
2624,303540,97.76,125,65.17
2625,303774,26.83,114,64.34
2626,303882,1.92,119,64.06
2627,304026,32.08,125,64.79
2628,304032,31.76,125,64.78
2629,304044,-7.0,101,64.29
2630,304290,45.99,125,63.7
2631,304524,47.8,125,62.89
2632,304632,84.0,125,62.69
2633,304776,23.75,125,61.49
2634,304782,68.71,125,61.16
2635,304794,72.28,125,61.0
2636,304926,3.34,106,61.56
2637,305274,166.25,125,63.75
2638,305382,74.55,125,64.19
2639,305526,-14.48,100,63.3
2640,305526,121.05,125,62.81
2641,305532,85.9,125,62.09
2642,305544,145.55,125,63.38
2643,306024,142.42,125,65.0
2644,306132,-4.64,101,63.85
2645,306132,117.69,125,64.23
2646,306276,97.99,125,64.53
2647,306282,45.06,125,63.82
2648,306294,76.08,125,63.79
2649,306624,-42.55,100,63.73
2650,306882,29.69,125,63.3
2651,306882,80.81,125,63.09
2652,307026,57.58,125,63.13
2653,307032,130.5,125,63.22
2654,307044,165.87,125,63.89
2655,307224,-22.69,100,62.34
2656,307512,-2.73,105,61.51
2657,307632,74.92,125,60.83
2658,307644,-3.17,102,60.12
2659,307776,132.47,125,60.84
2660,307794,137.76,125,61.62
2661,307824,-25.65,100,60.2
2662,308262,137.62,125,60.11
2663,308328,22.58,116,59.28
2664,308376,-25.68,100,58.26
2665,308394,118.52,125,59.85
2666,308544,156.7,125,61.06
2667,308574,38.47,125,60.76
2668,308928,-46.04,100,59.69
2669,309012,157.35,125,60.69
2670,309078,39.51,117,61.46
2671,309144,142.62,125,62.86
2672,309294,118.98,125,63.13
2673,309324,106.7,125,63.56
2674,309678,130.51,125,64.11
2675,309762,89.44,125,64.99
2676,309828,104.86,125,65.44
2677,309894,108.2,125,64.8
2678,309990,14.47,116,64.65
2679,310074,37.55,125,64.43
2680,310428,133.11,125,64.88
2681,310512,137.95,125,65.28
2682,310578,124.03,125,66.98
2683,310644,176.52,125,68.28
2684,310740,134.48,125,69.15
2685,310758,-0.29,114,69.37
2686,311178,136.67,125,69.86
2687,311262,12.84,125,69.94
2688,311328,19.5,125,70.07
2689,311394,124.33,125,71.45
2690,311490,91.49,125,71.72
2691,311508,190.57,125,72.26
2692,311928,62.25,125,72.74
2693,311994,-10.3,100,71.42
2694,312012,78.34,125,71.37
2695,312078,86.62,125,72.56
2696,312240,108.48,125,73.57
2697,312258,51.41,125,73.11
2698,312534,-2.75,101,72.58
2699,312612,-17.65,100,71.94
2700,312744,139.26,125,72.04
2701,312828,150.94,125,72.14
2702,312912,-5.5,109,71.24
2703,312990,98.65,125,71.26
2704,313284,149.13,125,72.66
2705,313362,145.73,125,73.09
2706,313494,147.42,125,73.72
2707,313578,139.84,125,74.73
2708,313662,21.11,125,74.71
2709,313740,15.72,125,74.42
2710,314034,26.44,125,74.17
2711,314112,132.92,125,74.21
2712,314244,59.57,125,74.22
2713,314328,75.65,125,74.21
2714,314370,11.21,118,74.33
2715,314490,23.94,125,74.58
2716,314784,119.05,125,73.95
2717,314844,-24.62,100,72.91
2718,314862,85.53,125,72.82
2719,315078,52.6,125,72.99
2720,315120,163.33,125,74.42
2721,315240,61.4,125,73.79
2722,315534,88.85,125,73.76
2723,315594,178.52,125,74.42
2724,315612,150.95,125,74.95
2725,315684,-8.64,101,74.6
2726,315870,74.9,125,75.33
2727,315990,23.78,125,75.25
2728,316134,-50.25,100,74.43
2729,316206,-2.75,102,74.47
2730,316362,150.94,125,75.52
2731,316434,15.02,125,75.19
2732,316620,167.4,125,76.02
2733,316740,47.17,125,76.26
2734,316884,42.29,125,75.99
2735,316956,150.0,125,76.77
2736,317112,42.38,125,77.16
2737,317184,72.76,125,76.23
2738,317370,64.67,125,76.13
2739,317490,107.83,125,77.35
2740,317634,162.36,125,77.76
2741,317706,124.83,125,78.15
2742,317862,115.75,125,77.86
2743,317934,108.19,125,77.51
2744,318120,21.95,125,77.78
2745,318240,171.78,125,78.32
2746,318384,137.93,125,78.72
2747,318456,134.9,125,79.62
2748,318612,7.02,125,78.93
2749,318684,192.31,125,81.28
2750,318870,151.77,125,82.5
2751,318990,209.24,125,83.78
2752,319134,173.81,125,84.94
2753,319206,115.83,125,84.8
2754,319314,-2.37,117,83.11
2755,319434,166.67,125,85.01
2756,319620,61.39,125,85.65
2757,319740,173.93,125,86.64
2758,319884,42.39,125,87.09
2759,319956,132.79,125,87.1
2760,320064,29.14,125,86.01
2761,320184,125.59,125,87.52
2762,320370,135.29,125,87.5
2763,320490,22.45,125,87.5
2764,320538,-1.78,109,87.74
2765,320706,97.57,125,87.53
2766,320814,137.76,125,87.34
2767,320934,34.55,125,87.3
2768,321120,167.4,125,89.43
2769,321240,84.85,125,88.71
2770,321288,153.42,125,89.85
2771,321306,-25.02,100,88.17
2772,321414,-15.69,100,86.82
2773,321684,111.47,125,86.87
2774,321870,47.89,125,86.05
2775,321990,198.8,125,87.14
2776,322038,150.0,125,87.59
2777,322056,179.07,125,88.3
2778,322164,147.42,125,89.63
2779,322434,195.08,125,91.2
2780,322470,-18.85,100,89.69
2781,322740,141.98,125,89.73
2782,322788,113.77,125,89.62
2783,322806,134.43,125,89.2
2784,322914,147.71,125,89.33
2785,323184,20.81,125,89.55
2786,323220,50.33,125,88.68
2787,323466,5.53,110,88.61
2788,323490,106.77,125,89.48
2789,323538,135.69,125,89.6
2790,323664,101.99,125,89.7
2791,323934,156.97,125,89.36
2792,323970,101.86,125,89.76
2793,324216,118.13,125,91.04
2794,324240,144.36,125,91.7
2795,324288,123.02,125,92.07
2796,324414,100.61,125,91.99
2797,324684,148.39,125,92.96
2798,324720,40.29,125,93.39
2799,324942,2.8,109,93.59
2800,324960,27.19,124,92.47
2801,324990,155.81,125,92.52
2802,325164,139.06,125,93.97
2803,325434,161.04,125,94.59
2804,325470,143.82,125,94.54
2805,325692,134.43,125,94.43
2806,325710,153.13,125,94.48
2807,325740,32.01,125,93.4
2808,325914,150.0,125,94.69
2809,326184,104.33,125,95.58
2810,326220,149.15,125,96.81
2811,326442,70.21,125,96.18
2812,326460,64.34,125,96.23
2813,326490,197.49,125,97.45
2814,326664,219.7,125,99.53
2815,326784,-19.09,100,99.1
2816,326970,206.27,125,99.97
2817,327192,45.23,125,100.67
2818,327210,133.55,125,101.15
2819,327240,210.34,125,102.73
2820,327384,-15.09,100,100.94
2821,327414,152.63,125,101.86
2822,327666,7.48,116,101.04
2823,327942,103.17,125,100.29
2824,327960,74.83,125,99.53
2825,327990,107.36,125,100.69
2826,328134,39.78,125,100.34
2827,328164,144.83,125,101.55
2828,328416,136.93,125,103.42
2829,328632,5.97,115,103.51
2830,328710,143.9,125,103.44
2831,328740,79.01,125,104.08
2832,328884,86.27,125,103.27
2833,328914,213.53,125,104.93
2834,329166,183.74,125,106.34
2835,329364,28.38,122,105.13
2836,329460,128.07,125,105.98
2837,329490,135.85,125,106.61
2838,329634,36.22,125,106.33
2839,329664,104.08,125,106.29
2840,329916,87.27,125,105.54
2841,330114,143.15,125,105.73
2842,330210,145.42,125,106.02
2843,330240,68.12,125,105.62
2844,330384,152.6,125,106.93
2845,330414,74.24,125,105.95
2846,330666,153.97,125,106.11
2847,330810,-55.46,100,104.21
2848,330864,30.91,125,104.45
2849,330990,173.06,125,104.26
2850,331134,127.42,125,104.01
2851,331164,118.75,125,103.11
2852,331416,84.78,125,102.22
2853,331560,150.0,125,102.56
2854,331590,-29.66,100,102.29
2855,331614,188.39,125,102.5
2856,331884,110.69,125,103.0
2857,331914,161.59,125,102.87
2858,332166,30.6,125,102.75
2859,332310,96.43,125,102.39
2860,332340,51.32,125,102.61
2861,332364,158.17,125,102.94
2862,332634,200.97,125,103.6
2863,332664,171.74,125,105.09
2864,332916,63.76,125,105.74
2865,332964,-75.46,100,104.01
2866,333060,60.0,125,103.24
2867,333090,203.45,125,104.92
2868,333378,8.79,119,103.34
2869,333384,87.94,125,103.37
2870,333624,13.13,118,101.97
2871,333714,44.1,125,102.66
2872,333810,104.23,125,103.86
2873,333840,112.12,125,103.86
2874,334128,122.22,125,104.61
2875,334134,156.85,125,104.19
2876,334374,165.43,125,104.34
2877,334464,58.09,125,103.13
2878,334530,12.7,120,101.78
2879,334590,157.35,125,101.41
2880,334782,1.63,109,101.61
2881,334884,101.95,125,101.21
2882,334980,-8.07,101,99.99
2883,335214,92.31,125,99.57
2884,335274,9.54,114,98.19
2885,335280,35.42,125,98.34
2886,335484,-27.55,100,97.56
2887,335532,73.47,125,98.24
2888,335730,30.57,125,97.48
2889,335958,31.23,124,96.43
2890,336024,136.84,125,96.78
2891,336030,43.91,125,95.65
2892,336234,26.09,125,94.89
2893,336282,157.14,125,95.28
2894,336480,122.61,125,95.06
2895,336558,-28.12,100,93.55
2896,336774,54.57,125,93.09
2897,336780,30.58,125,91.91
2898,336984,59.76,125,92.11
2899,337032,164.08,125,93.72
2900,337080,-12.14,100,93.33
2901,337308,13.28,125,91.9
2902,337380,-28.89,100,90.22
2903,337524,37.81,125,88.99
2904,337590,-8.07,101,87.47
2905,337782,171.55,125,87.84
2906,337830,96.77,125,87.28
2907,338058,25.0,125,87.21
2908,338112,29.81,122,86.01
2909,338208,11.34,114,85.08
2910,338340,19.76,125,83.78
2911,338412,-2.37,105,83.06
2912,338430,-60.16,100,81.81
2913,338808,89.66,125,80.73
2914,338862,177.34,125,80.31
2915,338958,39.53,125,80.9
2916,339030,-18.57,100,78.65
2917,339090,40.29,125,78.6
2918,339162,78.22,125,78.05
2919,339558,140.51,125,77.35
2920,339558,-15.26,100,77.35
2921,339612,158.99,125,77.41
2922,339690,-31.77,100,77.02
2923,339780,127.12,125,77.26
2924,339798,-4.3,106,76.47
2925,340308,152.43,125,76.92
2926,340308,58.58,125,77.1
2927,340362,80.98,125,76.47
2928,340440,136.56,125,76.46
2929,340506,29.1,121,76.69
2930,340548,118.12,125,76.44
2931,340968,-10.62,101,75.54
2932,341058,31.61,125,74.99
2933,341058,197.1,125,74.83
2934,341148,-22.11,100,72.77
2935,341190,18.32,125,72.67
2936,341256,65.05,125,72.04
2937,341718,34.99,125,71.03
2938,341796,-7.0,101,70.6
2939,341808,139.44,125,70.95
2940,341808,177.37,125,71.85
2941,341898,181.97,125,72.24
2942,342006,115.55,125,71.94
2943,342378,-2.97,110,71.23
2944,342546,84.93,125,70.55
2945,342558,99.29,125,70.8
2946,342558,71.27,125,69.98
2947,342648,54.11,125,71.07
2948,342756,66.08,125,71.43
2949,343128,108.96,125,70.78
2950,343296,133.9,125,70.85
2951,343308,129.24,125,70.95
2952,343308,64.2,125,70.75
2953,343356,-36.04,100,68.89
2954,343398,134.66,125,70.53
2955,343854,8.26,121,68.73
2956,344046,119.93,125,68.82
2957,344058,130.45,125,68.51
2958,344058,85.3,125,69.06
2959,344106,131.03,125,69.4
2960,344148,103.28,125,69.92
2961,344604,84.21,125,69.18
2962,344652,-7.41,101,67.1
2963,344808,62.45,125,66.01
2964,344808,93.65,125,66.31
2965,344856,58.22,125,67.64
2966,344898,135.48,125,68.4
2967,345204,-25.95,100,66.1
2968,345402,116.98,125,67.19
2969,345540,1.13,122,66.32
2970,345558,45.83,125,66.64
2971,345606,31.15,125,66.51
2972,345648,17.65,125,65.65
2973,345954,92.81,125,65.46
2974,346002,-47.18,100,63.76
2975,346290,131.94,125,63.51
2976,346308,53.85,125,62.4
2977,346356,117.82,125,62.99
2978,346398,101.34,125,63.88
2979,346554,-25.74,100,62.05
2980,346752,111.07,125,63.14
2981,346890,-34.79,100,61.78
2982,347058,2.0,110,61.88
2983,347058,147.39,125,62.43
2984,347106,211.36,125,64.45
2985,347154,-42.98,100,63.66
2986,347502,143.45,125,65.37
2987,347640,160.56,125,66.24
2988,347658,-26.77,100,65.67
2989,347718,-3.86,102,65.32
2990,347808,200.72,125,65.96
2991,347904,145.28,125,66.97
2992,348252,29.69,125,67.01
2993,348390,85.9,125,66.3
2994,348408,82.14,125,65.89
2995,348468,52.29,125,66.69
2996,348558,121.09,125,67.36
2997,348654,117.08,125,68.22
2998,349002,58.54,125,68.21
2999,349068,-2.5,110,66.55
3000,349140,119.93,125,67.87
3001,349218,19.87,125,67.93
3002,349254,-62.37,100,67.6
3003,349308,143.9,125,68.66
3004,349602,-20.83,100,68.53
3005,349740,-12.43,100,66.69
3006,349818,31.77,125,66.04
3007,349854,-33.33,100,65.46
3008,349968,126.28,125,66.42
3009,350058,59.32,125,66.9
3010,350352,70.45,125,67.41
3011,350490,151.75,125,68.95
3012,350568,38.61,125,69.94
3013,350568,-16.53,100,68.88
3014,350604,71.72,125,67.82
3015,350808,56.86,125,67.99
3016,351090,-27.02,100,67.91
3017,351102,131.03,125,68.82
3018,351318,129.68,125,69.33
3019,351318,133.08,125,69.26
3020,351354,106.9,125,70.48
3021,351558,50.35,125,69.39
3022,351840,138.6,125,71.1
3023,351852,112.45,125,70.95
3024,352068,28.03,125,71.27
3025,352068,107.03,125,70.82
3026,352098,21.29,124,70.45
3027,352308,87.5,125,70.51
3028,352440,-20.99,100,68.94
3029,352452,-25.16,100,68.39
3030,352818,148.28,125,68.69
3031,352818,117.39,125,69.97
3032,352848,48.94,125,70.15
3033,353058,72.16,125,68.9
3034,353082,-3.41,107,69.09
3035,353202,182.76,125,70.73
3036,353418,-23.34,100,69.85
3037,353448,-19.51,100,69.3
3038,353568,185.71,125,71.23
3039,353808,112.54,125,70.96
3040,353832,40.98,125,69.6
3041,353952,62.54,125,68.4
3042,354168,149.13,125,68.74
3043,354198,4.43,125,68.81
3044,354318,27.09,125,68.23
3045,354408,-24.44,100,67.0
3046,354582,103.82,125,67.32
3047,354702,36.78,125,67.15
3048,354852,4.6,109,66.53
3049,354918,94.54,125,66.39
3050,355068,60.28,125,65.65
3051,355158,160.71,125,65.97
3052,355332,24.2,125,65.57
3053,355386,0.01,114,65.93
3054,355452,-34.7,100,64.23
3055,355668,116.72,125,65.32
3056,355764,-7.15,101,64.05
3057,355818,31.76,125,63.06
3058,355986,-47.63,100,61.73
3059,356082,75.49,125,61.18
3060,356190,41.6,123,60.56
3061,356364,-45.96,100,59.26
3062,356418,178.43,125,61.12
3063,356568,137.79,125,61.87
3064,356670,8.8,114,61.02
3065,356832,125.71,125,61.7
3066,356940,170.27,125,62.04
3067,357114,156.67,125,63.87
3068,357168,24.73,125,62.95
3069,357318,117.39,125,64.11
3070,357420,29.15,125,63.94
3071,357540,-25.85,100,63.37
3072,357582,46.34,125,63.66
3073,357864,72.66,125,63.46
3074,357918,12.92,125,64.06
3075,358068,54.06,125,63.28
3076,358170,-3.35,105,62.71
3077,358170,105.39,125,62.58
3078,358332,15.11,125,61.72
3079,358614,97.53,125,62.95
3080,358668,-19.72,100,61.65
3081,358668,24.59,125,62.24
3082,358770,-42.0,100,61.8
3083,358776,-7.63,101,60.25
3084,359082,146.43,125,59.6
3085,359214,-44.41,100,59.59
3086,359298,-1.72,105,58.14
3087,359388,23.34,120,56.76
3088,359520,144.9,125,58.48
3089,359526,89.66,125,59.41
3090,359814,-67.22,100,56.74
3091,359832,88.5,125,56.17
3092,360048,49.07,125,56.36
3093,360120,-55.86,100,54.94
3094,360138,101.32,125,55.14
3095,360276,51.32,125,55.13
3096,360564,59.87,125,54.51
3097,360582,78.04,125,54.12
3098,360660,-2.02,102,53.52
3099,360870,125.17,125,54.79
3100,360888,138.71,125,54.98
3101,361026,61.76,125,55.4
3102,361314,128.78,125,57.31
3103,361332,138.81,125,57.26
3104,361410,104.86,125,58.52
3105,361620,113.11,125,59.77
3106,361638,124.56,125,60.7
3107,361776,140.31,125,62.44
3108,361932,-30.58,100,60.87
3109,362034,34.77,120,60.62
3110,362160,98.17,125,60.9
3111,362238,-33.13,100,59.05
3112,362370,8.55,125,58.75
3113,362376,-40.29,100,58.51
3114,362652,18.39,120,57.98
3115,362784,121.48,125,58.63
3116,362904,4.37,111,58.94
3117,362910,69.07,125,58.32
3118,363120,140.8,125,58.43
3119,363126,124.83,125,58.35
3120,363402,141.51,125,58.7
3121,363534,94.54,125,59.14
3122,363654,128.01,125,59.03
3123,363660,88.36,125,58.79
3124,363870,147.42,125,59.99
3125,363876,160.42,125,60.52
3126,364152,25.0,125,60.56
3127,364260,-11.58,100,59.57
3128,364284,209.16,125,61.87
3129,364404,44.48,125,62.56
3130,364620,80.27,125,61.88
3131,364626,144.83,125,62.16
3132,364860,-29.66,100,61.37
3133,364884,-21.37,100,60.44
3134,364902,172.73,125,62.2
3135,365154,136.16,125,61.73
3136,365226,-11.74,100,61.85
3137,365226,-8.43,101,61.96
3138,365532,-0.69,108,60.09
3139,365550,4.37,108,59.01
3140,365610,116.98,125,59.77
3141,365754,-17.91,100,58.97
3142,365826,-22.86,100,57.25
3143,365880,10.36,109,57.31
3144,366282,43.81,125,57.47
3145,366300,12.08,125,57.84
3146,366360,167.61,125,58.48
3147,366504,48.73,125,58.6
3148,366576,119.18,125,59.74
3149,366630,68.35,125,59.48
3150,366960,1.75,113,58.9
3151,367050,52.42,125,57.81
3152,367092,37.63,122,57.95
3153,367242,4.3,111,57.99
3154,367254,37.58,125,58.71
3155,367380,61.17,125,58.16
3156,367560,-54.45,100,57.68
3157,367800,21.79,125,57.59
3158,367842,115.43,125,59.22
3159,367992,124.56,125,59.71
3160,368004,126.67,125,60.56
3161,368124,47.06,124,61.49
3162,368160,-23.32,100,59.47
3163,368400,-28.91,100,57.8
3164,368592,191.97,125,59.63
3165,368652,-2.38,110,58.35
3166,368754,218.37,125,58.83
3167,368874,57.54,125,57.84
3168,368910,140.46,125,59.0
3169,369150,87.07,125,58.7
3170,369342,48.44,125,58.89
3171,369402,112.93,125,60.28
3172,369504,177.78,125,61.59
3173,369624,71.33,125,61.58
3174,369660,133.9,125,62.79
3175,369900,148.18,125,63.73
3176,370092,57.89,125,64.34
3177,370152,65.61,125,63.94
3178,370254,110.17,125,64.9
3179,370260,-59.24,100,63.33
3180,370374,23.71,125,63.76
3181,370650,163.7,125,65.15
3182,370842,106.41,125,66.64
3183,370860,-21.82,100,66.5
3184,370866,9.44,119,65.13
3185,370974,-37.75,100,65.19
3186,371004,158.99,125,66.8
3187,371400,37.14,125,66.94
3188,371592,140.46,125,66.89
3189,371610,180.58,125,67.8
3190,371616,79.66,125,69.27
3191,371724,87.5,125,69.26
3192,371754,113.56,125,69.91
3193,372030,4.8,105,70.51
3194,372324,-13.54,100,69.36
3195,372342,171.13,125,70.56
3196,372348,28.27,122,70.25
3197,372360,117.69,125,70.64
3198,372504,57.62,125,71.24
3199,372780,115.55,125,71.14
3200,373074,159.26,125,71.35
3201,373092,96.88,125,71.7
3202,373098,175.09,125,72.16
3203,373110,92.93,125,71.7
3204,373254,48.28,125,71.14
3205,373386,-5.39,101,69.95
3206,373674,-25.21,100,68.45
3207,373842,48.92,125,67.54
3208,373848,80.6,125,68.65
3209,373860,165.63,125,69.96
3210,373986,-17.7,100,68.8
3211,374004,192.99,125,71.06
3212,374424,154.97,125,72.53
3213,374592,97.95,125,73.91
3214,374598,155.64,125,75.28
3215,374610,85.45,125,74.92
3216,374736,165.02,125,76.53
3217,374754,96.97,125,76.81
3218,375024,-48.39,100,74.92
3219,375210,-54.45,100,73.12
3220,375342,132.08,125,73.03
3221,375348,84.78,125,72.93
3222,375486,24.58,125,71.9
3223,375504,40.35,125,71.42
3224,375774,66.14,125,70.6
3225,375960,127.45,125,70.27
3226,376038,18.74,116,70.21
3227,376098,59.32,125,70.92
3228,376104,-12.6,100,68.7
3229,376236,114.77,125,69.41
3230,376524,156.76,125,70.17
3231,376710,51.13,125,69.23
3232,376776,22.05,123,69.75
3233,376788,3.87,114,70.0
3234,376848,108.2,125,69.36
3235,376986,57.89,125,68.58
3236,377274,42.41,125,69.12
3237,377454,-4.16,101,69.16
3238,377460,52.73,125,69.69
3239,377526,125.45,125,70.91
3240,377538,143.48,125,71.17
3241,377736,158.39,125,72.93
3242,378006,9.16,122,73.25
3243,378054,-16.81,100,72.98
3244,378060,-13.53,100,72.41
3245,378126,-47.83,100,71.81
3246,378162,-3.2,104,70.1
3247,378336,-15.11,100,69.46
3248,378606,-20.92,100,68.06
3249,378804,33.33,125,67.71
3250,378810,64.98,125,68.34
3251,378876,131.32,125,69.13
3252,378912,45.66,125,69.21
3253,379086,21.0,125,69.38
3254,379356,136.16,125,70.37
3255,379404,-24.98,100,69.5
3256,379560,40.48,125,70.45
3257,379626,139.44,125,71.63
3258,379662,111.36,125,71.59
3259,379836,160.32,125,71.95
3260,380106,47.6,125,71.16
3261,380154,116.95,125,71.85
3262,380310,72.62,125,72.81
3263,380376,149.21,125,74.6
3264,380412,66.67,125,73.34
3265,380586,204.18,125,75.41
3266,380820,5.66,111,73.28
3267,380856,166.21,125,74.37
3268,380976,-26.08,100,72.7
3269,381006,3.77,116,71.87
3270,381144,11.41,122,71.5
3271,381336,122.6,125,71.6
3272,381570,154.75,125,71.37
3273,381606,146.21,125,72.11
3274,381726,149.07,125,72.27
3275,381750,-3.59,101,70.75
3276,381756,108.75,125,71.26
3277,381936,-14.21,100,70.46
3278,382320,167.36,125,71.03
3279,382326,-51.53,100,71.11
3280,382356,69.32,125,71.56
3281,382500,40.58,125,70.33
3282,382506,136.75,125,70.64
3283,382686,89.66,125,71.75
3284,383070,179.25,125,73.45
3285,383076,110.71,125,74.93
3286,383100,-54.03,100,72.8
3287,383106,97.32,125,73.41
3288,383256,189.66,125,73.9
3289,383436,22.92,125,72.32
3290,383760,19.11,115,71.72
3291,383826,101.99,125,71.86
3292,383850,67.83,125,71.4
3293,383856,-13.33,100,71.22
3294,383856,108.47,125,72.44
3295,384186,188.96,125,72.62
3296,384456,-42.2,100,71.91
3297,384510,157.58,125,72.31
3298,384528,25.28,117,71.99
3299,384600,84.78,125,71.68
3300,384606,85.05,125,70.94
3301,384846,-3.58,110,69.94
3302,385206,64.38,125,68.83
3303,385206,-17.08,100,67.73
3304,385260,125.9,125,68.51
3305,385278,87.29,125,69.43
3306,385350,124.76,125,70.93
3307,385596,121.15,125,71.65
3308,385932,13.26,121,70.98
3309,385956,189.96,125,71.22
3310,386010,23.33,125,71.63
3311,386028,108.19,125,70.79
3312,386100,18.28,125,69.42
3313,386196,-30.57,100,68.13
3314,386628,-57.54,100,66.0
3315,386676,18.98,120,65.34
3316,386682,50.96,125,64.2
3317,386760,83.75,125,64.06
3318,386832,31.11,122,64.86
3319,386886,0.59,115,65.41
3320,387282,-16.75,100,63.92
3321,387378,85.96,125,63.93
3322,387426,51.32,125,64.2
3323,387486,-26.43,100,63.53
3324,387510,143.42,125,64.31
3325,387576,30.72,124,63.34
3326,387882,-14.87,100,63.0
3327,388050,-4.63,104,62.36
3328,388128,159.54,125,64.08
3329,388236,25.0,125,63.19
3330,388260,111.11,125,62.73
3331,388326,123.44,125,63.45
3332,388482,-14.95,100,63.08
3333,388686,2.01,106,63.07
3334,388842,-6.22,101,61.92
3335,388878,96.67,125,62.31
3336,389010,106.29,125,62.95
3337,389046,5.91,120,63.05
3338,389232,155.03,125,64.07
3339,389286,-25.58,100,62.56
3340,389502,-0.77,110,61.12
3341,389628,84.71,125,60.38
3342,389652,-5.14,101,60.24
3343,389730,15.48,120,60.56
3344,389982,163.98,125,62.34
3345,390036,103.57,125,63.85
3346,390228,-44.13,100,63.44
3347,390252,58.39,125,64.18
3348,390402,133.9,125,65.72
3349,390480,93.1,125,66.32
3350,390732,160.22,125,67.27
3351,390786,109.39,125,67.06
3352,390978,29.57,125,66.89
3353,391002,121.18,125,67.9
3354,391080,-54.36,100,65.99
3355,391152,40.14,125,66.64
3356,391332,-38.63,100,65.85
3357,391536,144.9,125,65.91
3358,391686,3.89,114,64.83
3359,391728,159.12,125,64.82
3360,391752,-43.46,100,63.91
3361,391830,85.85,125,63.6
3362,392082,33.08,125,63.2
3363,392136,-29.51,100,61.42
3364,392382,-3.3,105,60.72
3365,392436,109.96,125,59.77
3366,392478,45.76,125,60.17
3367,392580,64.81,125,59.16
3368,392778,8.74,116,59.51
3369,392886,40.85,125,59.88
3370,392988,-7.45,101,59.69
3371,393078,-26.04,100,58.2
3372,393186,64.43,125,57.3
3373,393330,176.82,125,57.61
3374,393528,61.29,125,56.73
3375,393636,53.57,125,57.3
3376,393738,24.61,125,56.46
3377,393828,31.67,125,56.92
3378,393936,74.66,125,55.99
3379,394080,69.23,125,57.2
3380,394278,107.43,125,57.58
3381,394386,64.98,125,57.82
3382,394488,60.54,125,57.06
3383,394536,-12.38,100,56.04
3384,394578,121.16,125,55.46
3385,394830,80.69,125,55.16
3386,394998,-1.66,102,55.68
3387,395028,173.41,125,56.44
3388,395136,-18.22,100,54.37
3389,395238,36.69,125,54.5
3390,395328,78.44,125,55.1
3391,395532,6.71,117,54.14
3392,395748,93.04,125,54.4
3393,395754,-3.03,103,54.5
3394,395778,47.17,125,53.89
3395,395988,33.5,125,52.33
3396,396078,66.11,125,53.41
3397,396132,-33.33,100,51.51
3398,396354,-47.03,100,50.78
3399,396378,-48.35,100,49.45
3400,396498,127.89,125,49.88
3401,396588,-60.33,100,49.31
3402,396738,2.91,110,48.7
3403,396882,66.67,125,49.53
3404,396960,-4.71,101,48.23
3405,397128,121.82,125,48.57
3406,397248,39.61,125,47.72
3407,397338,93.75,125,47.45
3408,397482,-45.6,100,46.86
3409,397488,60.16,125,45.56
3410,397710,79.4,125,46.12
3411,397800,0.65,112,45.05
3412,397998,38.34,125,45.25
3413,398082,-33.9,100,45.21
3414,398088,129.03,125,47.08
3415,398238,94.85,125,47.84
3416,398460,166.89,125,49.0
3417,398550,28.03,125,48.44
3418,398610,-3.17,102,48.1
3419,398820,17.86,122,48.27
3420,398832,33.72,125,48.78
3421,398838,-34.84,100,47.57
3422,399150,-29.46,100,46.76
3423,399210,35.04,125,47.37
3424,399246,-1.5,106,45.92
3425,399546,17.09,118,45.79
3426,399570,165.31,125,47.59
3427,399582,145.67,125,49.09
3428,399900,24.24,125,47.74
3429,399960,61.65,125,48.11
3430,399996,42.86,125,47.42
3431,400296,40.23,125,46.59
3432,400320,170.46,125,48.45
3433,400332,145.49,125,49.88
3434,400500,-40.24,100,49.54
3435,400608,-4.41,102,48.53
3436,400710,106.64,125,48.53
3437,400956,-1.15,106,48.46
3438,400962,-0.71,111,46.91
3439,401082,47.06,125,47.63
3440,401208,-10.93,100,47.53
3441,401250,128.57,125,47.97
3442,401460,116.61,125,49.19
3443,401706,19.49,125,49.23
3444,401712,34.83,125,47.94
3445,401832,37.12,125,47.27
3446,401886,11.99,113,47.83
3447,402000,105.78,125,48.31
3448,402210,87.29,125,47.84
3449,402312,-5.33,101,46.86
3450,402408,1.75,116,45.27
3451,402582,155.64,125,45.73
3452,402636,69.1,125,46.13
3453,402750,106.52,125,45.98
3454,402852,4.37,107,46.57
3455,403008,-19.39,100,45.97
3456,403062,134.85,125,47.71
3457,403236,-44.5,100,45.81
3458,403332,132.88,125,47.1
3459,403500,50.87,125,46.02
3460,403602,119.08,125,47.65
3461,403758,243.97,125,49.23
3462,403788,13.95,121,49.04
3463,403932,-44.83,100,48.88
3464,403986,171.38,125,50.63
3465,404100,-58.93,100,48.94
3466,404352,69.75,125,49.18
3467,404388,-42.84,100,48.11
3468,404508,110.03,125,49.12
3469,404532,-16.51,100,48.54
3470,404700,-31.14,100,48.31
3471,404736,183.64,125,50.4
3472,405006,-2.4,103,49.74
3473,405102,148.3,125,49.45
3474,405258,109.56,125,49.93
3475,405282,124.62,125,50.64
3476,405300,-56.64,100,49.83
3477,405486,95.12,125,50.47
3478,405756,59.86,125,50.32
3479,405852,91.82,125,50.54
3480,405882,-35.27,100,49.12
3481,405900,-15.58,100,48.31
3482,406008,148.18,125,49.19
3483,406236,53.02,125,49.84
3484,406362,-5.64,101,48.57
3485,406488,-3.81,106,47.73
3486,406500,-2.72,103,47.72
3487,406650,119.42,125,47.18
3488,406758,115.87,125,48.52
3489,406986,73.33,125,48.89
3490,407088,15.8,121,48.26
3491,407238,101.34,125,49.21
3492,407250,108.75,125,49.36
3493,407352,11.13,117,49.5
3494,407508,105.99,125,50.09
3495,407736,19.3,125,49.95
3496,407838,29.41,125,49.58
3497,407952,-51.93,100,49.4
3498,407988,86.89,125,50.74
3499,408000,42.86,125,51.65
3500,408258,163.33,125,52.0
3501,408438,-19.62,100,52.41
3502,408486,29.23,125,52.67
3503,408702,122.59,125,53.23
3504,408738,127.27,125,54.55
3505,408750,80.27,125,54.14
3506,408984,12.33,121,53.86
3507,409188,187.77,125,54.81
3508,409230,14.5,124,55.41
3509,409308,-8.14,101,54.72
3510,409488,75.26,125,54.68
3511,409500,150.83,125,56.18
3512,409734,59.85,125,56.4
3513,409908,5.54,113,56.79
3514,409938,116.98,125,56.67
3515,410058,129.93,125,57.02
3516,410238,64.63,125,56.0
3517,410250,34.19,125,56.06
3518,410484,111.22,125,57.21
3519,410508,-38.62,100,56.64
3520,410688,37.93,125,56.68
3521,410790,11.03,122,57.14
3522,410850,-17.72,100,57.26
3523,410988,146.53,125,58.37
3524,411084,-50.41,100,57.89
3525,411258,126.03,125,58.97
3526,411330,-0.35,107,57.32
3527,411450,-10.46,100,55.76
3528,411540,68.42,125,56.2
3529,411588,-39.11,100,55.19
3530,411834,74.83,125,55.51
3531,411912,-1.77,109,55.09
3532,411930,-21.38,100,53.17
3533,412200,66.08,125,52.38
3534,412236,6.1,116,52.84
3535,412254,0.42,111,52.89
3536,412512,-10.0,100,51.72
3537,412584,108.63,125,52.82
3538,412680,107.67,125,53.9
3539,412800,-24.44,100,53.19
3540,412854,-56.44,100,52.73
3541,412986,152.67,125,52.98
3542,413262,136.16,125,53.17
3543,413334,72.41,125,53.7
3544,413430,107.67,125,54.43
3545,413550,106.9,125,55.13
3546,413604,117.71,125,56.18
3547,413736,186.27,125,56.99
3548,413934,-30.85,100,55.81
3549,414012,80.89,125,56.67
3550,414150,-32.76,100,56.32
3551,414180,81.82,125,55.59
3552,414336,-47.91,100,54.42
3553,414354,92.03,125,54.27
3554,414684,102.8,125,55.26
3555,414762,68.28,125,56.13
3556,414780,-25.76,100,54.53
3557,414900,93.85,125,55.91
3558,415056,7.81,120,54.66
3559,415104,128.19,125,55.43
3560,415368,-8.19,101,54.16
3561,415434,66.67,125,52.39
3562,415530,84.95,125,53.1
3563,415638,4.08,123,53.59
3564,415806,104.7,125,52.92
3565,415854,55.06,125,54.06
3566,416118,76.9,125,54.13
3567,416184,85.27,125,55.41
3568,416280,83.54,125,55.15
3569,416358,23.72,120,55.55
3570,416556,8.71,117,55.95
3571,416556,102.66,125,55.14
3572,416868,30.53,125,55.47
3573,416880,-13.1,100,53.85
3574,416934,127.89,125,54.04
3575,417108,24.58,125,53.04
3576,417156,-49.98,100,53.1
3577,417156,-54.15,100,51.61
3578,417618,31.2,125,51.32
3579,417630,85.65,125,51.26
3580,417684,78.32,125,52.4
3581,417858,70.82,125,53.26
3582,417906,53.31,125,52.31
3583,417906,30.0,125,52.08
3584,418326,5.76,116,52.2
3585,418368,120.5,125,53.44
3586,418434,64.87,125,54.12
3587,418608,92.81,125,53.85
3588,418638,13.9,122,52.83
3589,418656,123.0,125,53.33
3590,419016,-0.64,108,53.16
3591,419076,62.34,125,52.77
3592,419184,65.52,125,52.34
3593,419328,10.16,120,52.33
3594,419388,87.31,125,52.14
3595,419406,46.07,125,52.41
3596,419766,109.84,125,53.21
3597,419826,29.88,125,54.03
3598,419934,25.42,125,53.42
3599,420078,74.66,125,53.74
3600,420138,153.42,125,53.64
3601,420156,110.53,125,54.94
3602,420480,9.7,119,54.74
3603,420576,60.45,125,54.12
3604,420684,75.68,125,53.61
3605,420738,-45.94,100,52.34
3606,420828,107.27,125,53.29
3607,420906,78.22,125,52.2
3608,421230,43.4,125,52.49
3609,421284,-47.95,100,52.09
3610,421326,76.08,125,52.1
3611,421488,88.62,125,51.47
3612,421578,55.56,125,51.43
3613,421656,148.28,125,52.86
3614,421980,99.28,125,52.68
3615,422034,186.23,125,53.24
3616,422076,52.73,125,53.13
3617,422130,-4.52,107,52.74
3618,422178,-63.55,100,50.99
3619,422406,50.79,125,51.89
3620,422730,152.46,125,53.03
3621,422784,60.26,125,53.52
3622,422826,96.43,125,54.66
3623,422880,19.76,125,53.4
3624,422928,99.31,125,54.89
3625,423006,-14.85,100,53.49
3626,423384,-42.5,100,53.06
3627,423480,218.01,125,55.35
3628,423576,167.56,125,56.34
3629,423606,-71.61,100,56.01
3630,423630,136.84,125,56.63
3631,423630,2.83,117,56.68
3632,424050,0.02,111,56.89
3633,424110,0.24,105,56.24
3634,424182,-6.87,101,56.11
3635,424230,-16.46,100,55.94
3636,424356,60.64,125,56.64
3637,424380,104.38,125,56.6
3638,424758,14.97,118,55.67
3639,424830,-48.86,100,55.43
3640,424860,44.72,125,56.44
3641,424932,119.67,125,56.11
3642,425106,114.02,125,55.89
3643,425130,82.13,125,55.99
3644,425358,-27.55,100,54.64
3645,425580,61.79,125,54.18
3646,425610,57.34,125,53.58
3647,425682,102.95,125,52.75
3648,425856,124.56,125,54.3
3649,425880,149.17,125,54.98
3650,426042,18.64,114,55.5
3651,426330,106.9,125,55.75
3652,426360,36.68,125,56.6
3653,426432,116.13,125,56.84
3654,426606,21.55,125,56.02
3655,426630,134.11,125,56.68
3656,426792,146.21,125,58.4
3657,427020,2.3,110,57.49
3658,427080,71.23,125,58.12
3659,427182,171.32,125,58.55
3660,427254,1.31,108,58.65
3661,427380,42.86,125,58.41
3662,427542,68.87,125,58.25
3663,427770,109.22,125,59.3
3664,427830,68.28,125,58.94
3665,427932,83.52,125,59.22
3666,427944,-4.49,115,58.41
3667,427980,-29.21,100,57.26
3668,428208,10.41,111,56.53
3669,428520,175.26,125,58.05
3670,428580,59.42,125,58.55
3671,428652,18.55,120,57.71
3672,428694,67.29,125,58.08
3673,428718,32.37,123,58.53
3674,428958,95.21,125,58.21
3675,429186,0.55,111,57.97
3676,429294,3.03,119,58.5
3677,429336,-4.68,103,58.99
3678,429402,92.59,125,59.61
3679,429444,239.62,125,61.15
3680,429564,-8.29,101,60.28
3681,429936,18.38,125,59.75
3682,430044,30.77,125,59.53
3683,430086,123.68,125,60.47
3684,430152,50.35,125,60.91
3685,430194,94.72,125,60.65
3686,430314,125.81,125,61.26
3687,430536,-24.71,100,60.09
3688,430692,-10.62,101,59.84
3689,430794,52.3,125,59.14
3690,430902,28.47,125,59.43
3691,430926,9.42,122,58.9
3692,431064,49.5,125,58.74
3693,431286,150.9,125,60.15
3694,431442,107.92,125,60.35
3695,431544,-4.05,103,59.85
3696,431544,42.31,125,59.17
3697,431652,95.88,125,59.83
3698,431664,-40.1,100,59.18
3699,432036,52.49,125,58.96
3700,432042,-41.19,100,57.01
3701,432222,4.49,113,55.95
3702,432234,9.12,115,55.95
3703,432402,112.42,125,56.47
3704,432414,133.58,125,57.04
3705,432786,33.33,125,57.84
3706,432792,96.53,125,57.73
3707,432918,2.55,114,56.97
3708,432972,108.33,125,57.62
3709,433152,130.03,125,59.4
3710,433164,95.92,125,59.6
3711,433536,30.14,125,59.02
3712,433542,111.66,125,59.58
3713,433668,187.23,125,59.97
3714,433722,116.03,125,60.13
3715,433752,-52.2,100,57.75
3716,433914,88.09,125,58.1
3717,434142,-15.36,100,57.99
3718,434286,127.94,125,59.91
3719,434418,34.33,125,59.74
3720,434472,123.33,125,59.45
3721,434502,80.85,125,59.66
3722,434664,149.15,125,60.19
3723,434892,94.95,125,60.94
3724,434892,-5.33,101,59.89
3725,435018,-47.72,100,59.56
3726,435222,55.12,125,60.54
3727,435252,168.21,125,60.04
3728,435378,7.36,119,58.44
3729,435492,-53.95,100,58.62
3730,435642,88.09,125,58.13
3731,435768,82.84,125,58.93
3732,435822,-30.16,100,58.63
3733,435852,-30.71,100,58.32
3734,435984,-7.32,101,58.31
3735,436098,-5.8,101,58.42
3736,436392,136.64,125,59.18
3737,436518,52.17,125,58.66
3738,436572,134.32,125,59.85
3739,436602,102.49,125,61.36
3740,436698,-11.59,100,60.8
3741,436734,55.76,125,60.16
3742,437142,143.35,125,60.46
3743,437244,4.68,112,59.68
3744,437268,39.16,125,60.35
3745,437298,-22.86,100,59.5
3746,437352,181.02,125,60.74
3747,437484,109.79,125,60.81
3748,437808,-1.69,111,59.54
3749,437994,134.27,125,59.4
3750,438018,56.46,125,59.77
3751,438048,140.8,125,60.11
3752,438084,-12.93,100,59.62
3753,438102,68.32,125,59.14
3754,438558,66.15,125,59.58
3755,438732,2.44,108,58.27
3756,438744,227.87,125,59.08
3757,438768,104.55,125,60.11
3758,438798,86.54,125,60.26
3759,438852,37.58,125,58.92
3760,439308,63.99,125,59.55
3761,439398,-53.91,100,58.58
3762,439482,79.88,125,58.69
3763,439494,30.29,125,57.9
3764,439518,103.45,125,58.25
3765,439602,44.37,125,57.86
3766,440058,62.36,125,58.53
3767,440094,-12.62,100,58.7
3768,440148,60.54,125,59.2
3769,440154,-2.09,106,57.42
3770,440202,-24.62,100,56.58
3771,440232,114.08,125,57.54
3772,440700,-8.07,101,56.79
3773,440808,24.48,125,56.71
3774,440880,-2.19,108,55.73
3775,440898,135.07,125,57.08
3776,440904,106.78,125,58.12
3777,440910,4.01,118,58.2
3778,441408,-44.41,100,56.83
3779,441450,99.22,125,55.43
3780,441480,-46.9,100,55.04
3781,441516,-10.13,101,54.76
3782,441576,3.94,113,54.49
3783,441654,122.97,125,54.48
3784,442008,-52.4,100,53.45
3785,442200,78.91,125,53.3
3786,442224,14.62,124,52.18
3787,442266,150.81,125,53.94
3788,442290,17.12,119,54.22
3789,442404,29.83,125,53.99
3790,442758,70.66,125,54.41
3791,442866,6.59,111,54.39
3792,442872,-10.49,101,53.79
3793,442974,32.84,125,52.61
3794,443040,94.03,125,52.47
3795,443118,12.18,119,52.63
3796,443358,-54.17,100,51.66
3797,443466,-24.81,100,50.46
3798,443574,-41.54,100,50.44
3799,443622,90.94,125,50.83
3800,443640,-11.82,100,51.12
3801,443868,62.2,125,51.7
3802,444108,120.5,125,52.81
3803,444198,8.51,122,51.77
3804,444324,37.19,125,50.81
3805,444372,183.58,125,52.31
3806,444390,194.96,125,53.3
3807,444618,45.45,125,53.73
3808,444858,57.23,125,53.21
3809,444948,84.21,125,52.76
3810,445074,138.46,125,53.18
3811,445098,11.22,121,52.99
3812,445140,122.22,125,53.1
3813,445368,52.6,125,51.75
3814,445608,27.11,125,50.86
3815,445698,127.85,125,52.66
3816,445740,-45.69,100,51.33
3817,445824,73.76,125,52.22
3818,445848,42.35,125,51.36
3819,445986,-2.98,103,50.99
3820,446280,17.54,112,49.93
3821,446448,145.73,125,50.58
3822,446490,140.55,125,50.49
3823,446574,130.26,125,50.85
3824,446598,101.24,125,51.91
3825,446682,8.55,116,52.47
3826,447030,49.15,125,52.41
3827,447048,-35.97,100,50.37
3828,447240,84.78,125,51.15
3829,447324,27.34,125,51.96
3830,447348,85.81,125,51.94
3831,447432,18.64,125,51.29
3832,447684,-3.17,106,51.56
3833,447780,56.03,125,52.43
3834,447990,135.48,125,53.86
3835,448032,-45.5,100,53.46
3836,448074,94.63,125,53.04
3837,448092,45.29,124,52.97
3838,448434,63.27,125,52.26
3839,448530,142.75,125,52.67
3840,448728,8.8,123,52.87
3841,448782,83.8,125,53.15
3842,448800,18.63,121,51.9
3843,448842,99.28,125,52.85
3844,449184,81.82,125,53.28
3845,449280,152.79,125,55.03
3846,449424,-2.54,107,53.2
3847,449478,74.83,125,52.85
3848,449550,-0.0,125,52.86
3849,449592,39.07,125,51.91
3850,449934,93.77,125,52.29
3851,450030,103.39,125,51.91
3852,450174,108.9,125,53.13
3853,450228,57.56,125,53.02
3854,450246,1.54,109,52.38
3855,450300,151.72,125,53.87
3856,450684,70.91,125,52.3
3857,450774,-22.68,100,51.03
3858,450780,107.61,125,51.24
3859,450978,119.78,125,52.06
3860,450996,139.29,125,52.81
3861,451050,88.09,125,54.23
3862,451434,109.15,125,54.53
3863,451524,105.52,125,55.28
3864,451530,131.37,125,55.56
3865,451728,134.48,125,56.46
3866,451746,144.09,125,57.28
3867,451800,97.32,125,58.37
3868,452184,172.73,125,59.5
3869,452196,-2.22,112,59.5
3870,452280,56.0,125,60.3
3871,452424,16.69,116,59.33
3872,452496,34.8,125,59.76
3873,452550,156.23,125,61.07
3874,452880,-29.37,100,60.8
3875,452934,217.69,125,61.63
3876,452946,148.2,125,62.04
3877,453174,20.52,125,62.21
3878,453246,174.65,125,64.4
3879,453300,75.32,125,64.16
3880,453630,25.44,125,64.88
3881,453660,16.93,121,65.15
3882,453696,19.57,125,65.31
3883,453774,-47.74,100,63.6
3884,453846,-15.05,100,63.98
3885,454050,56.58,125,63.75
3886,454374,2.46,113,63.63
3887,454380,128.99,125,63.41
3888,454410,85.19,125,64.09
3889,454446,-53.06,100,63.26
3890,454524,85.71,125,63.41
3891,454650,-60.47,100,62.74
3892,455100,-0.46,120,62.84
3893,455124,120.39,125,63.72
3894,455160,136.67,125,64.15
3895,455196,121.85,125,65.24
3896,455274,74.05,125,66.53
3897,455382,29.02,122,67.06
3898,455850,69.17,125,68.17
3899,455874,52.32,125,67.78
3900,455874,-17.27,100,67.73
3901,455910,121.01,125,68.32
3902,455946,101.86,125,68.13
3903,456132,47.65,125,68.52
3904,456600,115.61,125,69.31
3905,456624,84.03,125,68.31
3906,456624,173.06,125,68.09
3907,456660,143.45,125,69.07
3908,456696,136.25,125,69.86
3909,456882,82.41,125,69.84
3910,457278,-3.78,103,68.42
3911,457344,10.73,124,68.42
3912,457374,45.39,125,67.65
3913,457374,64.17,125,67.76
3914,457446,86.21,125,68.36
3915,457632,107.61,125,68.15
3916,458028,89.76,125,69.51
3917,458094,118.35,125,69.95
3918,458124,31.09,125,69.84
3919,458124,64.95,125,70.52
3920,458196,110.88,125,71.45
3921,458382,79.93,125,70.8
3922,458778,55.89,125,69.95
3923,458844,150.0,125,70.15
3924,458874,100.61,125,70.14
3925,458874,69.63,125,70.75
3926,458892,6.41,116,70.32
3927,459132,120.28,125,71.89
3928,459438,7.89,110,71.12
3929,459594,103.23,125,71.88
3930,459624,125.59,125,72.27
3931,459624,74.05,125,72.83
3932,459642,40.22,125,73.26
3933,459882,68.38,125,73.39
3934,460038,-49.18,100,71.54
3935,460224,-53.33,100,71.46
3936,460332,9.62,123,70.61
3937,460368,9.08,124,70.25
3938,460368,-1.73,121,69.6
3939,460632,70.49,125,68.88
3940,460788,87.71,125,69.66
3941,460974,39.46,125,69.22
3942,461016,3.26,108,69.07
3943,461082,83.91,125,68.91
3944,461118,138.56,125,69.48
3945,461232,-12.36,100,67.83
3946,461502,1.64,119,67.87
3947,461724,18.38,125,67.31
3948,461766,130.24,125,68.61
3949,461832,53.58,125,68.75
3950,461868,135.71,125,69.17
3951,461982,75.68,125,68.9
3952,462252,85.96,125,68.67
3953,462414,8.0,115,68.17
3954,462450,3.08,114,68.19
3955,462582,115.23,125,67.82
3956,462618,65.05,125,67.76
3957,462672,6.36,115,68.05
3958,462894,-1.99,107,66.96
3959,463164,97.23,125,66.73
3960,463200,28.13,125,65.62
3961,463266,-3.01,108,64.71
3962,463332,86.27,125,64.48
3963,463422,135.1,125,64.78
3964,463644,37.93,125,63.84
3965,463914,109.3,125,63.59
3966,463950,61.97,125,62.77
3967,464016,85.19,125,62.65
3968,464082,87.1,125,61.79
3969,464172,45.23,125,62.27
3970,464394,24.54,125,61.95
3971,464574,-3.25,110,61.75
3972,464610,0.61,110,61.41
3973,464766,86.77,125,60.72
3974,464832,29.37,125,61.3
3975,464922,29.41,125,59.42
3976,465132,-0.15,123,57.94
3977,465324,41.34,125,58.15
3978,465360,98.61,125,57.39
3979,465516,39.41,125,57.03
3980,465582,95.58,125,57.73
3981,465672,14.46,125,57.7
3982,465732,-57.2,100,56.94
3983,465960,-48.0,100,56.93
3984,466074,69.35,125,57.78
3985,466182,-10.92,100,57.1
3986,466266,15.67,125,57.23
3987,466422,98.61,125,56.93
3988,466482,91.39,125,56.99
3989,466710,80.33,125,58.33
3990,466758,3.87,114,57.51
3991,466806,-3.49,104,58.08
3992,467016,114.79,125,59.23
3993,467172,123.05,125,59.26
3994,467232,72.73,125,58.62
3995,467460,73.29,125,58.13
3996,467508,90.81,125,58.3
3997,467556,57.19,125,58.58
3998,467766,115.55,125,59.04
3999,467910,3.35,113,58.55
4000,467922,92.42,125,59.65
4001,468210,117.99,125,59.62
4002,468258,87.92,125,59.48
4003,468306,78.99,125,59.8
4004,468516,82.97,125,59.47
4005,468660,52.17,125,59.15
4006,468672,98.05,125,58.4
4007,468858,-29.46,100,56.67
4008,468960,18.88,125,55.5
4009,469056,77.87,125,55.45
4010,469266,34.48,125,55.83
4011,469410,36.69,125,56.09
4012,469422,165.02,125,57.29
4013,469608,186.76,125,58.52
4014,469710,112.84,125,58.78
4015,469770,7.52,119,57.78
4016,470016,77.26,125,57.66
4017,470160,142.54,125,57.9
4018,470172,135.77,125,58.95
4019,470208,-59.59,100,57.7
4020,470400,20.63,115,56.8
4021,470514,10.77,124,56.11
4022,470616,-41.67,100,55.13
4023,470808,-12.62,100,53.5
4024,470910,12.21,125,52.62
4025,470922,52.78,125,52.45
4026,471000,-53.77,100,51.85
4027,471264,83.33,125,51.48
4028,471366,69.35,125,52.09
4029,471408,-16.62,100,50.9
4030,471660,89.19,125,50.53
4031,471672,41.59,125,50.21
4032,471750,91.22,125,50.72
4033,471966,-14.55,100,49.89
4034,472014,11.11,125,50.49
4035,472158,76.85,125,51.79
4036,472410,42.35,125,52.12
4037,472422,122.64,125,53.26
4038,472500,134.13,125,54.61
4039,472710,18.83,124,54.1
4040,472764,136.36,125,54.58
4041,472908,71.23,125,54.9
4042,473028,-0.9,103,54.86
4043,473172,71.33,125,54.73
4044,473250,119.86,125,54.55
4045,473310,-37.51,100,54.3
4046,473514,8.06,125,54.36
4047,473658,63.35,125,54.81
4048,473778,76.12,125,54.27
4049,473922,32.01,125,54.05
4050,474000,87.92,125,53.58
4051,474060,60.77,125,53.43
4052,474264,94.03,125,53.51
4053,474408,70.0,125,54.13
4054,474528,23.29,125,54.33
4055,474588,3.15,111,53.21
4056,474660,-25.34,100,52.3
4057,474750,116.87,125,53.41
4058,475014,86.21,125,54.29
4059,475056,-1.49,108,53.3
4060,475278,48.79,125,53.51
4061,475338,34.48,125,53.89
4062,475410,23.55,125,53.26
4063,475500,90.79,125,52.82
4064,475764,48.03,125,52.92
4065,475806,18.52,125,52.01
4066,475938,-29.7,100,51.09
4067,476010,-48.13,100,49.76
4068,476028,117.39,125,50.06
4069,476250,69.12,125,50.3
4070,476484,4.84,113,50.1
4071,476514,11.46,125,50.25
4072,476676,10.75,123,50.35
4073,476706,14.48,116,49.63
4074,476778,59.78,125,49.93
4075,477000,95.12,125,50.59
4076,477120,-9.37,101,50.5
4077,477156,-0.05,112,50.08
4078,477426,68.97,125,49.79
4079,477456,100.0,125,50.39
4080,477528,81.49,125,50.25
4081,477750,119.33,125,51.3
4082,477756,-55.52,100,51.32
4083,477762,0.0,107,51.8
4084,478056,-31.05,100,50.79
4085,478176,2.47,125,50.93
4086,478278,20.27,125,50.97
4087,478350,-15.48,100,49.83
4088,478356,-32.9,100,48.59
4089,478512,72.08,125,48.51
4090,478656,-18.93,100,48.28
4091,478926,122.22,125,49.54
4092,479028,69.81,125,49.09
4093,479100,22.19,125,48.08
4094,479106,76.47,125,48.12
4095,479256,-40.24,100,46.98
4096,479262,81.16,125,46.88
4097,479640,-3.37,102,46.28
4098,479676,102.75,125,46.15
4099,479706,-56.82,100,45.55
4100,479850,49.85,125,45.12
4101,479868,-8.34,101,43.86
4102,479970,-0.28,119,42.98
4103,480294,-3.61,103,42.15
4104,480390,43.81,125,41.76
4105,480456,66.14,125,41.9
4106,480570,-27.57,100,40.64
4107,480600,12.68,125,41.07
4108,480618,87.29,125,41.75
4109,480972,-5.29,113,40.92
4110,481074,-2.69,103,40.55
4111,481116,1.1,121,40.19
4112,481260,10.47,115,38.64
4113,481350,72.3,125,37.5
4114,481368,85.31,125,37.22
4115,481722,53.64,125,37.69
4116,481812,2.44,116,36.94
4117,481824,40.52,125,35.92
4118,481998,20.85,123,34.77
4119,482100,38.36,125,35.75
4120,482118,39.78,125,35.94
4121,482472,61.4,125,36.45
4122,482490,6.49,113,36.93
4123,482574,36.53,125,37.42
4124,482598,-41.81,100,36.88
4125,482850,14.48,125,36.5
4126,482868,21.0,125,37.24
4127,483174,-35.48,100,36.06
4128,483198,-50.49,100,34.86
4129,483222,103.51,125,36.06
4130,483240,47.65,125,35.64
4131,483534,-1.17,114,35.22
4132,483618,48.59,125,34.79
4133,483924,25.83,125,35.19
4134,483948,57.89,125,35.66
4135,483972,46.18,125,35.35
4136,483990,42.86,125,35.36
4137,484134,-14.5,100,33.99
4138,484368,102.09,125,33.67
4139,484602,0.21,109,33.48
4140,484674,106.11,125,33.18
4141,484722,35.8,125,32.82
4142,484740,40.63,125,33.24
4143,484806,1.63,112,32.54
4144,485082,-4.29,119,31.3
4145,485352,58.73,125,32.26
4146,485412,-4.68,101,32.14
4147,485424,112.36,125,32.63
4148,485472,45.57,125,32.32
4149,485490,56.86,125,32.57
4150,485688,-8.66,101,31.6
4151,486072,0.71,108,31.0
4152,486102,25.49,125,30.32
4153,486162,-0.71,125,29.61
4154,486222,15.87,125,29.54
4155,486240,32.35,125,29.83
4156,486288,-49.79,100,29.58
4157,486678,-7.08,101,28.34
4158,486702,-54.52,100,26.94
4159,486822,-53.18,100,26.42
4160,486912,17.45,125,26.11
4161,486990,81.18,125,26.57
4162,487038,97.23,125,27.31
4163,487428,127.94,125,27.68
4164,487452,79.81,125,28.0
4165,487572,91.82,125,28.73
4166,487662,131.29,125,30.34
4167,487740,58.08,125,31.4
4168,487788,68.32,125,30.91
4169,488178,100.0,125,31.22
4170,488202,35.31,125,31.53
4171,488322,91.88,125,32.33
4172,488400,6.8,110,32.29
4173,488412,56.15,125,32.71
4174,488418,-2.92,105,32.08
4175,488922,-46.22,100,30.67
4176,488928,102.66,125,31.79
4177,488952,90.18,125,32.69
4178,489000,-59.41,100,31.41
4179,489162,73.61,125,31.14
4180,489168,64.09,125,30.97
4181,489672,115.55,125,30.93
4182,489678,91.78,125,32.4
4183,489702,51.7,125,32.92
4184,489750,102.09,125,34.25
4185,489912,30.28,125,34.53
4186,489918,74.22,125,35.07
4187,490422,22.02,125,35.45
4188,490428,114.05,125,36.91
4189,490452,67.27,125,36.87
4190,490500,7.74,125,37.13
4191,490512,-37.2,100,35.54
4192,490668,52.1,125,35.36
4193,491172,27.97,125,35.42
4194,491178,53.06,125,35.19
4195,491202,35.14,125,35.94
4196,491250,131.88,125,36.45
4197,491262,58.84,125,37.07
4198,491418,31.15,125,36.35
4199,491778,-50.91,100,36.41
4200,491886,15.23,119,36.07
4201,491952,51.98,125,36.67
4202,492000,100.76,125,37.68
4203,492012,44.9,125,38.16
4204,492168,58.88,125,38.32
4205,492528,127.44,125,38.93
4206,492636,40.44,125,39.61
4207,492702,104.78,125,40.53
4208,492750,115.61,125,40.81
4209,492762,118.52,125,42.05
4210,492918,35.42,125,42.43
4211,493242,-4.75,101,42.37
4212,493278,89.27,125,43.16
4213,493446,2.84,124,42.47
4214,493500,51.32,125,42.13
4215,493512,18.96,125,41.78
4216,493668,79.88,125,42.55
4217,493992,16.28,125,42.31
4218,494010,3.85,122,42.14
4219,494100,-12.91,100,41.63
4220,494112,-16.03,100,41.07
4221,494196,52.03,125,40.98
4222,494418,58.05,125,41.49
4223,494742,138.27,125,42.51
4224,494760,62.07,125,43.55
4225,494772,-3.98,112,43.36
4226,494862,119.51,125,44.35
4227,494946,105.21,125,45.76
4228,495168,58.8,125,46.85
4229,495462,-59.09,100,45.22
4230,495474,8.57,122,44.83
4231,495510,99.3,125,45.84
4232,495522,22.53,125,45.58
4233,495696,20.57,125,45.52
4234,495918,34.33,125,45.29
4235,496212,24.28,125,45.07
4236,496224,2.76,117,44.67
4237,496224,33.46,125,45.15
4238,496260,100.0,125,45.13
4239,496446,73.47,125,45.86
4240,496668,66.67,125,45.47
4241,496920,4.82,110,45.16
4242,496962,50.0,125,45.25
4243,496974,40.07,125,45.63
4244,496974,90.31,125,46.58
4245,497196,96.77,125,46.96
4246,497418,105.88,125,48.07
4247,497520,-45.03,100,46.49
4248,497712,70.07,125,46.74
4249,497724,74.55,125,46.91
4250,497724,71.88,125,47.72
4251,497946,38.26,125,48.09
4252,498120,-11.89,100,47.72
4253,498168,53.61,125,48.26
4254,498324,-45.19,100,47.65
4255,498324,-60.9,100,46.72
4256,498462,74.45,125,47.96
4257,498696,28.47,125,48.32
4258,498870,124.72,125,50.11
4259,498918,36.36,125,51.01
4260,499074,89.78,125,51.73
4261,499074,85.87,125,51.78
4262,499212,77.78,125,51.58
4263,499446,110.33,125,51.41
4264,499548,3.46,113,50.64
4265,499656,-4.7,123,49.68
4266,499758,3.89,114,48.4
4267,499818,6.06,124,47.88
4268,499962,126.28,125,48.46
4269,500196,128.14,125,48.74
4270,500298,98.63,125,49.38
4271,500406,126.28,125,49.72
4272,500508,99.3,125,50.65
4273,500568,38.26,125,50.47
4274,500712,119.33,125,51.69
4275,500946,135.52,125,53.51
4276,501048,85.05,125,53.33
4277,501156,32.69,125,52.76
4278,501210,18.34,117,53.53
4279,501318,57.19,125,53.37
4280,501462,108.19,125,53.81
4281,501696,111.41,125,53.77
4282,501798,49.64,125,53.35
4283,501822,3.79,111,52.87
4284,501960,84.56,125,52.69
4285,502068,123.05,125,53.62
4286,502212,101.49,125,53.89
4287,502446,110.7,125,54.78
4288,502548,135.71,125,55.0
4289,502572,110.0,125,55.42
4290,502710,137.55,125,56.72
4291,502818,106.19,125,58.16
4292,502962,116.91,125,58.8
4293,503196,124.08,125,59.77
4294,503298,92.59,125,60.16
4295,503322,134.48,125,61.15
4296,503460,100.0,125,60.84
4297,503568,94.35,125,61.19
4298,503712,91.88,125,61.8
4299,503922,-34.83,100,61.96
4300,503946,122.97,125,63.04
4301,504048,112.62,125,63.64
4302,504210,91.34,125,63.55
4303,504318,88.68,125,63.99
4304,504462,14.62,125,63.54
4305,504672,79.15,125,63.06
4306,504696,66.67,125,63.32
4307,504798,41.91,125,62.69
4308,504960,123.08,125,62.77
4309,505068,111.22,125,62.7
4310,505212,33.56,125,62.68
4311,505422,82.46,125,63.55
4312,505446,58.68,125,63.24
4313,505548,23.13,125,63.45
4314,505710,65.37,125,63.59
4315,505818,102.13,125,64.42
4316,505962,62.54,125,64.25
4317,506148,-39.04,100,63.69
4318,506172,113.56,125,64.79
4319,506196,109.56,125,66.01
4320,506418,-11.25,100,66.06
4321,506460,64.09,125,66.18
4322,506712,106.35,125,66.67
4323,506898,147.39,125,66.76
4324,506922,105.61,125,67.19
4325,506946,89.39,125,68.13
4326,507018,-53.76,100,66.39
4327,507210,115.69,125,66.5
4328,507462,99.34,125,66.9
4329,507624,6.82,113,67.56
4330,507648,90.84,125,68.39
4331,507672,93.31,125,68.33
4332,507768,154.55,125,69.65
4333,507960,136.43,125,70.8
4334,508212,115.49,125,71.62
4335,508224,-32.38,100,71.05
4336,508350,0.71,117,71.03
4337,508422,130.22,125,72.0
4338,508518,109.38,125,72.09
4339,508710,8.84,125,71.44
4340,508962,81.82,125,71.6
4341,508974,156.23,125,73.11
4342,509100,93.85,125,73.55
4343,509172,66.12,125,73.81
4344,509268,36.99,125,73.28
4345,509460,104.01,125,73.35
4346,509574,-66.13,100,71.63
4347,509706,-5.14,101,72.03
4348,509712,45.16,125,71.78
4349,509922,42.42,125,71.46
4350,510018,164.15,125,72.38
4351,510060,-61.07,100,71.39
4352,510174,-48.97,100,71.01
4353,510324,-1.45,102,70.46
4354,510456,39.16,125,71.31
4355,510540,-4.2,103,71.87
4356,510768,61.97,125,71.75
4357,510810,21.71,125,71.68
4358,510924,121.45,125,71.65
4359,510960,-2.98,106,71.26
4360,511140,-23.82,100,70.12
4361,511206,71.05,125,69.97
4362,511428,-4.94,103,69.14
4363,511518,30.29,125,68.34
4364,511608,8.8,114,68.4
4365,511710,102.17,125,69.47
4366,511752,-1.01,102,69.42
4367,511956,107.92,125,70.44
4368,512178,20.27,125,69.38
4369,512208,-61.53,100,67.48
4370,512268,96.36,125,67.46
4371,512460,118.12,125,67.37
4372,512502,93.77,125,67.32
4373,512586,-3.3,105,66.9
4374,512928,84.78,125,66.56
4375,512958,61.85,125,65.82
4376,513018,132.64,125,66.3
4377,513192,-8.6,101,65.88
4378,513210,59.54,125,66.3
4379,513252,20.88,125,65.93
4380,513678,84.47,125,65.7
4381,513696,13.44,123,64.72
4382,513768,51.34,125,64.73
4383,513792,-12.08,100,64.58
4384,513852,-32.03,100,63.41
4385,513960,79.49,125,62.97
4386,514428,104.86,125,63.01
4387,514446,56.46,125,62.46
4388,514518,42.86,125,61.54
4389,514542,66.67,125,61.1
4390,514602,35.04,125,60.08
4391,514710,30.57,125,59.32
4392,515028,-38.55,100,57.77
4393,515196,118.12,125,57.71
4394,515208,-4.41,101,56.74
4395,515268,66.67,125,56.06
4396,515292,78.91,125,55.85
4397,515316,-4.71,101,54.86
4398,515748,7.3,120,54.01
4399,515808,-30.46,100,54.06
4400,515922,-10.09,101,52.72
4401,515946,128.48,125,52.88
4402,516018,71.25,125,52.68
4403,516042,33.33,125,52.13
4404,516348,-42.54,100,51.56
4405,516558,98.5,125,51.75
4406,516612,10.35,115,51.19
4407,516642,-13.99,100,50.63
4408,516696,85.67,125,50.25
4409,516768,142.11,125,50.56
4410,517098,73.77,125,50.97
4411,517308,140.68,125,51.55
4412,517326,19.47,119,51.16
4413,517392,38.69,125,51.31
4414,517446,91.18,125,51.57
4415,517518,106.29,125,51.61
4416,517848,106.67,125,52.05
4417,518058,37.46,125,52.82
4418,518076,19.12,125,51.87
4419,518118,-29.39,100,50.48
4420,518142,77.94,125,51.38
4421,518196,85.43,125,51.59
4422,518598,13.56,125,50.66
4423,518808,110.03,125,50.29
4424,518826,142.11,125,50.65
4425,518868,71.82,125,50.48
4426,518892,80.92,125,51.82
4427,518946,137.92,125,52.05
4428,519348,157.46,125,52.63
4429,519468,-44.97,100,52.11
4430,519558,97.95,125,52.18
4431,519576,49.12,125,51.74
4432,519642,25.0,125,50.44
4433,519696,104.86,125,50.13
4434,520098,40.0,125,49.37
4435,520218,68.87,125,50.38
4436,520308,16.79,125,50.55
4437,520326,48.04,125,49.72
4438,520392,114.29,125,49.77
4439,520446,51.85,125,50.2
4440,520848,71.23,125,50.1
4441,520932,-10.29,101,48.43
4442,520968,18.64,125,47.68
4443,521058,134.31,125,48.36
4444,521142,4.76,116,48.04
4445,521142,84.47,125,47.84
4446,521532,-32.58,100,48.18
4447,521598,77.63,125,49.01
4448,521718,90.03,125,49.46
4449,521748,-5.33,101,48.98
4450,521808,50.82,125,47.85
4451,521832,6.68,115,48.52
4452,522282,105.98,125,50.07
4453,522324,-6.58,101,50.02
4454,522348,63.04,125,50.26
4455,522498,149.07,125,51.79
4456,522558,116.12,125,52.33
4457,522582,82.76,125,52.94
4458,522888,-8.24,101,51.65
4459,523074,39.53,125,52.07
4460,523098,114.04,125,53.45
4461,523098,-14.31,100,52.6
4462,523308,105.05,125,53.7
4463,523332,144.19,125,54.84
4464,523638,66.67,125,55.42
4465,523824,70.07,125,55.09
4466,523848,186.22,125,56.97
4467,523848,49.85,125,56.39
4468,523932,-12.81,100,56.05
4469,524058,117.23,125,57.84
4470,524304,-0.75,111,56.87
4471,524520,8.3,112,55.77
4472,524574,130.48,125,56.14
4473,524598,109.79,125,57.27
4474,524658,-11.21,100,56.31
4475,524682,91.34,125,56.61
4476,525054,85.76,125,56.14
4477,525174,-56.78,100,55.66
4478,525270,78.13,125,55.84
4479,525348,51.82,125,56.15
4480,525408,47.26,125,55.78
4481,525432,142.99,125,57.07
4482,525804,15.51,125,56.72
4483,525924,150.84,125,58.34
4484,526020,122.22,125,59.89
4485,526098,75.38,125,59.85
4486,526122,-1.75,115,58.78
4487,526158,42.51,125,58.64
4488,526416,-3.24,102,58.18
4489,526620,-11.51,100,57.4
4490,526674,124.42,125,58.29
4491,526722,-24.81,100,57.74
4492,526758,-22.2,100,57.9
4493,526848,107.12,125,57.79
4494,527034,-4.43,103,57.79
4495,527370,105.39,125,58.18
4496,527424,128.4,125,58.67
4497,527472,96.43,125,59.68
4498,527508,135.74,125,60.97
4499,527598,92.07,125,62.19
4500,527742,4.54,118,62.34
4501,528054,2.19,114,61.08
4502,528114,-6.07,101,60.3
4503,528174,137.62,125,61.35
4504,528204,-8.47,101,61.69
4505,528222,45.91,125,61.16
4506,528492,11.97,125,61.18
4507,528804,67.72,125,62.0
4508,528822,-33.06,100,60.81
4509,528828,1.54,109,59.4
4510,528864,50.0,125,59.17
4511,528954,168.66,125,59.45
4512,529092,-39.7,100,58.85
4513,529512,11.05,115,58.58
4514,529554,-52.97,100,57.14
4515,529554,25.88,125,56.33
4516,529578,30.52,125,55.57
4517,529614,67.74,125,55.87
4518,529770,1.85,113,55.7
4519,530184,2.51,112,56.02
4520,530220,-5.7,101,55.18
4521,530304,10.89,121,54.44
4522,530304,47.6,125,54.78
4523,530304,28.68,125,53.96
4524,530520,120.47,125,53.75
4525,530820,-13.29,100,52.9
4526,530934,40.13,125,52.49
4527,531054,137.46,125,52.48
4528,531054,40.22,125,51.31
4529,531054,31.49,125,52.08
4530,531120,-14.98,100,50.95
4531,531516,-0.74,116,50.45
4532,531534,-43.37,100,49.76
4533,531654,-25.71,100,48.46
4534,531720,-44.61,100,47.61
4535,531804,37.72,125,47.3
4536,531804,113.59,125,48.27
4537,532266,42.38,125,48.21
4538,532284,63.04,125,47.7
4539,532320,-29.28,100,46.89
4540,532404,50.33,125,46.68
4541,532404,-53.9,100,46.24
4542,532476,0.14,112,46.06
4543,532884,-53.48,100,44.18
4544,533016,44.69,125,44.58
4545,533070,97.88,125,44.71
4546,533154,119.27,125,46.23
4547,533154,40.26,125,45.86
4548,533226,32.2,125,45.28
4549,533490,-6.11,101,45.27
4550,533616,-12.68,100,44.64
4551,533670,-40.0,100,44.17
4552,533754,-52.01,100,42.59
4553,533904,114.52,125,43.8
4554,533976,41.03,125,43.58
4555,534090,-12.84,100,41.96
4556,534270,-34.86,100,40.45
4557,534354,-53.18,100,39.09
4558,534366,131.05,125,40.49
4559,534654,24.18,125,40.33
4560,534726,84.52,125,40.04
4561,534840,81.82,125,41.0
4562,534870,-13.99,100,39.81
4563,534966,-24.86,100,38.12
4564,535104,112.54,125,38.58
4565,535404,136.67,125,39.24
4566,535440,-53.46,100,36.85
4567,535476,72.64,125,37.07
4568,535566,-28.38,100,36.92
4569,535620,52.67,125,36.27
4570,535854,161.82,125,37.9
4571,536004,-59.31,100,37.22
4572,536166,-48.02,100,35.44
4573,536190,21.0,125,34.55
4574,536226,136.36,125,36.03
4575,536370,24.54,125,35.36
4576,536604,60.14,125,35.1
4577,536682,11.49,113,35.78
4578,536916,136.93,125,36.37
4579,536940,91.82,125,36.77
4580,536976,51.82,125,36.82
4581,537048,4.68,113,35.43
4582,537354,156.41,125,36.84
4583,537432,45.83,125,35.79
4584,537666,62.7,125,35.2
4585,537690,75.32,125,35.2
4586,537726,42.38,125,35.64
4587,537798,68.17,125,35.9
4588,537954,-52.7,100,35.4
4589,538182,87.5,125,36.39
4590,538338,1.32,108,35.16
4591,538416,77.99,125,36.19
4592,538476,110.36,125,37.51
4593,538548,77.02,125,37.21
4594,538704,24.11,125,37.5
4595,538782,-58.03,100,35.86
4596,539088,100.0,125,35.58
4597,539166,98.17,125,35.6
4598,539226,106.78,125,35.31
4599,539298,67.26,125,35.06
4600,539454,38.05,125,35.39
4601,539532,112.62,125,36.5
4602,539838,67.25,125,37.23
4603,539916,31.66,125,36.17
4604,539976,125.0,125,37.51
4605,540048,137.59,125,38.42
4606,540186,-1.76,109,38.29
4607,540204,90.16,125,38.51
4608,540588,84.29,125,39.68
4609,540666,20.13,125,39.87
4610,540726,146.95,125,40.84
4611,540768,29.95,120,39.45
4612,540786,-11.97,100,39.73
4613,540936,4.74,122,39.67
4614,541338,143.73,125,41.63
4615,541392,-7.95,101,41.3
4616,541416,49.84,125,41.49
4617,541476,26.21,125,41.07
4618,541518,76.47,125,41.82
4619,541548,-2.13,102,41.77
4620,542088,99.32,125,42.82
4621,542142,67.51,125,43.39
4622,542166,65.17,125,43.57
4623,542184,0.94,111,43.29
4624,542196,0.42,108,42.09
4625,542226,202.58,125,44.25
4626,542724,-3.8,106,43.81
4627,542766,-28.65,100,42.15
4628,542790,-4.89,101,41.7
4629,542826,-57.85,100,40.8
4630,542892,32.72,125,41.28
4631,542946,109.62,125,42.38
4632,543474,95.73,125,43.77
4633,543516,89.37,125,44.92
4634,543540,92.44,125,46.29
4635,543546,-49.55,100,45.42
4636,543576,65.54,125,44.94
4637,543642,53.04,125,45.05
4638,544224,91.34,125,45.33
4639,544266,47.17,125,46.1
4640,544290,72.3,125,46.32
4641,544296,19.35,125,47.05
4642,544326,119.27,125,48.24
4643,544392,158.62,125,50.36
4644,544890,-28.06,100,49.63
4645,544974,105.7,125,49.71
4646,545016,93.22,125,49.45
4647,545046,121.82,125,50.27
4648,545076,45.99,125,50.4
4649,545106,8.8,119,50.55
4650,545490,-24.62,100,50.43
4651,545682,7.76,111,50.91
4652,545724,102.13,125,52.45
4653,545790,4.32,114,51.35
4654,545796,114.52,125,52.09
4655,545826,25.0,125,52.46
4656,546240,44.37,125,53.26
4657,546432,34.68,125,54.13
4658,546474,113.0,125,53.95
4659,546492,1.92,117,53.73
4660,546546,100.73,125,53.89
4661,546576,97.84,125,54.05
4662,546990,126.28,125,55.46
4663,547182,-6.41,101,55.64
4664,547182,73.14,125,55.25
4665,547188,15.09,119,54.03
4666,547242,60.96,125,55.18
4667,547296,115.28,125,55.6
4668,547644,-1.77,109,55.87
4669,547788,-58.17,100,54.76
4670,547896,12.49,119,53.27
4671,547932,102.09,125,54.88
4672,547992,86.51,125,56.23
4673,548046,50.13,125,56.52
4674,548394,103.51,125,56.19
4675,548532,-59.92,100,55.34
4676,548538,82.76,125,55.57
4677,548646,8.36,125,55.54
4678,548742,50.59,125,54.67
4679,548796,24.51,125,54.0
4680,549138,-10.72,101,53.38
4681,549144,52.27,125,53.85
4682,549288,100.0,125,53.29
4683,549342,-26.01,100,52.57
4684,549396,123.48,125,53.18
4685,549546,27.27,125,52.7
4686,549888,101.44,125,53.29
4687,549894,101.3,125,53.62
4688,550002,-4.39,110,54.1
4689,550038,31.15,125,53.54
4690,550146,89.83,125,54.42
4691,550296,35.37,125,54.0
4692,550608,-7.37,101,52.82
4693,550638,64.91,125,52.7
4694,550644,45.99,125,52.92
4695,550722,15.59,114,53.65
4696,550896,23.13,125,52.89
4697,551046,34.68,125,52.25
4698,551208,-17.69,100,51.01
4699,551388,45.75,125,50.79
4700,551394,56.58,125,50.98
4701,551472,18.24,125,50.03
4702,551646,33.56,125,49.7
4703,551796,68.83,125,50.07
4704,551958,114.29,125,49.96
4705,552138,119.67,125,49.78
4706,552144,21.71,125,50.02
4707,552222,161.19,125,50.73
4708,552396,39.53,125,50.28
4709,552396,-53.65,100,49.54
4710,552558,-49.39,100,47.58
4711,552888,120.64,125,48.48
4712,552894,105.48,125,49.66
4713,552972,2.1,125,49.63
4714,553146,78.83,125,48.98
4715,553146,40.0,125,49.46
4716,553242,13.4,114,49.1
4717,553638,54.14,125,49.38
4718,553644,50.54,125,49.12
4719,553722,60.66,125,49.75
4720,553896,125.17,125,50.0
4721,553896,73.61,125,50.07
4722,553992,58.21,125,50.0
4723,554388,71.64,125,50.7
4724,554394,108.48,125,51.78
4725,554472,40.47,125,50.16
4726,554496,-10.23,100,50.1
4727,554646,55.49,125,50.94
4728,554742,25.81,125,51.25
4729,555072,-16.84,100,51.66
4730,555138,132.56,125,52.65
4731,555144,86.67,125,52.43
4732,555246,107.61,125,52.54
4733,555246,-12.2,100,51.53
4734,555426,6.36,114,50.67
4735,555750,-9.37,101,51.07
4736,555822,73.47,125,51.15
4737,555846,-15.06,100,50.47
4738,555888,34.02,125,49.89
4739,555996,16.21,125,49.58
4740,556176,65.49,125,49.52
4741,556350,-53.73,100,48.79
4742,556566,21.65,120,47.81
4743,556572,74.45,125,46.97
4744,556638,104.3,125,48.29
4745,556746,37.93,125,47.61
4746,556926,60.61,125,47.29
4747,557100,84.3,125,46.91
4748,557184,-4.06,103,46.41
4749,557322,124.26,125,47.57
4750,557346,-63.64,100,47.18
4751,557388,29.87,125,47.4
4752,557580,2.02,109,46.4
4753,557784,-11.6,100,46.24
4754,557850,51.9,125,45.61
4755,557988,-22.37,100,45.14
4756,558072,85.76,125,45.55
4757,558090,21.68,124,45.42
4758,558330,22.64,125,44.52
4759,558384,-34.25,100,44.16
4760,558456,-7.95,101,43.07
4761,558690,-10.8,100,41.98
4762,558738,156.51,125,42.29
4763,558822,42.43,125,42.77
4764,558930,-33.64,100,41.71
4765,559134,90.64,125,42.46
4766,559206,140.51,125,43.26
4767,559440,87.5,125,42.98
4768,559488,162.96,125,44.63
4769,559572,77.91,125,45.99
4770,559680,62.25,125,46.48
4771,559734,-19.21,100,45.27
4772,559956,68.22,125,45.09
4773,560088,-23.26,100,44.35
4774,560190,69.93,125,44.02
4775,560280,-31.85,100,44.3
4776,560322,41.91,125,43.89
4777,560484,116.98,125,44.98
4778,560688,-25.65,100,44.22
4779,560706,97.95,125,44.95
4780,560898,-4.94,103,45.01
4781,560922,-64.66,100,43.84
4782,560940,101.41,125,43.85
4783,561234,82.98,125,44.94
4784,561438,79.81,125,44.51
4785,561456,38.3,125,44.62
4786,561546,-6.5,101,43.54
4787,561600,22.63,117,42.75
4788,561672,91.92,125,43.71
4789,561918,6.12,114,43.46
4790,562038,-30.33,100,42.26
4791,562056,-24.83,100,41.66
4792,562212,-3.4,102,41.7
4793,562296,34.18,125,41.39
4794,562422,21.32,125,41.14
4795,562638,-40.71,100,40.58
4796,562668,103.95,125,41.39
4797,562806,186.71,125,42.91
4798,562962,85.96,125,43.95
4799,563046,125.35,125,44.74
4800,563172,102.95,125,45.21
4801,563388,101.44,125,46.04
4802,563418,143.15,125,47.13
4803,563556,97.8,125,47.42
4804,563712,25.89,125,46.54
4805,563796,120.28,125,46.55
4806,563922,159.93,125,47.93
4807,564138,80.21,125,47.12
4808,564168,95.95,125,47.68
4809,564306,168.21,125,49.9
4810,564312,-15.25,100,50.24
4811,564546,134.66,125,50.38
4812,564672,42.86,125,49.76
4813,564888,134.85,125,51.08
4814,564912,-32.55,100,49.97
4815,564918,37.61,125,49.95
4816,565056,105.63,125,50.87
4817,565296,124.83,125,51.58
4818,565422,34.95,125,51.42
4819,565626,10.68,118,50.92
4820,565638,161.03,125,51.28
4821,565662,126.67,125,51.81
4822,565806,126.77,125,52.49
4823,565896,-11.52,100,51.66
4824,566172,195.72,125,52.54
4825,566226,-36.05,100,51.77
4826,566388,62.54,125,52.5
4827,566412,60.49,125,52.55
4828,566556,104.38,125,53.33
4829,566592,9.92,116,53.6
4830,566922,93.1,125,53.21
4831,566976,71.23,125,53.05
4832,567138,85.76,125,52.83
4833,567162,72.4,125,53.68
4834,567306,99.31,125,54.61
4835,567318,14.31,121,54.85
4836,567672,125.81,125,55.37
4837,567726,40.6,125,55.93
4838,567888,91.13,125,56.5
4839,567906,-17.7,100,56.16
4840,567912,134.09,125,56.84
4841,568068,114.95,125,58.53
4842,568422,96.67,125,59.28
4843,568476,58.68,125,59.12
4844,568638,105.57,125,59.14
4845,568656,117.06,125,59.93
4846,568662,211.02,125,61.43
4847,568818,31.58,125,60.9
4848,569022,-22.65,100,60.72
4849,569226,83.95,125,60.32
4850,569310,5.4,109,61.01
4851,569388,137.24,125,62.08
4852,569412,11.31,125,62.17
4853,569568,97.41,125,63.26
4854,569772,135.92,125,64.1
4855,569826,-17.3,100,64.15
4856,570006,-1.98,103,63.28
4857,570060,71.23,125,63.77
4858,570162,52.1,125,64.07
4859,570318,208.22,125,66.49
4860,570522,111.92,125,67.69
4861,570576,154.48,125,69.34
4862,570756,125.35,125,69.03
4863,570810,51.82,125,69.12
4864,570900,22.04,123,69.68
4865,570918,-24.12,100,68.53
4866,571272,107.55,125,68.2
4867,571326,82.43,125,68.15
4868,571410,-40.2,100,66.12
4869,571506,49.09,125,65.83
4870,571650,121.8,125,66.43
4871,571668,121.43,125,67.84
4872,571992,5.27,120,67.21
4873,572076,32.2,125,67.76
4874,572160,106.9,125,68.13
4875,572166,-2.09,110,68.43
4876,572400,27.64,125,68.29
4877,572418,52.94,125,67.64
4878,572592,-23.39,100,67.67
4879,572766,-24.27,100,66.45
4880,572826,137.93,125,67.87
4881,572910,104.46,125,69.56
4882,573000,-20.51,100,68.35
4883,573126,2.25,118,67.54
4884,573342,141.26,125,68.15
4885,573366,-58.59,100,67.18
4886,573576,79.03,125,68.04
4887,573660,61.07,125,68.42
4888,573726,-15.18,100,67.35
4889,573750,84.91,125,68.14
4890,573942,-12.81,100,68.32
4891,573966,-18.91,100,68.38
4892,574326,99.29,125,69.4
4893,574350,-34.25,100,68.72
4894,574410,61.54,125,69.12
4895,574476,13.43,125,69.66
4896,574566,-11.3,100,68.51
4897,574668,5.76,121,66.7
4898,574968,-5.35,103,65.79
4899,574986,2.28,110,64.56
4900,575160,33.89,125,63.86
4901,575226,80.98,125,63.66
4902,575256,8.72,115,62.32
4903,575418,96.14,125,62.3
4904,575676,2.59,115,62.07
4905,575718,123.83,125,62.1
4906,575760,-40.17,100,60.1
4907,575976,151.72,125,60.82
4908,576006,60.45,125,60.46
4909,576168,21.21,125,58.99
4910,576360,-22.0,100,58.92
4911,576402,1.77,114,57.59
4912,576426,56.86,125,57.73
4913,576726,22.81,125,56.61
4914,576756,83.52,125,57.77
4915,576768,-13.11,100,57.27
4916,577020,-1.21,110,56.2
4917,577152,63.32,125,55.58
4918,577176,109.15,125,56.33
4919,577368,0.42,107,56.22
4920,577506,81.49,125,55.43
4921,577518,92.81,125,55.09
4922,577770,127.27,125,55.09
4923,577902,42.86,125,55.64
4924,577926,137.74,125,55.06
4925,578118,-4.68,102,55.37
4926,578118,138.91,125,56.14
4927,578118,-13.96,100,55.39
4928,578520,29.15,125,54.64
4929,578652,66.67,125,55.21
4930,578676,83.28,125,55.11
4931,578868,72.93,125,55.13
4932,578868,29.1,125,54.56
4933,578868,84.85,125,54.68
4934,579198,3.54,113,53.73
4935,579282,-9.85,101,53.48
4936,579402,46.52,125,52.69
4937,579468,-12.63,100,52.16
4938,579618,109.52,125,52.34
4939,579618,58.5,125,53.1
4940,579948,50.38,125,52.27
4941,580002,-22.31,100,50.9
4942,580032,29.03,125,50.22
4943,580218,48.26,125,50.11
4944,580368,132.39,125,50.38
4945,580368,89.0,125,50.1
4946,580548,-27.05,100,47.72
4947,580632,-13.22,100,47.27
4948,580752,48.55,125,47.99
4949,580968,156.6,125,48.71
4950,581040,3.13,112,48.69
4951,581118,57.48,125,47.89
4952,581298,97.41,125,48.75
4953,581352,-32.19,100,47.46
4954,581382,54.09,125,46.64
4955,581640,-54.03,100,46.27
4956,581718,48.15,125,46.77
4957,581868,33.33,125,46.39
4958,582048,76.27,125,46.64
4959,582102,51.34,125,45.07
4960,582132,63.14,125,44.58
4961,582390,143.99,125,44.47
4962,582468,110.73,125,44.33
4963,582468,-37.4,100,43.44
4964,582732,-12.48,100,43.09
4965,582798,61.97,125,43.95
4966,582810,0.01,118,42.88
4967,583080,1.98,115,42.07
4968,583218,94.08,125,43.41
4969,583218,160.16,125,44.52
4970,583482,194.55,125,45.25
4971,583548,78.22,125,44.82
4972,583560,62.96,125,45.4
4973,583830,136.59,125,46.44
4974,583944,19.56,121,45.57
4975,583950,-2.21,122,45.57
4976,584232,114.05,125,46.43
4977,584298,42.3,125,46.32
4978,584310,94.95,125,47.51
4979,584520,-1.37,115,47.74
4980,584640,2.27,116,46.38
4981,584700,91.28,125,46.25
4982,584910,4.56,113,46.5
4983,585048,123.83,125,47.71
4984,585060,79.78,125,47.1
4985,585138,-4.67,103,47.64
4986,585390,142.52,125,48.27
4987,585450,22.45,125,47.89
4988,585510,-26.81,100,47.77
4989,585798,100.67,125,47.93
4990,585810,95.44,125,49.01
4991,585888,202.52,125,51.23
4992,586140,160.22,125,51.83
4993,586200,98.02,125,53.16
4994,586260,143.54,125,53.98
4995,586482,5.35,114,53.9
4996,586560,41.07,125,54.42
4997,586638,16.67,125,54.53
4998,586746,-3.88,101,54.54
4999,586860,-11.49,100,54.41
5000,586950,10.09,125,54.17
5001,587232,94.63,125,54.3
5002,587310,126.97,125,55.49
5003,587346,-10.5,100,54.42
5004,587388,128.37,125,55.68
5005,587610,182.95,125,56.27
5006,587700,95.8,125,57.63
5007,587982,194.34,125,58.06
5008,588054,5.26,118,57.5
5009,588060,108.05,125,58.37
5010,588138,25.44,125,58.85
5011,588360,109.52,125,59.92
5012,588438,7.81,123,59.43
5013,588732,69.96,125,59.91
5014,588762,10.96,118,59.18
5015,588810,48.1,125,59.79
5016,588888,78.46,125,60.59
5017,589110,61.29,125,60.57
5018,589188,60.0,125,60.08
5019,589482,65.02,125,60.72
5020,589512,94.61,125,60.85
5021,589560,146.62,125,61.39
5022,589572,3.38,114,60.15
5023,589860,9.09,125,59.82
5024,589938,67.2,125,59.11
5025,590232,93.97,125,60.1
5026,590262,107.79,125,59.79
5027,590310,128.67,125,61.21
5028,590322,122.57,125,62.15
5029,590610,121.43,125,62.69
5030,590652,5.49,119,61.92
5031,590910,-13.56,100,61.05
5032,590922,-35.35,100,60.41
5033,590982,100.0,125,60.56
5034,591012,53.65,125,61.06
5035,591264,-2.46,102,61.13
5036,591360,80.28,125,61.47
5037,591660,202.41,125,63.62
5038,591672,95.12,125,63.48
5039,591732,116.49,125,64.06
5040,591762,64.52,125,64.2
5041,591864,-28.07,100,64.14
5042,592110,47.59,125,64.33
5043,592278,-7.12,101,63.77
5044,592362,-12.16,100,62.33
5045,592404,14.35,124,61.58
5046,592482,125.09,125,63.1
5047,592614,196.03,125,65.19
5048,592860,77.7,125,65.49
5049,593028,22.52,125,64.14
5050,593112,57.26,125,64.69
5051,593154,101.49,125,65.13
5052,593232,154.68,125,65.7
5053,593364,102.8,125,67.05
5054,593466,-8.64,101,66.42
5055,593760,-5.8,101,66.9
5056,593778,125.45,125,67.68
5057,593832,-39.3,100,66.95
5058,593862,103.51,125,67.22
5059,593964,-15.15,100,66.56
5060,594216,73.91,125,66.67
5061,594432,-29.9,100,64.93
5062,594510,100.0,125,64.82
5063,594528,116.56,125,66.36
5064,594582,5.91,120,66.54
5065,594714,140.42,125,67.33
5066,594966,35.21,125,67.68
5067,595182,193.55,125,69.6
5068,595260,136.64,125,70.02
5069,595278,131.32,125,69.73
5070,595314,-33.64,100,67.45
5071,595332,17.98,125,66.85
5072,595716,131.03,125,67.53
5073,595932,94.35,125,67.11
5074,596010,85.53,125,67.77
5075,596028,60.0,125,68.39
5076,596064,104.89,125,68.3
5077,596082,27.36,125,68.15
5078,596316,-37.39,100,66.82
5079,596610,-37.29,100,66.46
5080,596682,78.32,125,67.23
5081,596718,8.98,115,66.4
5082,596814,153.97,125,67.9
5083,596832,155.17,125,68.21
5084,597066,101.99,125,68.43
5085,597324,-9.65,101,68.38
5086,597360,114.29,125,68.1
5087,597432,144.22,125,69.32
5088,597504,-2.91,115,69.56
5089,597582,107.61,125,69.63
5090,597816,125.56,125,69.93
5091,597960,-10.56,100,67.8
5092,598074,52.24,125,66.72
5093,598080,-1.86,108,65.72
5094,598146,-5.47,107,64.23
5095,598308,21.18,121,64.39
5096,598566,16.04,125,64.14
5097,598674,-58.42,100,63.38
5098,598710,213.73,125,65.56
5099,598830,9.88,125,65.77
5100,598872,31.58,121,65.99
5101,598908,-15.06,100,64.89
5102,599274,-26.81,100,63.35
5103,599316,101.99,125,64.48
5104,599406,13.73,116,63.33
5105,599436,-10.38,101,61.4
5106,599508,-68.7,100,59.75
5107,599544,0.41,112,57.82
5108,599874,-32.61,100,57.44
5109,600066,17.06,125,56.53
5110,600102,-0.46,111,56.27
5111,600156,131.54,125,56.49
5112,600258,110.53,125,57.52
5113,600294,127.72,125,58.09
5114,600624,25.88,125,58.24
5115,600666,-51.73,100,57.24
5116,600702,-10.92,100,56.35
5117,600756,-24.44,100,55.49
5118,601008,115.74,125,56.05
5119,601044,129.51,125,56.7
5120,601374,83.28,125,56.58
5121,601416,61.05,125,55.73
5122,601452,50.47,125,56.2
5123,601506,70.54,125,56.81
5124,601644,-40.71,100,55.73
5125,601758,100.66,125,55.8
5126,602106,-46.05,100,54.26
5127,602124,144.83,125,54.42
5128,602166,73.01,125,53.93
5129,602202,79.28,125,53.51
5130,602358,-24.03,100,53.21
5131,602394,61.05,125,53.96
5132,602706,-42.96,100,53.88
5133,602874,162.36,125,54.5
5134,602916,32.2,125,54.29
5135,602952,27.59,125,54.59
5136,603108,106.56,125,54.85
5137,603144,18.81,125,53.02
5138,603306,-45.52,100,51.61
5139,603558,-1.99,107,50.43
5140,603624,154.61,125,51.33
5141,603702,25.9,125,51.87
5142,603726,-3.61,103,51.35
5143,603894,83.45,125,52.26
5144,604056,142.96,125,53.81
5145,604158,-29.32,100,53.37
5146,604302,-49.07,100,51.63
5147,604374,158.99,125,51.26
5148,604476,207.41,125,52.56
5149,604644,218.01,125,54.51
5150,604758,-44.6,100,53.5
5151,604806,119.35,125,53.67
5152,604974,-44.03,100,51.69
5153,605052,15.94,125,50.82
5154,605076,-10.07,100,50.8
5155,605394,30.61,125,51.17
5156,605448,2.01,107,49.93
5157,605508,56.63,125,50.89
5158,605676,-19.8,100,49.66
5159,605724,38.89,125,50.2
5160,605802,12.8,125,49.59
5161,606144,39.93,125,50.29
5162,606198,181.02,125,51.1
5163,606258,101.41,125,50.95
5164,606426,148.34,125,52.37
5165,606474,47.16,125,51.44
5166,606552,140.8,125,52.49
5167,606894,109.46,125,51.65
5168,606948,52.28,125,50.81
5169,607008,97.64,125,50.47
5170,607128,9.6,117,50.9
5171,607224,71.62,125,51.44
5172,607230,-1.72,113,50.11
5173,607494,-47.53,100,48.69
5174,607548,-34.25,100,47.5
5175,607758,100.0,125,47.9
5176,607878,122.22,125,48.07
5177,607974,41.18,125,48.21
5178,607980,146.62,125,50.05
5179,608244,107.75,125,51.5
5180,608298,53.85,125,51.25
5181,608508,160.27,125,52.77
5182,608628,172.73,125,52.95
5183,608724,245.38,125,53.86
5184,608730,48.94,125,53.33
5185,608994,87.5,125,54.3
5186,609048,150.86,125,54.66
5187,609258,154.18,125,54.76
5188,609330,17.51,117,54.97
5189,609474,115.69,125,55.05
5190,609480,42.86,125,54.22
5191,609744,109.15,125,55.42
5192,609798,117.53,125,56.07
5193,609912,-1.55,109,56.07
5194,610080,197.96,125,58.11
5195,610170,16.85,116,58.07
5196,610230,51.94,125,58.42
5197,610344,-33.07,100,58.68
5198,610548,83.75,125,57.38
5199,610662,216.41,125,59.44
5200,610830,155.1,125,60.68
5201,610920,63.88,125,61.47
5202,610980,71.93,125,62.46
5203,611094,65.14,125,62.09
5204,611298,73.61,125,62.69
5205,611412,53.57,125,63.32
5206,611580,111.54,125,65.13
5207,611670,119.44,125,66.32
5208,611730,226.32,125,68.91
5209,611844,64.91,125,69.39
5210,612048,33.2,125,69.72
5211,612162,132.88,125,69.74
5212,612330,57.14,125,69.2
5213,612420,30.72,125,68.23
5214,612444,-43.75,100,67.54
5215,612480,71.33,125,68.77
5216,612648,-30.0,100,68.58
5217,612882,24.43,120,69.06
5218,612930,-51.73,100,67.39
5219,613080,-27.37,100,65.82
5220,613170,51.52,125,65.5
5221,613194,134.48,125,66.24
5222,613398,64.87,125,66.38
5223,613632,180.14,125,67.48
5224,613644,5.1,119,67.94
5225,613830,72.41,125,67.65
5226,613920,55.17,125,68.67
5227,613944,127.76,125,68.49
5228,614148,155.03,125,69.31
5229,614340,12.36,118,68.65
5230,614394,71.25,125,69.6
5231,614580,62.32,125,69.61
5232,614670,105.32,125,71.09
5233,614694,128.87,125,70.76
5234,614898,28.0,125,70.72
5235,614940,-21.68,100,70.22
5236,615144,108.33,125,70.24
5237,615180,-60.99,100,69.44
5238,615312,-3.54,103,69.86
5239,615420,75.67,125,70.64
5240,615648,111.41,125,70.21
5241,615690,78.71,125,70.74
5242,615744,-60.0,100,70.17
5243,615930,41.89,125,69.76
5244,615942,-2.98,105,68.3
5245,616170,68.83,125,69.28
5246,616248,-14.43,100,69.63
5247,616344,-43.11,100,67.6
5248,616440,120.34,125,66.73
5249,616542,-22.49,100,64.33
5250,616680,45.63,125,65.23
5251,616818,-3.67,108,64.0
5252,616998,130.77,125,65.75
5253,617034,5.22,115,65.64
5254,617190,79.49,125,66.54
5255,617292,15.32,125,66.38
5256,617430,57.11,125,66.94
5257,617568,116.13,125,67.53
5258,617706,-3.34,112,67.69
5259,617748,29.75,125,67.6
5260,617790,-12.92,100,67.35
5261,618036,-6.61,101,66.88
5262,618042,87.71,125,65.95
5263,618306,-28.01,100,64.65
5264,618318,154.9,125,64.72
5265,618450,13.42,117,64.38
5266,618450,-0.52,110,62.97
5267,618642,-79.41,100,61.08
5268,618666,-2.09,105,60.54
5269,619056,26.81,125,59.83
5270,619068,108.21,125,60.81
5271,619200,127.27,125,61.37
5272,619200,101.78,125,62.41
5273,619392,131.79,125,64.2
5274,619416,174.07,125,66.28
5275,619806,142.11,125,66.7
5276,619818,60.13,125,66.08
5277,619950,128.57,125,66.96
5278,619950,162.96,125,67.12
5279,620142,130.77,125,67.35
5280,620166,139.73,125,68.21
5281,620556,128.87,125,67.89
5282,620568,123.37,125,67.4
5283,620700,33.57,125,65.28
5284,620700,62.54,125,65.42
5285,620868,6.97,117,64.61
5286,620892,119.67,125,64.3
5287,621306,218.35,125,64.94
5288,621318,40.74,125,65.18
5289,621438,3.84,123,64.06
5290,621450,45.63,125,64.08
5291,621618,63.82,125,63.63
5292,621642,114.81,125,63.6
5293,621918,-44.05,100,63.18
5294,622056,81.82,125,62.02
5295,622188,42.86,125,62.28
5296,622200,222.58,125,63.98
5297,622368,209.28,125,66.41
5298,622392,31.03,125,65.88
5299,622668,173.38,125,65.45
5300,622800,-20.96,100,63.69
5301,622806,65.56,125,63.71
5302,622938,92.98,125,63.92
5303,623118,136.75,125,64.63
5304,623142,69.1,125,64.59
5305,623400,-51.83,100,63.53
5306,623418,178.75,125,64.21
5307,623538,-11.15,100,62.9
5308,623556,135.67,125,61.99
5309,623868,102.9,125,62.37
5310,623892,79.21,125,62.83
5311,624018,-17.5,100,61.33
5312,624066,2.11,111,60.78
5313,624138,-15.8,100,60.31
5314,624282,5.76,121,60.81
5315,624618,165.18,125,61.75
5316,624642,81.23,125,62.86
5317,624738,-45.16,100,62.16
5318,624768,29.92,125,62.98
5319,624816,15.52,125,63.41
5320,625032,170.83,125,64.6
5321,625242,-19.93,100,63.06
5322,625368,136.59,125,63.78
5323,625488,174.58,125,63.72
5324,625518,154.75,125,65.22
5325,625566,181.88,125,66.31
5326,625782,116.49,125,66.92
5327,625992,142.32,125,67.07
5328,626118,120.45,125,66.72
5329,626124,-4.1,106,66.56
5330,626268,121.85,125,67.07
5331,626316,110.53,125,67.55
5332,626490,12.47,118,66.62
5333,626670,-4.41,113,65.29
5334,626868,100.0,125,66.01
5335,626874,49.5,125,66.72
5336,627018,47.06,125,66.11
5337,627066,51.94,125,67.24
5338,627228,22.94,123,67.5
5339,627270,-40.66,100,66.34
5340,627606,51.6,123,65.74
5341,627624,162.14,125,66.57
5342,627768,135.07,125,68.52
5343,627816,76.08,125,68.87
5344,627978,122.6,125,70.12
5345,628020,98.11,125,70.41
5346,628206,-37.95,100,70.18
5347,628224,-11.27,100,70.5
5348,628416,-44.46,100,68.85
5349,628458,-0.79,115,69.07
5350,628584,-5.2,101,68.56
5351,628752,26.62,122,68.86
5352,628824,-60.92,100,66.94
5353,628956,64.38,125,67.54
5354,629040,-5.56,104,66.69
5355,629058,-44.57,100,66.09
5356,629334,150.0,125,67.02
5357,629352,-22.57,100,65.63
5358,629574,-4.43,103,65.62
5359,629574,85.33,125,66.17
5360,629790,98.35,125,67.29
5361,629808,128.57,125,68.64
5362,630084,46.52,125,68.23
5363,630102,104.89,125,69.55
5364,630174,-17.11,100,67.83
5365,630324,65.54,125,68.36
5366,630408,-48.07,100,67.88
5367,630540,45.76,125,69.13
5368,630708,-10.31,101,69.05
5369,630834,71.82,125,69.5
5370,630924,130.48,125,69.72
5371,631074,6.01,125,68.51
5372,631158,56.63,125,68.06
5373,631194,3.71,109,66.78
5374,631308,-44.41,100,64.59
5375,631440,-10.33,101,63.07
5376,631674,30.43,125,62.77
5377,631758,-32.66,100,61.16
5378,631824,18.47,125,59.71
5379,631890,0.95,116,58.42
5380,632058,125.17,125,58.27
5381,632124,-3.79,114,56.94
5382,632424,105.98,125,56.77
5383,632448,-1.41,115,56.42
5384,632490,-30.17,100,55.49
5385,632574,41.87,125,55.84
5386,632808,77.99,125,55.43
5387,632874,147.52,125,54.72
5388,633060,-2.18,102,54.29
5389,633174,54.11,125,54.79
5390,633240,93.33,125,55.27
5391,633324,47.29,125,55.1
5392,633408,-32.73,100,53.63
5393,633624,83.33,125,54.9
5394,633660,-33.71,100,53.75
5395,633840,-52.97,100,52.79
5396,633924,11.82,125,50.68
5397,633924,-24.95,100,48.34
5398,634008,-30.0,100,47.73
5399,634224,-22.03,100,45.77
5400,634410,27.66,125,46.26
5401,634524,-18.36,100,45.42
5402,634590,111.6,125,45.61
5403,634608,-21.37,100,44.02
5404,634674,55.56,125,43.89
5405,634866,-6.33,107,44.34
5406,635124,-15.62,100,42.4
5407,635160,154.61,125,44.06
5408,635250,-1.35,107,42.69
5409,635274,-71.83,100,40.94
5410,635340,24.57,125,40.39
5411,635616,114.79,125,41.72
5412,635874,9.09,125,41.79
5413,635910,127.42,125,43.22
5414,635958,17.51,118,43.34
5415,636024,65.61,125,42.34
5416,636090,30.8,125,41.84
5417,636366,110.37,125,43.39
5418,636510,-24.66,100,42.85
5419,636624,40.29,125,43.09
5420,636654,-0.27,116,41.38
5421,636714,-1.66,115,41.57
5422,636840,173.68,125,41.94
5423,637116,90.65,125,41.1
5424,637260,32.87,125,39.88
5425,637314,-24.92,100,37.81
5426,637374,96.55,125,37.61
5427,637404,31.67,125,36.5
5428,637590,26.28,125,35.56
5429,637866,97.53,125,36.58
5430,638004,-26.31,100,35.1
5431,638010,89.37,125,34.89
5432,638016,-0.79,107,34.75
5433,638064,138.27,125,36.18
5434,638340,15.5,125,35.34
5435,638616,31.76,125,35.16
5436,638742,0.17,113,34.69
5437,638754,91.56,125,35.09
5438,638760,67.16,125,35.53
5439,638766,108.75,125,37.02
5440,639090,63.12,125,37.14
5441,639360,-21.18,100,35.3
5442,639366,82.93,125,34.78
5443,639396,-5.65,107,33.96
5444,639444,5.0,117,32.79
5445,639516,62.96,125,32.44
5446,639840,161.19,125,34.43
5447,640110,122.22,125,35.76
5448,640116,117.99,125,37.39
5449,640146,128.26,125,38.68
5450,640194,77.78,125,39.51
5451,640266,21.85,125,39.46
5452,640590,90.03,125,40.97
5453,640746,-36.9,100,39.96
5454,640860,46.96,125,40.48
5455,640866,102.66,125,41.95
5456,640944,144.81,125,41.9
5457,641016,151.85,125,43.65
5458,641340,40.85,125,44.1
5459,641496,60.54,125,43.85
5460,641544,-40.91,100,42.46
5461,641610,52.17,125,41.7
5462,641616,17.83,125,41.41
5463,641766,21.11,125,40.57
5464,642090,186.82,125,42.61
5465,642234,-5.46,104,41.9
5466,642246,30.91,125,42.69
5467,642294,64.34,125,42.88
5468,642366,160.73,125,44.59
5469,642366,-26.74,100,43.6
5470,642840,116.61,125,43.46
5471,642846,-34.86,100,43.05
5472,642966,-20.19,100,42.28
5473,642966,-5.76,112,42.19
5474,642984,99.39,125,43.63
5475,643116,135.09,125,45.08
5476,643590,16.04,125,44.94
5477,643596,135.96,125,46.62
5478,643716,137.93,125,47.82
5479,643716,62.45,125,48.43
5480,643734,23.27,125,47.41
5481,643866,117.99,125,48.63
5482,644340,114.57,125,48.72
5483,644346,9.54,125,48.83
5484,644358,-5.47,107,49.08
5485,644466,109.74,125,49.75
5486,644484,104.55,125,50.02
5487,644616,59.09,125,49.14
5488,645090,136.75,125,50.52
5489,645096,16.67,125,50.15
5490,645102,32.94,124,49.55
5491,645126,-0.49,107,49.07
5492,645174,-1.88,118,49.38
5493,645366,107.32,125,49.62
5494,645696,-30.88,100,49.64
5495,645840,36.36,125,50.54
5496,645852,95.21,125,51.37
5497,645876,19.53,125,51.82
5498,645924,36.67,125,52.48
5499,646116,156.67,125,54.27
5500,646440,-45.41,100,53.54
5501,646446,48.55,125,54.21
5502,646458,-4.91,101,53.04
5503,646626,91.64,125,54.17
5504,646674,48.87,125,54.11
5505,646788,4.9,112,54.22
5506,647190,177.78,125,56.15
5507,647196,125.09,125,55.86
5508,647208,64.98,125,56.52
5509,647376,80.92,125,58.05
5510,647424,88.93,125,58.69
5511,647430,3.47,107,57.58
5512,647796,-17.82,100,57.31
5513,647826,-3.97,103,56.0
5514,647940,89.1,125,56.71
5515,647976,-40.0,100,55.66
5516,648174,66.11,125,56.01
5517,648180,105.67,125,55.96
5518,648546,26.98,125,56.48
5519,648576,108.86,125,57.16
5520,648690,45.02,125,57.62
5521,648726,32.14,125,57.96
5522,648774,-48.67,100,55.73
5523,648840,-3.29,110,54.79
5524,649290,-20.91,100,54.25
5525,649296,65.54,125,55.16
5526,649326,20.33,125,54.4
5527,649476,130.77,125,55.39
5528,649524,73.61,125,55.86
5529,649572,8.63,122,54.97
5530,650040,159.65,125,56.83
5531,650046,13.27,125,56.07
5532,650076,-46.42,100,55.61
5533,650076,93.55,125,55.17
5534,650274,38.79,125,55.4
5535,650280,10.13,118,55.18
5536,650700,0.35,109,55.19
5537,650790,169.09,125,55.96
5538,650826,48.28,125,55.77
5539,650826,174.9,125,56.43
5540,651024,76.7,125,56.57
5541,651030,123.0,125,58.01
5542,651396,-10.09,101,57.08
5543,651426,-23.17,100,56.91
5544,651450,115.49,125,58.01
5545,651576,22.64,125,57.61
5546,651630,-15.48,100,55.84
5547,651774,71.05,125,55.33
5548,652026,-3.38,105,54.12
5549,652176,122.6,125,54.06
5550,652200,13.21,125,53.41
5551,652230,-33.41,100,52.86
5552,652326,66.1,125,52.62
5553,652464,-3.86,115,52.95
5554,652776,78.95,125,53.27
5555,652830,1.32,105,52.26
5556,652926,88.93,125,51.7
5557,652980,56.03,125,50.74
5558,653076,11.86,125,50.45
5559,653214,77.17,125,50.62
5560,653430,-41.09,100,50.62
5561,653442,-5.72,111,50.04
5562,653676,115.83,125,51.02
5563,653730,156.23,125,52.37
5564,653814,-36.39,100,50.14
5565,653826,93.85,125,51.13
5566,654030,-44.29,100,50.38
5567,654192,66.14,125,50.39
5568,654330,-48.55,100,48.3
5569,654426,-41.17,100,48.16
5570,654426,179.41,125,48.79
5571,654564,88.55,125,50.02
5572,654780,111.54,125,51.34
5573,654900,9.3,118,51.49
5574,655026,-14.06,100,50.35
5575,655080,49.39,125,49.5
5576,655164,-11.25,100,49.22
5577,655176,70.21,125,48.57
5578,655386,-3.88,101,47.15
5579,655500,-34.86,100,46.17
5580,655680,-32.36,100,45.62
5581,655764,-33.57,100,44.1
5582,655776,178.39,125,44.74
5583,655926,105.57,125,45.7
5584,656010,-0.14,104,45.75
5585,656190,3.94,115,44.7
5586,656376,-10.0,100,43.55
5587,656430,103.01,125,43.99
5588,656514,86.21,125,43.48
5589,656526,-23.14,100,43.09
5590,656760,85.19,125,43.61
5591,656940,69.55,125,44.31
5592,657048,-4.04,103,44.29
5593,657126,35.31,125,43.57
5594,657168,-3.69,107,43.84
5595,657264,143.24,125,44.91
5596,657360,-10.4,100,43.85
5597,657546,-5.89,101,43.6
5598,657732,-6.89,101,43.16
5599,657798,63.14,125,42.23
5600,657918,55.88,125,43.24
5601,657966,-1.24,117,42.74
5602,658080,1.56,120,42.81
5603,658296,85.05,125,42.74
5604,658398,-31.67,100,41.94
5605,658482,114.53,125,43.03
5606,658566,-18.18,100,41.07
5607,658668,98.41,125,40.81
5608,658830,79.93,125,40.96
5609,658896,-10.91,100,40.04
5610,659004,-6.86,101,39.08
5611,659172,-8.0,101,38.96
5612,659232,80.33,125,39.95
5613,659418,123.4,125,41.22
5614,659430,-17.11,100,40.16
5615,659646,98.53,125,41.54
5616,659754,9.82,125,40.98
5617,659922,18.64,125,40.11
5618,659982,183.26,125,41.67
5619,660090,-1.18,110,40.57
5620,660168,153.47,125,41.66
5621,660246,-10.03,100,41.23
5622,660354,-11.6,100,41.61
5623,660528,-3.58,101,41.6
5624,660582,-43.77,100,41.37
5625,660696,-11.13,101,40.61
5626,660768,-25.65,100,40.15
5627,660846,-32.83,100,38.51
5628,661104,33.48,125,38.11
5629,661182,-1.76,109,38.01
5630,661296,-29.32,100,36.12
5631,661332,27.74,125,36.26
5632,661488,9.45,120,36.82
5633,661596,59.32,125,36.48
5634,661854,9.03,125,36.18
5635,661932,-27.79,100,35.8
5636,661932,143.42,125,37.23
5637,661980,5.57,114,35.6
5638,662142,-3.58,109,35.08
5639,662196,-29.83,100,33.03
5640,662472,-4.96,103,32.21
5641,662532,-51.66,100,30.47
5642,662586,-6.49,101,30.5
5643,662682,39.47,125,31.13
5644,662892,84.67,125,30.82
5645,662946,61.51,125,31.21
5646,663192,6.74,120,31.43
5647,663246,5.86,110,30.78
5648,663282,67.24,125,31.49
5649,663348,-4.34,111,30.22
5650,663606,1.7,110,30.1
5651,663642,28.03,125,30.72
5652,663882,-39.85,100,29.66
5653,663942,62.26,125,30.32
5654,663960,-1.74,102,29.51
5655,663996,31.73,125,29.82
5656,664260,5.82,109,28.98
5657,664284,3.51,107,28.46
5658,664512,-2.09,105,28.32
5659,664620,-1.77,104,27.53
5660,664632,1.31,112,27.95
5661,664692,23.33,125,28.25
5662,664860,-31.05,100,26.78
5663,665034,49.07,125,25.71
5664,665172,0.5,110,26.07
5665,665292,-32.38,100,24.81
5666,665370,78.42,125,26.04
5667,665382,64.98,125,26.03
5668,665460,-35.27,100,26.16
5669,665634,-15.02,100,26.42
5670,665892,-25.58,100,24.37
5671,665922,19.85,125,23.68
5672,665976,-9.37,101,22.48
5673,666060,-17.5,100,22.21
5674,666132,110.17,125,23.45
5675,666384,44.74,125,23.4
5676,666492,-30.62,100,23.21
5677,666672,-3.03,102,22.48
5678,666672,46.58,125,22.98
5679,666726,55.48,125,23.89
5680,666732,-13.43,100,24.07
5681,666984,-14.17,100,24.27
5682,667242,16.28,125,22.65
5683,667356,-0.15,114,21.59
5684,667398,-0.49,112,21.59
5685,667422,31.21,125,21.86
5686,667434,3.52,117,21.99
5687,667734,112.96,125,22.09
5688,667974,-2.06,122,21.21
5689,668004,-6.33,101,21.38
5690,668052,-4.28,103,20.48
5691,668106,1.59,125,19.81
5692,668172,39.78,125,20.24
5693,668394,-1.62,110,19.87
5694,668574,-28.45,100,19.63
5695,668610,-7.71,101,18.12
5696,668802,50.6,125,18.73
5697,668856,97.28,125,19.76
5698,668922,31.49,125,20.14
5699,669000,-9.37,101,19.42
5700,669180,-5.0,101,18.81
5701,669360,71.23,125,19.53
5702,669408,-4.61,101,19.47
5703,669522,-12.43,100,18.5
5704,669606,2.8,125,18.84
5705,669612,-3.96,102,17.66
5706,669864,1.53,114,17.85
5707,670008,-10.51,100,16.76
5708,670110,46.96,125,16.43
5709,670122,-28.81,100,16.26
5710,670326,-3.65,120,16.29
5711,670362,75.9,125,17.13
5712,670614,109.3,125,17.42
5713,670710,-27.71,100,15.91
5714,670758,34.43,125,16.42
5715,670764,-2.54,107,15.41
5716,670974,0.26,108,15.31
5717,671112,91.82,125,16.05
5718,671364,-7.71,101,14.14
5719,671364,28.38,125,14.43
5720,671364,-41.66,100,12.48
5721,671382,-6.0,112,12.52
5722,671712,-19.27,100,12.44
5723,671724,50.0,125,12.98
5724,671964,-33.24,100,13.09
5725,672114,94.95,125,14.15
5726,672114,49.5,125,14.9
5727,672132,37.32,125,15.6
5728,672312,-49.47,100,14.77
5729,672330,-4.94,101,14.74
5730,672606,-3.51,107,15.0
5731,672714,-23.66,100,14.48
5732,672732,-16.03,100,14.23
5733,672864,14.81,125,13.78
5734,672966,3.81,106,13.73
5735,673062,22.03,125,14.23
5736,673224,-3.03,103,12.76
5737,673332,-11.89,100,12.59
5738,673428,2.41,119,12.65
5739,673464,-32.03,100,12.63
5740,673590,-0.42,104,12.67
5741,673812,64.29,125,13.83
5742,673974,26.32,125,14.16
5743,674034,-9.37,101,13.67
5744,674064,-59.12,100,12.23
5745,674082,9.49,125,11.71
5746,674196,-4.89,101,11.6
5747,674412,-22.86,100,11.31
5748,674604,-1.81,105,10.62
5749,674682,-5.46,103,10.61
5750,674688,-6.3,101,10.53
5751,674784,75.37,125,11.0
5752,674946,104.35,125,12.44
5753,675012,-34.7,100,11.47
5754,675354,30.11,125,11.79
5755,675432,32.4,125,11.8
5756,675438,26.76,125,12.01
5757,675534,1.56,125,11.99
5758,675618,-5.03,101,11.96
5759,675696,68.38,125,12.66
5760,676032,-57.66,100,12.07
5761,676092,5.74,109,11.9
5762,676104,30.14,125,12.51
5763,676284,23.29,125,12.25
5764,676350,1.04,122,12.26
5765,676446,69.23,125,13.27
5766,676698,-6.33,101,12.42
5767,676704,-41.17,100,11.36
5768,676782,38.33,125,12.1
5769,677034,24.03,125,12.49
5770,677100,41.57,125,13.16
5771,677196,121.12,125,14.17
5772,677304,-24.51,100,14.02
5773,677340,-2.27,107,14.17
5774,677388,-5.17,101,13.02
5775,677634,-19.03,100,12.38
5776,677700,-15.61,100,12.53
5777,677904,-21.82,100,12.34
5778,677946,46.15,125,12.34
5779,677994,-10.33,101,11.68
5780,678042,6.04,117,11.88
5781,678288,4.38,109,12.06
5782,678300,-20.73,100,11.69
5783,678510,-9.61,101,11.6
5784,678600,-7.44,101,11.53
5785,678690,10.23,124,11.32
5786,678792,12.68,125,11.41
5787,679038,72.76,125,11.01
5788,679050,40.63,125,11.44
5789,679194,25.08,114,11.75
5790,679200,-35.49,100,11.44
5791,679290,-12.69,100,11.29
5792,679392,-18.18,100,10.71
5793,679674,-2.71,106,10.7
5794,679800,140.0,125,12.39
5795,679908,1.07,119,12.48
5796,679920,2.86,105,12.0
5797,679950,55.22,125,11.58
5798,679998,-7.88,101,11.18
5799,680286,-1.92,102,11.26
5800,680400,-37.24,100,10.94
5801,680508,-15.9,100,10.07
5802,680598,-20.06,100,9.91
5803,680670,10.79,125,10.14
5804,680700,17.24,125,10.29
5805,680886,-13.99,100,10.19
5806,681000,-11.74,100,10.05
5807,681204,-10.06,101,10.06
5808,681258,45.91,125,10.05
5809,681396,3.97,116,10.38
5810,681420,100.72,125,11.42
5811,681534,4.18,108,10.7
5812,681600,-62.71,100,8.98
5813,681954,81.13,125,10.07
5814,682008,105.21,125,10.78
5815,682092,4.05,112,10.84
5816,682146,33.93,125,11.18
5817,682200,-32.22,100,9.94
5818,682284,63.33,125,10.65
5819,682626,-1.98,103,10.35
5820,682680,13.47,121,10.9
5821,682776,3.21,114,10.99
5822,682812,4.39,111,11.23
5823,682884,2.88,114,10.76
5824,683034,16.56,125,11.25
5825,683244,-1.94,103,10.29
5826,683412,19.68,122,9.99
5827,683412,-12.91,100,9.48
5828,683424,-0.9,108,9.97
5829,683502,-4.48,103,9.98
5830,683682,2.04,108,10.03
5831,683994,26.58,125,10.53
5832,684012,-16.55,100,10.53
5833,684012,-30.23,100,10.08
5834,684024,-12.56,100,9.91
5835,684132,-1.2,105,9.68
5836,684288,-4.14,101,9.67
5837,684594,-29.21,100,9.5
5838,684666,-2.27,107,9.45
5839,684714,7.9,117,9.85
5840,684732,-32.55,100,9.53
5841,684762,25.0,125,9.14
5842,685038,117.54,125,10.05
5843,685200,-7.72,101,10.06
5844,685272,-10.34,101,10.55
5845,685338,-5.89,101,10.4
5846,685380,-1.52,103,10.43
5847,685458,6.39,124,10.72
5848,685644,-3.88,101,10.7
5849,685800,-28.34,100,10.47
5850,685872,-15.43,100,10.38
5851,685938,-28.88,100,9.34
5852,686130,43.79,125,8.74
5853,686208,60.54,125,9.69
5854,686394,103.92,125,10.43
5855,686436,-3.32,106,10.07
5856,686472,-27.04,100,9.53
5857,686562,-6.03,104,9.45
5858,686880,57.89,125,10.08
5859,686958,34.19,125,9.74
5860,687000,-9.09,101,10.23
5861,687186,47.65,125,10.65
5862,687222,59.88,125,10.94
5863,687312,42.34,125,11.13
5864,687570,-2.74,102,11.1
5865,687600,-59.17,100,9.81
5866,687630,93.66,125,10.81
5867,687798,-3.93,102,11.19
5868,687822,-16.88,100,10.63
5869,688062,74.72,125,11.14
5870,688176,-4.0,101,10.68
5871,688236,-9.61,101,9.38
5872,688350,43.41,125,10.06
5873,688404,-3.88,101,10.04
5874,688422,-15.38,100,9.94
5875,688668,-6.85,101,10.06
5876,688836,-11.03,100,10.11
5877,688860,-0.92,114,10.31
5878,689022,-47.64,100,9.38
5879,689100,95.65,125,10.44
5880,689154,7.26,125,10.45
5881,689274,-9.37,101,10.31
5882,689460,-14.06,100,10.38
5883,689496,-1.79,110,10.46
5884,689700,-26.43,100,10.27
5885,689772,46.96,125,10.63
5886,689802,-4.92,108,10.46
5887,689874,-11.54,100,9.61
5888,690078,-2.55,103,9.18
5889,690246,94.03,125,9.87
5890,690306,-8.39,101,10.14
5891,690402,-20.13,100,10.07
5892,690522,34.38,125,10.59
5893,690624,64.23,125,11.26
5894,690678,-13.75,100,9.73
5895,690996,78.99,125,10.51
5896,691056,70.73,125,11.18
5897,691074,5.29,112,10.69
5898,691170,-0.22,108,10.76
5899,691374,30.0,125,11.08
5900,691386,21.88,118,11.67
5901,691746,46.07,125,12.29
5902,691758,10.58,117,12.6
5903,691824,95.65,125,13.45
5904,691842,13.45,112,13.41
5905,691986,-13.02,100,13.42
5906,692100,3.95,121,13.58
5907,692436,-2.65,102,13.65
5908,692448,-3.88,101,13.15
5909,692496,91.56,125,14.03
5910,692508,108.9,125,14.11
5911,692706,-7.54,101,13.99
5912,692736,32.69,125,14.95
5913,693042,-10.58,101,14.03
5914,693054,-10.29,101,12.87
5915,693246,125.71,125,14.09
5916,693258,46.18,125,14.21
5917,693456,120.22,125,15.74
5918,693486,57.56,125,15.68
5919,693792,-0.32,125,15.7
5920,693804,42.11,125,15.98
5921,693906,-3.58,110,15.92
5922,694008,40.94,125,16.28
5923,694134,-3.22,108,16.22
5924,694206,74.45,125,16.8
5925,694392,-11.15,100,16.71
5926,694416,-2.05,102,16.49
5927,694506,-10.92,100,16.51
5928,694620,-4.14,102,16.48
5929,694740,-9.85,101,16.42
5930,694806,-11.37,100,16.29
5931,695022,-9.13,101,15.93
5932,695112,-8.67,101,16.01
5933,695142,68.22,125,17.0
5934,695220,-20.06,100,16.92
5935,695406,-15.29,100,16.78
5936,695490,75.59,125,17.58
5937,695628,-8.14,101,17.79
5938,695832,12.01,120,17.93
5939,695892,27.27,125,18.12
5940,695970,13.52,125,18.58
5941,696006,-12.04,100,18.21
5942,696090,-43.82,100,16.6
5943,696378,50.82,125,17.19
5944,696570,-47.55,100,16.81
5945,696582,65.02,125,17.52
5946,696606,-47.5,100,17.06
5947,696642,48.26,125,17.48
5948,696840,27.04,125,17.79
5949,697128,33.15,125,18.41
5950,697182,-33.56,100,18.22
5951,697224,-3.83,103,18.47
5952,697242,-18.49,100,17.85
5953,697320,59.7,125,17.84
5954,697446,-5.71,101,16.75
5955,697782,-18.81,100,16.59
5956,697842,-45.42,100,16.41
5957,697878,24.24,125,16.71
5958,697974,35.74,125,16.49
5959,698070,79.31,125,16.94
5960,698196,29.65,125,17.33
5961,698442,-54.84,100,16.3
5962,698532,75.16,125,16.46
5963,698628,49.31,125,16.53
5964,698724,45.27,125,17.01
5965,698820,77.57,125,18.37
5966,698946,47.31,125,17.91
5967,699180,-2.79,108,17.92
5968,699192,30.27,125,18.39
5969,699324,-10.38,100,17.54
5970,699378,15.38,125,17.74
5971,699426,-7.63,101,17.76
5972,699546,-14.83,100,17.17
5973,699792,-36.52,100,16.85
5974,699816,-0.83,106,16.99
5975,700026,-11.25,100,16.95
5976,700056,4.34,113,17.1
5977,700074,66.15,125,17.77
5978,700158,-3.63,102,18.21
5979,700452,-1.04,110,17.25
5980,700566,63.7,125,17.81
5981,700758,-54.91,100,17.35
5982,700776,20.13,125,17.7
5983,700806,13.21,125,17.85
5984,700824,76.06,125,18.87
5985,701202,26.25,125,18.66
5986,701316,78.34,125,19.5
5987,701358,-30.87,100,19.3
5988,701526,57.89,125,19.91
5989,701556,77.26,125,19.74
5990,701574,37.07,125,20.19
5991,701850,-2.02,108,20.38
5992,701958,-17.5,100,19.86
5993,702066,94.54,125,20.16
5994,702132,-4.13,101,20.26
5995,702156,-17.73,100,19.29
5996,702318,13.3,124,18.72
5997,702600,28.81,125,18.95
5998,702708,36.16,125,19.31
5999,702816,32.89,125,19.34
6000,702882,36.78,125,19.49
6001,702906,88.28,125,19.91
6002,703068,63.82,125,20.45
6003,703350,56.44,125,20.05
6004,703356,-1.08,108,19.91
6005,703416,-32.99,100,19.71
6006,703632,97.08,125,20.64
6007,703656,97.23,125,21.64
6008,703818,82.46,125,22.5
6009,703956,-3.88,101,21.55
6010,704106,48.7,125,20.95
6011,704166,91.08,125,21.93
6012,704256,-17.28,100,21.43
6013,704382,96.15,125,22.5
6014,704418,-21.64,100,22.39
6015,704706,45.57,125,21.59
6016,704724,-1.32,103,21.11
6017,704916,86.19,125,20.77
6018,705006,56.55,125,20.76
6019,705018,-19.58,100,20.57
6020,705132,66.67,125,20.81
6021,705324,-46.33,100,20.39
6022,705456,67.88,125,20.66
6023,705624,7.1,118,20.76
6024,705732,-50.87,100,19.51
6025,705756,44.23,125,20.06
6026,705768,121.8,125,21.3
6027,705960,-3.02,106,21.38
6028,706062,-6.46,101,21.35
6029,706350,-3.62,103,21.42
6030,706374,19.23,125,21.72
6031,706404,1.01,108,21.82
6032,706518,103.7,125,22.95
6033,706584,0.13,104,22.27
6034,706812,54.07,125,23.01
6035,706950,-24.88,100,22.91
6036,706974,-13.96,100,22.02
6037,707154,54.1,125,22.64
6038,707268,17.65,125,22.69
6039,707334,99.3,125,23.41
6040,707562,73.76,125,24.02
6041,707700,100.0,125,25.14
6042,707724,76.47,125,26.34
6043,707904,34.33,125,26.18
6044,707934,-15.72,100,26.49
6045,708018,46.76,125,26.31
6046,708312,7.41,125,26.86
6047,708318,-4.33,103,26.33
6048,708324,-60.45,100,25.46
6049,708570,-2.29,106,25.11
6050,708618,-34.39,100,25.1
6051,708654,83.18,125,25.97
6052,708924,-33.41,100,25.82
6053,709062,3.9,125,25.26
6054,709068,41.03,125,25.73
6055,709176,-5.22,101,25.86
6056,709224,-7.08,101,26.25
6057,709266,-3.68,102,25.97
6058,709638,0.54,119,25.62
6059,709668,-7.4,101,24.75
6060,709794,3.55,121,24.49
6061,709824,-27.74,100,24.76
6062,709926,90.65,125,24.91
6063,710016,42.86,125,24.85
6064,710388,35.05,125,24.75
6065,710394,-10.46,100,23.87
6066,710418,42.86,125,23.82
6067,710460,-2.52,106,23.82
6068,710526,-46.1,100,23.06
6069,710766,62.07,125,23.79
6070,711018,-24.96,100,23.38
6071,711132,-7.32,101,23.38
6072,711138,55.02,125,24.08
6073,711144,138.64,125,25.83
6074,711210,67.38,125,26.52
6075,711378,-2.55,102,26.6
6076,711732,-35.17,100,26.21
6077,711738,-12.1,100,25.43
6078,711750,-3.57,101,25.43
6079,711768,130.77,125,26.75
6080,711810,-13.57,100,25.97
6081,711978,-21.35,100,26.31
6082,712350,-19.97,100,25.91
6083,712380,-3.16,102,25.74
6084,712482,28.62,125,25.27
6085,712488,43.86,125,25.45
6086,712560,49.84,125,25.16
6087,712584,-5.2,101,25.42
6088,712950,-14.38,100,24.69
6089,713130,162.55,125,25.55
6090,713184,-33.48,100,24.84
6091,713232,47.86,125,25.34
6092,713238,147.39,125,26.99
6093,713310,39.93,125,26.44
6094,713550,-11.68,100,26.37
6095,713838,-21.06,100,26.33
6096,713880,20.63,125,26.41
6097,713910,-58.05,100,25.54
6098,713934,94.95,125,26.13
6099,713982,84.29,125,26.64
6100,714156,-8.73,101,26.19
6101,714444,-9.2,101,25.21
6102,714516,-9.93,101,24.47
6103,714534,-11.6,100,23.79
6104,714630,46.48,125,24.27
6105,714732,68.35,125,25.28
6106,714756,-13.7,100,24.17
6107,715044,-19.8,100,23.0
6108,715266,46.34,125,22.64
6109,715284,77.54,125,23.46
6110,715332,-12.91,100,22.84
6111,715356,-11.6,100,21.81
6112,715380,67.25,125,22.66
6113,715650,-10.36,101,21.59
6114,715866,-28.88,100,21.52
6115,716034,49.64,125,21.56
6116,716082,66.09,125,22.24
6117,716106,110.53,125,22.48
6118,716130,43.34,125,22.35
6119,716352,0.26,117,22.55
6120,716466,-35.06,100,21.53
6121,716640,-8.14,101,21.91
6122,716682,-38.48,100,20.85
6123,716856,36.67,125,21.14
6124,716880,46.43,125,22.12
6125,717012,-3.82,110,21.64
6126,717066,-15.87,100,20.26
6127,717246,-10.58,101,20.18
6128,717432,70.73,125,20.96
6129,717456,-21.51,100,20.78
6130,717498,-3.09,103,20.55
6131,717672,-10.06,101,20.44
6132,717762,64.79,125,20.05
6133,717996,76.9,125,20.82
6134,718038,-10.62,101,20.17
6135,718056,-45.19,100,19.97
6136,718104,-5.63,101,20.05
6137,718278,-7.97,101,19.43
6138,718512,84.82,125,20.1
6139,718602,-8.38,101,19.03
6140,718644,-8.47,101,18.21
6141,718806,111.68,125,18.32
6142,718854,60.31,125,18.16
6143,718878,-21.78,100,17.6
6144,719142,-3.87,105,17.72
6145,719352,133.46,125,18.59
6146,719394,37.4,125,18.89
6147,719406,-42.12,100,18.51
6148,719478,-11.27,100,19.0
6149,719604,16.33,125,19.19
6150,719748,-9.84,101,19.43
6151,719952,-16.28,100,18.44
6152,720006,-57.98,100,18.19
6153,720078,24.04,114,18.39
6154,720144,2.42,111,18.01
6155,720204,-15.81,100,17.9
6156,720498,55.89,125,18.53
6157,720612,-6.97,101,18.5
6158,720690,-0.73,102,18.48
6159,720702,44.49,125,19.0
6160,720894,24.57,125,19.21
6161,720954,117.08,125,20.66
6162,721248,30.91,125,20.06
6163,721302,-12.14,100,19.51
6164,721362,5.1,125,19.21
6165,721440,33.34,125,19.65
6166,721494,-32.38,100,18.9
6167,721590,-1.15,106,18.91
6168,721866,-3.26,103,19.34
6169,722052,21.31,125,18.93
6170,722112,36.05,125,19.54
6171,722112,-3.27,112,19.59
6172,722190,-15.06,100,18.88
6173,722238,6.06,124,17.56
6174,722616,16.7,125,17.05
6175,722712,-14.26,100,16.93
6176,722760,-0.07,108,17.29
6177,722802,78.22,125,18.19
6178,722844,-7.36,101,18.15
6179,722850,-4.41,110,16.8
6180,723216,-44.09,100,16.49
6181,723318,-10.33,101,16.6
6182,723360,-30.94,100,16.49
6183,723402,-40.13,100,16.12
6184,723450,-37.89,100,15.46
6185,723594,36.36,125,15.38
6186,723816,-17.71,100,14.71
6187,723960,-25.1,100,14.51
6188,724056,-11.03,101,14.54
6189,724068,26.48,125,13.18
6190,724152,84.31,125,14.36
6191,724194,-21.41,100,13.67
6192,724560,-19.02,100,12.0
6193,724566,36.2,125,11.97
6194,724656,-18.54,100,11.9
6195,724758,-9.15,101,12.02
6196,724818,36.21,125,12.17
6197,724914,17.55,120,12.93
6198,725160,-12.48,100,11.85
6199,725202,0.7,106,11.02
6200,725256,-17.45,100,10.93
6201,725370,-0.72,102,11.02
6202,725424,-4.61,101,11.07
6203,725514,-13.02,100,11.06
6204,725760,-12.62,100,10.46
6205,725832,-2.64,105,9.75
6206,725916,3.19,110,9.92
6207,726000,1.5,105,10.14
6208,726114,-22.94,100,9.44
6209,726162,16.71,123,8.84
6210,726360,-13.08,100,8.83
6211,726432,-25.58,100,8.69
6212,726516,-22.86,100,7.79
6213,726600,-11.46,100,7.78
6214,726714,-11.74,100,7.95
6215,726912,38.69,125,7.84
6216,726966,-5.8,101,7.12
6217,727032,-20.06,100,5.82
6218,727128,-2.57,102,5.36
6219,727200,-10.16,100,5.26
6220,727464,53.28,125,6.14
6221,727566,-18.56,100,6.03
6222,727632,-48.24,100,5.94
6223,727638,9.73,121,5.67
6224,727806,-4.99,101,5.15
6225,727878,16.36,125,5.36
6226,728100,-2.04,106,5.49
6227,728166,-45.16,100,5.15
6228,728232,-15.9,100,4.28
6229,728256,-3.09,103,4.47
6230,728406,-12.62,100,4.37
6231,728478,-24.85,100,4.22
6232,728700,-30.5,100,3.27
6233,728766,-18.11,100,2.32
6234,728832,-30.15,100,2.12
6235,728856,-14.43,100,2.43
6236,729078,-13.1,100,2.36
6237,729156,19.13,125,2.63
6238,729384,-2.2,103,1.76
6239,729432,-11.15,100,1.73
6240,729450,80.0,125,2.62
6241,729456,-28.63,100,1.21
6242,729756,-10.79,100,0.5
6243,729828,16.67,125,0.89
6244,729990,-8.07,101,0.84
6245,730032,-19.51,100,-0.69
6246,730200,48.39,125,-0.58
6247,730206,85.31,125,0.7
6248,730356,-20.21,100,0.61
6249,730578,38.08,125,0.83
6250,730644,-1.7,102,0.91
6251,730644,3.99,109,1.11
6252,730884,8.12,114,1.77
6253,730956,-56.03,100,0.97
6254,730956,81.82,125,1.76
6255,731232,-0.94,109,1.91
6256,731244,-26.11,100,1.09
6257,731244,-12.69,100,1.04
6258,731484,-34.1,100,0.7
6259,731556,-20.81,100,0.05
6260,731610,-3.59,109,-0.23
6261,731832,-21.69,100,-1.62
6262,731970,7.89,121,-1.85
6263,731994,26.71,125,-1.46
6264,732156,-50.59,100,-2.02
6265,732210,-10.4,100,-2.46
6266,732234,26.44,125,-1.87
6267,732576,-9.06,101,-1.95
6268,732582,46.1,125,-1.45
6269,732600,-5.39,101,-1.72
6270,732756,-12.05,100,-2.2
6271,732834,-12.43,100,-2.29
6272,732948,8.62,123,-2.06
6273,733182,-8.46,101,-2.2
6274,733230,0.22,108,-2.37
6275,733350,52.48,125,-1.7
6276,733356,-44.79,100,-2.15
6277,733482,1.39,108,-2.91
6278,733698,48.55,125,-2.35
6279,733788,-6.68,101,-2.38
6280,733836,-8.9,101,-2.03
6281,733950,-14.43,100,-2.07
6282,733956,-31.39,100,-2.07
6283,734088,-10.69,101,-1.78
6284,734298,-22.45,100,-1.62
6285,734394,-5.25,101,-2.04
6286,734442,-7.44,101,-1.94
6287,734556,-7.0,101,-1.75
6288,734676,19.89,120,-1.44
6289,734688,-12.64,100,-1.84
6290,734970,10.06,112,-2.58
6291,735012,-3.45,103,-2.4
6292,735042,-11.27,100,-2.32
6293,735282,-7.85,101,-2.76
6294,735306,50.44,125,-2.07
6295,735438,29.82,125,-1.68
6296,735576,-10.38,101,-2.15
6297,735762,18.08,125,-2.14
6298,735792,34.1,125,-1.68
6299,735882,-20.5,100,-1.89
6300,736056,53.54,125,-1.18
6301,736104,8.77,111,-1.08
6302,736326,43.32,125,-0.61
6303,736422,9.38,110,-0.38
6304,736542,80.89,125,0.55
6305,736632,52.17,125,1.1
6306,736662,-9.61,101,0.97
6307,736704,-19.95,100,0.76
6308,736932,-8.43,101,0.9
6309,737034,-4.42,102,0.69
6310,737148,-9.37,101,0.73
6311,737232,-20.79,100,0.78
6312,737268,-8.07,101,0.93
6313,737310,-8.63,101,0.95
6314,737538,-6.22,101,1.01
6315,737706,-0.71,112,0.62
6316,737748,-45.94,100,0.21
6317,737832,-35.93,100,0.06
6318,738018,49.83,125,0.58
6319,738060,26.35,125,0.94
6320,738288,44.88,125,0.86
6321,738306,-22.46,100,0.82
6322,738348,-11.6,100,1.19
6323,738582,42.86,125,1.52
6324,738660,-58.72,100,0.98
6325,738768,134.85,125,2.17
6326,738888,-16.82,100,2.02
6327,738948,-19.39,100,2.28
6328,738954,4.85,108,2.48
6329,739182,-25.4,100,2.26
6330,739260,-20.53,100,2.18
6331,739488,-21.58,100,2.21
6332,739518,38.34,125,2.9
6333,739548,-13.33,100,2.95
6334,739554,-15.57,100,3.1
6335,739860,-20.14,100,3.04
6336,739920,32.63,123,3.5
6337,740088,-16.84,100,3.14
6338,740124,-8.6,101,3.07
6339,740154,-5.8,101,3.13
6340,740154,-33.43,100,1.99
6341,740466,-6.31,101,2.22
6342,740520,-38.62,100,1.94
6343,740688,-11.65,100,1.65
6344,740754,-12.26,100,1.61
6345,740874,78.13,125,2.59
6346,740904,52.54,125,2.63
6347,741198,2.32,113,1.8
6348,741216,118.95,125,3.19
6349,741438,64.34,125,3.45
6350,741474,-12.2,100,3.35
6351,741504,107.02,125,4.38
6352,741510,-10.74,101,4.19
6353,741834,-3.97,103,4.71
6354,741948,105.99,125,4.95
6355,742080,-6.21,101,4.9
6356,742110,-38.62,100,4.78
6357,742188,62.08,125,5.52
6358,742254,56.58,125,6.43
6359,742440,-7.5,101,6.56
6360,742686,-10.17,101,6.5
6361,742698,48.94,125,7.2
6362,742854,32.7,124,7.45
6363,742854,-58.18,100,6.6
6364,742938,56.55,125,7.67
6365,743052,-3.24,102,7.75
6366,743286,-54.36,100,6.94
6367,743298,-12.48,100,6.9
6368,743454,-14.19,100,6.3
6369,743454,-12.89,100,6.23
6370,743538,-27.37,100,6.07
6371,743802,38.89,125,6.59
6372,743946,-0.69,108,6.49
6373,744036,92.03,125,7.5
6374,744096,-4.33,107,7.45
6375,744168,-3.06,105,6.9
6376,744204,41.99,125,7.76
6377,744402,-13.13,100,7.62
6378,744636,-12.76,100,7.01
6379,744696,-24.61,100,6.83
6380,744696,16.79,125,7.08
6381,744774,-10.12,101,7.13
6382,744804,-23.22,100,7.21
6383,745152,100.8,125,8.32
6384,745236,-20.35,100,8.34
6385,745296,-11.74,100,8.28
6386,745302,-7.71,101,8.28
6387,745404,-21.46,100,8.13
6388,745524,94.35,125,8.88
6389,745752,-11.97,100,8.88
6390,745896,-13.98,100,8.64
6391,745902,-14.17,100,8.54
6392,745986,51.72,125,9.17
6393,746004,-18.36,100,9.06
6394,746148,-3.9,104,8.52
6395,746502,11.11,125,8.33
6396,746502,-4.14,101,8.39
6397,746502,-32.94,100,7.88
6398,746604,-17.11,100,7.37
6399,746736,17.76,125,7.75
6400,746898,100.69,125,8.22
6401,747102,-26.03,100,7.88
6402,747102,-17.09,100,7.27
6403,747204,-12.62,100,7.05
6404,747252,84.47,125,7.09
6405,747486,109.52,125,7.66
6406,747504,-4.14,101,7.72
6407,747702,-32.21,100,7.59
6408,747702,-55.52,100,7.12
6409,747804,-19.07,100,6.98
6410,748002,60.92,125,7.68
6411,748086,-24.03,100,7.65
6412,748110,-10.62,101,7.62
6413,748308,-4.16,101,7.67
6414,748308,-9.13,101,7.64
6415,748404,-42.96,100,7.21
6416,748734,3.83,108,7.71
6417,748752,68.54,125,8.76
6418,748860,56.46,125,8.82
6419,749010,-3.88,101,8.52
6420,749058,56.93,125,8.64
6421,749058,91.88,125,9.78
6422,749334,-29.08,100,9.61
6423,749382,-1.21,105,9.17
6424,749460,-45.01,100,9.31
6425,749616,-7.67,101,7.88
6426,749664,-4.81,101,8.0
6427,749808,32.14,125,8.52
6428,749934,-19.68,100,8.27
6429,749982,-13.76,100,8.39
6430,750114,2.64,109,8.62
6431,750366,48.29,125,9.32
6432,750414,30.61,125,9.24
6433,750558,105.32,125,10.43
6434,750564,1.02,105,10.59
6435,750714,-19.1,100,10.6
6436,750732,61.17,125,10.89
6437,750966,-15.08,100,10.91
6438,751014,-12.86,100,10.86
6439,751158,-36.83,100,10.55
6440,751164,-12.89,100,10.76
6441,751320,-7.0,101,10.75
6442,751332,-33.02,100,10.81
6443,751566,-36.01,100,10.56
6444,751614,-47.68,100,10.21
6445,751758,-53.15,100,8.9
6446,751776,-3.86,102,8.33
6447,751932,-16.17,100,8.15
6448,752070,79.93,125,7.76
6449,752190,1.82,104,7.13
6450,752214,-14.39,100,7.11
6451,752364,-3.88,101,6.0
6452,752382,-3.28,101,6.08
6453,752604,2.55,112,6.14
6454,752676,-8.43,101,5.0
6455,752796,-7.88,101,4.98
6456,752964,26.98,125,5.64
6457,752976,-1.31,102,5.0
6458,752982,-31.72,100,4.12
6459,753210,-8.61,101,4.11
6460,753276,-11.62,100,4.09
6461,753402,-4.71,101,3.56
6462,753588,-0.95,102,3.22
6463,753696,16.95,122,3.97
6464,753732,59.26,125,4.0
6465,753810,-54.19,100,3.49
6466,754002,-56.86,100,3.47
6467,754026,51.08,125,4.1
6468,754200,-2.59,102,4.22
6469,754296,-22.12,100,4.12
6470,754332,-25.39,100,4.14
6471,754410,-11.96,100,3.64
6472,754626,-21.41,100,3.43
6473,754752,88.6,125,3.39
6474,754818,-2.85,103,3.41
6475,754902,-10.29,101,3.34
6476,754938,-3.56,101,2.88
6477,755010,-16.03,100,2.85
6478,755226,-34.84,100,2.63
6479,755364,-4.76,102,2.83
6480,755424,-9.35,101,2.57
6481,755508,-3.28,101,2.64
6482,755610,-28.64,100,2.58
6483,755688,52.6,125,2.1
6484,755844,-4.28,103,2.26
6485,755964,-11.65,100,2.26
6486,756024,-15.59,100,2.18
6487,756126,-2.98,103,2.37
6488,756210,-18.93,100,1.24
6489,756288,-13.33,100,1.22
6490,756462,-5.65,103,1.31
6491,756702,15.15,123,1.6
6492,756732,-5.46,101,1.03
6493,756750,8.83,121,1.3
6494,756816,-5.26,101,1.28
6495,756888,-19.39,100,0.98
6496,757212,50.18,125,1.52
6497,757308,-8.6,101,1.77
6498,757350,-4.6,103,1.89
6499,757416,-47.31,100,1.24
6500,757470,14.29,120,0.38
6501,757638,21.0,125,0.85
6502,757812,-16.45,100,0.85
6503,757950,-15.15,100,0.83
6504,758022,-9.37,101,-0.11
6505,758058,101.39,125,-0.19
6506,758076,-4.68,101,-0.2
6507,758238,-13.55,100,-0.01
6508,758418,-9.13,101,0.45
6509,758550,-58.61,100,0.06
6510,758622,-23.91,100,-0.79
6511,758664,-10.09,101,-0.65
6512,758676,-23.75,100,-0.78
6513,758988,98.44,125,0.24
6514,759018,-11.98,100,0.22
6515,759186,-3.62,106,0.61
6516,759264,-11.65,100,0.45
6517,759348,-3.61,112,-0.27
6518,759372,89.91,125,0.07
6519,759594,-10.71,101,-0.0
6520,759720,16.74,117,-0.4
6521,759906,-2.27,107,-1.34
6522,759936,58.45,125,-0.47
6523,759972,-35.63,100,-0.81
6524,760098,86.21,125,0.5
6525,760200,-6.33,101,0.51
6526,760320,-15.28,100,0.41
6527,760506,-16.67,100,-0.08
6528,760536,-28.48,100,-0.17
6529,760584,-3.86,102,-0.07
6530,760800,-19.4,100,-0.29
6531,760848,23.84,125,-0.53
6532,760920,-22.03,100,-1.06
6533,761142,-8.67,101,-2.2
6534,761232,2.49,108,-2.19
6535,761256,124.08,125,-0.75
6536,761436,-4.15,106,-1.41
6537,761448,-13.11,100,-1.39
6538,761556,-2.95,106,-1.29
6539,761838,-10.25,101,-1.02
6540,761862,-5.49,101,-0.95
6541,761892,101.38,125,0.13
6542,762048,-24.99,100,0.21
6543,762060,-5.08,104,0.52
6544,762156,-52.14,100,0.48
6545,762438,-38.11,100,0.63
6546,762462,-18.51,100,0.48
6547,762492,-17.34,100,0.47
6548,762654,-8.72,101,-0.41
6549,762666,-3.58,101,-0.47
6550,762786,-2.82,105,-0.35
6551,763110,-3.83,103,-0.35
6552,763188,123.11,125,0.91
6553,763212,54.93,125,1.44
6554,763254,-33.8,100,1.18
6555,763266,-30.33,100,0.96
6556,763518,13.91,122,0.83
6557,763710,-17.09,100,0.67
6558,763938,62.87,125,1.61
6559,763962,119.27,125,2.89
6560,764004,74.34,125,3.75
6561,764016,47.06,125,4.27
6562,764118,-17.55,100,4.1
6563,764460,41.34,125,4.35
6564,764544,-4.04,101,3.72
6565,764568,-6.33,101,4.19
6566,764604,-49.8,100,4.26
6567,764622,-7.26,101,3.68
6568,764718,-47.95,100,3.23
6569,765144,-11.9,100,3.33
6570,765204,-37.6,100,3.21
6571,765210,50.38,125,3.83
6572,765222,-32.32,100,3.72
6573,765258,5.38,115,2.89
6574,765324,-8.6,101,2.83
6575,765804,-26.03,100,2.68
6576,765810,-22.95,100,2.48
6577,765858,-2.89,106,2.61
6578,765858,-49.07,100,2.47
6579,765894,103.64,125,3.55
6580,765930,-8.66,101,3.56
6581,766404,-15.19,100,3.44
6582,766464,-9.14,101,3.64
6583,766494,-16.95,100,2.94
6584,766560,84.5,125,3.83
6585,766566,-3.3,106,3.91
6586,766608,66.67,125,4.74
6587,767064,-19.91,100,4.57
6588,767070,0.02,111,4.76
6589,767094,-29.64,100,4.59
6590,767160,-34.65,100,4.3
6591,767316,23.38,125,4.38
6592,767358,97.32,125,5.41
6593,767670,-27.19,100,5.05
6594,767670,-6.22,101,5.04
6595,767760,-18.27,100,5.05
6596,767844,34.06,125,4.89
6597,767922,-10.09,101,4.88
6598,767964,-8.82,101,4.84
6599,768270,-19.02,100,5.12
6600,768276,-6.17,101,4.91
6601,768510,63.76,125,5.34
6602,768522,-19.19,100,5.31
6603,768534,13.88,115,5.6
6604,768714,113.77,125,6.84
6605,768870,-23.28,100,5.59
6606,769026,71.76,125,6.35
6607,769200,13.66,111,6.63
6608,769224,4.8,119,6.76
6609,769272,68.87,125,8.04
6610,769314,-26.13,100,8.02
6611,769476,-9.37,101,8.02
6612,769776,52.82,125,8.79
6613,769800,-10.92,100,7.7
6614,769878,-9.37,101,7.72
6615,769914,-18.65,100,7.57
6616,769974,81.47,125,8.5
6617,770118,-5.21,107,8.49
6618,770376,-15.28,100,7.44
6619,770436,-2.71,106,7.52
6620,770514,-29.82,100,7.05
6621,770580,-7.0,101,7.0
6622,770628,75.3,125,7.17
6623,770826,17.54,118,7.7
6624,770982,-10.62,101,6.73
6625,771054,-2.69,103,6.77
6626,771132,-5.48,103,6.87
6627,771228,-14.78,100,6.89
6628,771330,24.19,125,7.41
6629,771426,-13.55,100,7.32
6630,771588,-4.71,101,7.46
6631,771732,-42.71,100,6.8
6632,771804,109.68,125,8.12
6633,771828,-21.9,100,7.98
6634,771936,-5.97,101,7.9
6635,772032,-3.88,101,6.62
6636,772194,-8.6,101,6.58
6637,772428,-25.55,100,6.45
6638,772458,14.31,121,6.62
6639,772554,21.95,125,6.95
6640,772590,3.37,109,7.03
6641,772728,1.28,116,6.03
6642,772800,-10.69,101,6.18
6643,773034,-8.9,101,6.14
6644,773160,-4.68,101,6.61
6645,773166,9.17,118,7.09
6646,773328,-13.59,100,7.13
6647,773340,19.72,125,7.51
6648,773496,-0.36,116,7.59
6649,773634,-41.41,100,7.21
6650,773784,-3.04,103,7.21
6651,773910,51.23,125,7.76
6652,773934,-4.71,101,6.48
6653,774012,0.97,112,5.94
6654,774234,-13.13,100,6.15
6655,774246,45.91,125,6.91
6656,774534,50.0,125,7.27
6657,774612,-12.38,100,7.32
6658,774660,39.44,125,7.08
6659,774684,41.89,125,6.31
6660,774846,-12.14,100,5.45
6661,774984,14.41,125,5.12
6662,775230,3.24,116,5.33
6663,775260,-14.26,100,4.77
6664,775284,-48.75,100,4.32
6665,775362,36.0,125,4.75
6666,775446,-24.12,100,5.0
6667,775584,-18.71,100,4.89
6668,775830,-11.98,100,5.25
6669,775866,-10.13,101,5.27
6670,775926,-1.96,107,5.62
6671,775968,-6.22,101,5.06
6672,776046,-34.39,100,5.04
6673,776184,-13.58,100,4.85
6674,776472,-4.95,107,4.88
6675,776568,-11.32,100,5.03
6676,776592,23.36,121,5.49
6677,776646,-22.77,100,5.29
6678,776676,23.19,125,6.02
6679,776784,-15.37,100,4.83
6680,777072,-11.25,100,4.8
6681,777168,-11.45,100,4.84
6682,777282,-4.44,101,4.89
6683,777342,95.73,125,6.01
6684,777396,18.37,125,5.35
6685,777534,66.1,125,6.04
6686,777684,-2.29,102,5.36
6687,777834,1.4,111,5.57
6688,777888,-8.64,101,5.48
6689,777942,-12.86,100,5.65
6690,777996,-14.26,100,5.85
6691,778134,-32.23,100,5.3
6692,778284,-23.66,100,4.09
6693,778434,-11.65,100,4.24
6694,778488,-10.0,100,4.21
6695,778692,54.76,125,4.94
6696,778746,72.76,125,5.32
6697,778752,-3.36,103,5.39
6698,778992,8.44,118,5.56
6699,779034,-11.46,100,5.64
6700,779088,-15.48,100,5.54
6701,779346,-17.89,100,4.73
6702,779352,-28.85,100,4.63
6703,779442,15.76,125,4.65
6704,779592,-46.22,100,3.05
6705,779634,-30.53,100,2.98
6706,779838,70.42,125,2.96
6707,779946,-15.3,100,2.68
6708,779958,-5.89,101,2.57
6709,780048,-6.6,101,1.81
6710,780234,-0.28,107,2.07
6711,780234,-18.7,100,1.98
6712,780456,-3.81,103,1.41
6713,780546,-10.54,100,1.42
6714,780558,-20.98,100,1.3
6715,780648,-11.6,100,1.37
6716,780834,-34.06,100,0.22
6717,780840,-9.49,101,0.17
6718,781074,-4.95,103,0.28
6719,781254,-8.27,101,0.22
6720,781296,75.44,125,1.27
6721,781308,83.67,125,2.18
6722,781440,-26.9,100,1.16
6723,781494,12.37,110,1.11
6724,781674,-13.34,100,1.08
6725,781854,-19.87,100,0.91
6726,781896,-35.97,100,0.6
6727,781908,-11.76,100,0.63
6728,782046,-10.46,101,0.29
6729,782220,5.02,121,0.47
6730,782280,-7.36,101,0.44
6731,782454,-10.56,100,0.77
6732,782544,-2.04,106,-0.35
6733,782646,87.3,125,0.74
6734,782652,-8.22,101,0.72
6735,782820,-11.41,100,0.64
6736,783030,23.64,125,0.97
6737,783054,-28.33,100,0.94
6738,783150,-7.16,101,0.72
6739,783252,-10.78,100,0.4
6740,783396,59.24,125,0.95
6741,783570,45.33,125,1.4
6742,783630,-35.67,100,1.15
6743,783750,-62.05,100,0.61
6744,783804,74.72,125,1.41
6745,783906,-5.64,109,1.26
6746,784080,-3.06,114,1.37
6747,784176,-9.37,101,1.07
6748,784362,-1.74,102,1.06
6749,784380,56.04,125,2.04
6750,784404,-11.27,100,1.95
6751,784524,-3.83,103,1.4
6752,784776,-15.15,100,1.3
6753,784830,68.97,125,1.98
6754,784986,-8.14,101,2.03
6755,785004,-40.99,100,1.16
6756,785112,68.92,125,1.35
6757,785274,50.64,125,1.98
6758,785376,-22.31,100,1.36
6759,785430,-11.15,100,0.83
6760,785604,-31.99,100,0.63
6761,785736,59.74,125,1.09
6762,785778,0.71,111,1.06
6763,785976,-11.82,100,1.08
6764,786024,2.04,125,1.59
6765,786180,119.18,125,2.42
6766,786204,-25.4,100,2.41
6767,786486,30.43,125,2.9
6768,786528,96.67,125,3.99
6769,786576,-22.86,100,3.86
6770,786630,-10.06,101,3.78
6771,786828,0.87,108,3.85
6772,786852,1.05,108,4.21
6773,787086,-17.7,100,4.16
6774,787134,-6.63,101,4.15
6775,787176,-14.43,100,4.12
6776,787236,-8.64,101,3.8
6777,787434,-7.54,101,3.95
6778,787452,-34.89,100,3.37
6779,787734,-41.75,100,3.1
6780,787836,51.29,125,3.73
6781,787926,52.87,125,4.37
6782,787986,43.88,125,4.86
6783,788034,-15.15,100,3.75
6784,788052,-21.58,100,3.35
6785,788334,-11.74,100,2.57
6786,788586,21.21,125,2.81
6787,788586,-36.4,100,2.43
6788,788676,24.59,125,2.76
6789,788784,40.74,125,3.3
6790,788802,85.45,125,4.29
6791,789084,41.03,125,5.03
6792,789204,-2.4,103,5.24
6793,789222,-3.9,106,5.32
6794,789276,-10.31,100,5.31
6795,789534,13.07,125,4.9
6796,789552,36.52,125,4.53
6797,789690,-10.38,101,4.46
6798,789822,-48.07,100,3.9
6799,789822,-1.81,103,3.99
6800,790026,6.31,125,4.21
6801,790158,-7.18,101,4.32
6802,790284,17.65,125,4.78
6803,790290,-53.15,100,4.1
6804,790422,-11.06,100,4.45
6805,790422,-17.11,100,4.58
6806,790626,-18.56,100,3.69
6807,790758,-42.26,100,3.42
6808,790938,1.04,109,3.49
6809,791040,58.36,125,4.14
6810,791172,41.91,125,4.56
6811,791172,52.0,125,5.27
6812,791376,24.59,125,5.55
6813,791508,47.06,125,6.13
6814,791538,-10.94,100,6.23
6815,791772,-11.3,100,6.23
6816,791790,20.44,125,6.78
6817,791820,-2.01,108,6.85
6818,791982,-6.4,101,6.84
6819,792180,-5.39,112,6.87
6820,792288,75.72,125,6.87
6821,792462,0.43,112,6.04
6822,792522,60.38,125,6.91
6823,792570,47.44,125,7.26
6824,792732,85.19,125,8.25
6825,792930,77.05,125,9.21
6826,793038,64.84,125,10.22
6827,793074,-4.68,102,10.29
6828,793122,-20.97,100,10.19
6829,793320,92.62,125,11.06
6830,793482,27.8,125,11.42
6831,793530,-23.18,100,11.29
6832,793638,-14.07,100,11.17
6833,793674,-18.76,100,10.11
6834,793872,59.42,125,10.79
6835,793956,-2.95,106,10.87
6836,794118,5.0,106,10.68
6837,794130,-36.08,100,10.61
6838,794244,-10.57,101,10.57
6839,794280,-8.87,101,10.59
6840,794562,-8.07,101,9.92
6841,794592,10.23,120,9.57
6842,794724,-7.0,101,9.85
6843,794736,-10.62,101,10.37
6844,794880,-30.7,100,9.31
6845,794994,31.27,125,9.68
6846,795252,-1.49,110,9.7
6847,795312,16.1,125,9.95
6848,795474,11.94,125,10.09
6849,795486,53.85,125,10.07
6850,795492,-2.29,102,10.16
6851,795594,-11.62,100,10.08
6852,795858,-5.26,101,10.18
6853,795918,-7.88,101,9.41
6854,796080,-10.33,101,9.39
6855,796086,-41.67,100,9.38
6856,796092,-10.8,100,8.58
6857,796194,-54.55,100,7.53
6858,796464,-7.37,101,7.68
6859,796518,-23.04,100,7.56
6860,796686,-6.21,101,7.82
6861,796692,-13.33,100,7.09
6862,796800,-5.71,101,7.03
6863,796836,34.1,125,7.49
6864,797118,-19.02,100,7.27
6865,797160,8.6,116,6.17
6866,797406,-7.37,101,6.35
6867,797424,6.52,123,6.11
6868,797436,-19.8,100,4.95
6869,797442,19.85,125,5.37
6870,797760,-19.8,100,5.28
6871,797868,24.54,125,5.51
6872,798024,-15.48,100,5.35
6873,798036,-1.66,105,5.51
6874,798042,-17.3,100,5.4
6875,798186,27.15,125,5.82
6876,798444,6.91,114,5.97
6877,798468,-30.98,100,5.74
6878,798624,-24.08,100,5.85
6879,798744,3.87,117,6.3
6880,798786,29.45,125,6.08
6881,798936,66.14,125,6.22
6882,799044,-14.26,100,5.63
6883,799218,27.04,125,6.06
6884,799224,-14.84,100,6.12
6885,799386,-10.31,100,6.14
6886,799494,63.19,125,6.56
6887,799644,-27.85,100,6.64
6888,799686,39.46,125,6.79
6889,799818,-10.5,100,6.28
6890,799824,-32.21,100,5.1
6891,800094,-16.29,100,4.53
6892,800136,85.43,125,5.41
6893,800244,-12.89,100,5.32
6894,800286,-18.91,100,5.23
6895,800424,-22.42,100,4.88
6896,800568,86.13,125,5.37
6897,800694,-43.58,100,5.04
6898,800736,-14.31,100,5.38
6899,800886,-37.45,100,5.02
6900,800994,72.88,125,5.69
6901,801150,40.88,121,6.17
6902,801168,-17.5,100,5.82
6903,801294,-15.81,100,6.19
6904,801336,-26.98,100,6.03
6905,801492,-8.9,101,6.11
6906,801744,10.37,125,6.4
6907,801768,-38.47,100,6.44
6908,801900,10.45,125,6.53
6909,802044,39.62,125,6.35
6910,802050,6.2,119,5.99
6911,802242,42.38,125,5.89
6912,802344,-14.64,100,5.5
6913,802368,-35.56,100,4.68
6914,802500,-36.69,100,4.42
6915,802644,-16.4,100,4.37
6916,802662,-3.59,102,4.13
6917,802842,-13.57,100,4.01
6918,802950,-5.26,101,4.02
6919,802968,-13.55,100,3.94
6920,803250,74.07,125,3.92
6921,803394,50.0,125,4.42
6922,803412,98.56,125,4.8
6923,803448,-10.21,101,4.23
6924,803550,-11.16,100,3.26
6925,803568,-41.27,100,2.08
6926,804000,52.65,125,1.96
6927,804054,-10.09,101,1.9
6928,804102,3.85,115,2.15
6929,804144,47.17,125,1.7
6930,804156,-10.58,101,1.31
6931,804168,-18.4,100,1.36
6932,804654,-10.23,100,1.4
6933,804702,-11.15,100,1.48
6934,804750,23.33,125,1.11
6935,804750,-4.68,101,1.1
6936,804792,1.53,106,1.06
6937,804918,84.4,125,2.27
6938,805260,-10.17,101,2.27
6939,805302,-11.74,100,2.24
6940,805500,37.81,125,2.7
6941,805500,75.44,125,3.35
6942,805542,10.32,125,3.53
6943,805668,74.92,125,4.38
6944,805860,-11.74,100,4.57
6945,805902,-15.59,100,4.1
6946,806106,-10.13,101,4.02
6947,806142,-4.95,107,3.81
6948,806280,16.46,123,3.85
6949,806418,36.88,125,3.68
6950,806610,22.11,125,3.93
6951,806652,46.76,125,4.51
6952,806706,-42.59,100,4.14
6953,806886,-8.34,101,4.13
6954,806892,15.38,125,4.39
6955,807018,-37.97,100,4.43
6956,807210,-42.33,100,4.11
6957,807252,-17.09,100,4.48
6958,807390,17.89,114,4.74
6959,807492,-25.55,100,4.71
6960,807630,1.81,124,4.79
6961,807768,82.48,125,5.75
6962,807810,-14.37,100,5.66
6963,807990,-13.63,100,5.19
6964,808002,12.87,125,5.51
6965,808194,-1.49,117,5.41
6966,808230,-14.38,100,5.33
6967,808368,-10.38,100,5.17
6968,808410,-48.85,100,4.88
6969,808620,-2.43,103,4.65
6970,808638,1.39,108,4.86
6971,808830,-35.13,100,4.27
6972,808860,-1.5,111,4.41
6973,808968,-47.53,100,3.95
6974,809160,15.25,125,4.27
6975,809238,-2.93,103,3.97
6976,809238,-20.99,100,3.69
6977,809430,-50.06,100,3.5
6978,809466,-6.14,101,3.68
6979,809568,-45.4,100,3.19
6980,809838,-18.08,100,2.72
6981,809838,-34.59,100,1.71
6982,809910,34.02,125,2.19
6983,810030,-37.7,100,1.54
6984,810066,-21.72,100,1.47
6985,810168,-34.55,100,1.23
6986,810588,46.94,125,1.07
6987,810588,61.18,125,1.96
6988,810630,-25.26,100,1.31
6989,810660,41.41,125,1.83
6990,810774,-6.6,101,2.09
6991,810786,8.53,120,2.34
6992,811188,-10.69,100,1.38
6993,811188,-41.99,100,1.08
6994,811230,-58.57,100,0.69
6995,811260,-11.46,100,0.8
6996,811380,-10.17,101,-0.17
6997,811536,17.85,125,0.45
6998,811830,-35.78,100,0.23
6999,811836,0.07,108,0.61
7000,811938,49.47,125,0.37
7001,811980,-13.96,100,-0.17
7002,812010,117.9,125,1.18
7003,812136,-31.56,100,1.02
7004,812436,-13.57,100,1.16
7005,812556,-4.96,103,1.2
7006,812580,32.96,125,1.42
7007,812586,-9.61,101,1.71
7008,812760,30.27,125,1.91
7009,812886,54.64,125,2.06
7010,813036,-11.51,100,1.88
7011,813306,80.81,125,2.27
7012,813324,11.91,124,2.53
7013,813336,13.88,125,3.03
7014,813360,-27.66,100,3.12
7015,813486,-47.86,100,2.8
7016,813636,-13.63,100,2.7
7017,813942,-4.24,101,2.79
7018,814050,-2.58,121,2.82
7019,814056,78.08,125,3.74
7020,814110,64.29,125,3.64
7021,814236,-23.4,100,2.91
7022,814236,97.95,125,2.9
7023,814656,-18.14,100,2.82
7024,814692,32.2,125,3.25
7025,814728,-2.25,103,3.64
7026,814782,12.67,122,3.24
7027,814836,-11.82,100,3.23
7028,814842,-5.8,101,3.13
7029,815256,-17.91,100,2.48
7030,815292,-20.06,100,2.39
7031,815382,-22.37,100,2.35
7032,815442,-7.0,101,2.38
7033,815442,-21.93,100,2.27
7034,815478,31.94,125,2.36
7035,815862,-10.29,101,2.3
7036,815892,-20.79,100,2.08
7037,816012,0.51,105,1.24
7038,816042,-44.54,100,0.89
7039,816192,5.76,125,1.07
7040,816228,38.3,125,1.07
7041,816612,22.68,125,0.55
7042,816630,-2.4,103,0.42
7043,816642,50.5,125,0.18
7044,816792,23.75,125,0.53
7045,816792,-37.75,100,0.31
7046,816828,-17.09,100,0.24
7047,817254,-2.29,102,0.27
7048,817344,5.97,122,0.16
7049,817380,14.38,125,-0.06
7050,817392,-26.97,100,-0.55
7051,817392,-13.99,100,-1.16
7052,817428,-42.61,100,-1.16
7053,817944,-18.43,100,-1.26
7054,817986,-7.22,101,-1.49
7055,817992,-32.9,100,-1.44
7056,817998,-8.77,101,-1.1
7057,818004,31.39,125,-0.62
7058,818178,52.94,125,-0.27
7059,818604,-10.03,101,-0.11
7060,818604,-12.31,100,-0.25
7061,818694,15.38,125,-0.93
7062,818736,76.28,125,-0.02
7063,818742,64.75,125,0.77
7064,818778,-13.33,100,0.5
7065,819210,-4.17,101,0.48
7066,819354,46.42,125,1.08
7067,819444,18.24,125,1.37
7068,819486,33.11,125,2.19
7069,819492,53.33,125,2.75
7070,819528,47.73,125,3.21
7071,819810,-17.5,100,3.39
7072,820086,-15.28,100,3.25
7073,820104,89.71,125,4.62
7074,820164,-0.95,112,4.46
7075,820194,33.33,125,4.82
7076,820278,52.09,125,5.55
7077,820560,68.03,125,6.73
7078,820686,-38.06,100,6.42
7079,820704,-28.63,100,6.58
7080,820794,-11.68,100,6.65
7081,820914,86.81,125,7.86
7082,821028,77.42,125,8.29
7083,821286,-33.13,100,8.34
7084,821310,66.67,125,9.22
7085,821454,49.47,125,10.06
7086,821466,3.12,112,9.63
7087,821520,-5.84,101,8.96
7088,821778,28.81,125,9.5
7089,821916,-9.93,101,8.98
7090,822036,76.47,125,9.81
7091,822060,-7.44,101,9.65
7092,822102,-3.72,106,9.72
7093,822240,8.53,120,10.23
7094,822378,-10.62,100,10.71
7095,822522,-4.14,101,10.78
7096,822636,-28.15,100,10.6
7097,822708,0.56,108,10.43
7098,822852,67.2,125,11.46
7099,822882,-2.26,107,11.44
7100,823122,-45.52,100,10.49
7101,823128,118.05,125,11.81
7102,823236,-12.62,100,10.5
7103,823458,53.85,125,11.35
7104,823482,-10.2,100,11.39
7105,823590,0.19,123,11.44
7106,823836,-29.28,100,10.82
7107,823872,15.94,125,11.07
7108,823878,127.89,125,12.05
7109,824058,-43.53,100,11.07
7110,824196,-10.33,101,11.08
7111,824232,72.04,125,10.99
7112,824580,21.42,124,11.09
7113,824622,69.18,125,11.64
7114,824628,25.48,125,12.17
7115,824658,-60.77,100,12.04
7116,824928,-1.32,116,12.17
7117,824946,129.09,125,13.5
7118,825228,-17.09,100,13.35
7119,825330,77.26,125,13.35
7120,825372,80.21,125,13.5
7121,825408,121.43,125,14.95
7122,825528,-23.52,100,13.74
7123,825546,-15.9,100,13.76
7124,825972,-40.53,100,13.03
7125,825978,45.45,125,13.51
7126,825984,3.71,109,13.42
7127,826074,10.18,111,13.64
7128,826134,-8.0,101,13.62
7129,826206,-2.18,110,13.78
7130,826572,-40.53,100,13.57
7131,826578,-15.37,100,13.64
7132,826584,-41.13,100,13.3
7133,826824,65.56,125,14.17
7134,826884,72.66,125,14.58
7135,826956,111.27,125,15.8
7136,827178,-38.04,100,15.63
7137,827184,-28.28,100,15.34
7138,827322,48.01,125,16.26
7139,827424,-45.75,100,15.75
7140,827634,42.86,125,15.79
7141,827706,74.34,125,16.31
7142,827784,-38.62,100,15.95
7143,827922,-14.71,100,15.3
7144,827928,12.18,125,15.18
7145,828024,-54.07,100,15.02
7146,828306,-50.7,100,14.68
7147,828384,41.79,125,15.12
7148,828528,-18.85,100,14.87
7149,828534,115.61,125,15.89
7150,828672,9.72,125,16.25
7151,828714,3.41,115,16.43
7152,829056,62.63,125,17.48
7153,829134,13.14,125,17.79
7154,829140,-6.03,101,17.81
7155,829278,24.5,125,18.38
7156,829278,-7.22,101,18.4
7157,829464,51.85,125,18.6
7158,829728,-0.56,112,18.07
7159,829746,-4.44,101,18.12
7160,829776,-4.42,107,18.2
7161,829878,-20.98,100,17.84
7162,829884,-7.58,101,17.0
7163,830064,-45.94,100,15.89
7164,830346,-18.11,100,15.84
7165,830460,-3.15,114,15.85
7166,830478,52.48,125,15.91
7167,830484,-6.97,101,15.66
7168,830634,37.72,125,15.71
7169,830664,-42.2,100,14.75
7170,830946,-11.97,100,14.16
7171,831060,-56.67,100,13.76
7172,831078,-31.67,100,13.6
7173,831234,7.41,125,12.78
7174,831384,39.37,125,13.18
7175,831414,9.89,125,12.95
7176,831690,20.52,124,12.63
7177,831726,-1.53,108,11.93
7178,831810,38.18,125,12.7
7179,831834,-41.24,100,12.57
7180,831990,-10.56,101,12.58
7181,832014,-14.22,100,11.57
7182,832356,-6.82,105,10.73
7183,832410,-18.27,100,10.88
7184,832434,-39.85,100,9.81
7185,832440,27.09,125,9.59
7186,832632,-2.25,103,9.54
7187,832662,-6.03,112,9.53
7188,833046,-10.56,101,9.14
7189,833058,-4.97,104,9.19
7190,833070,2.91,110,8.45
7191,833106,60.66,125,9.13
7192,833334,3.49,112,9.21
7193,833382,59.24,125,9.71
7194,833796,25.0,125,10.07
7195,833808,3.45,125,10.15
7196,833808,10.04,123,10.53
7197,833820,11.05,119,10.63
7198,833970,-2.07,106,9.94
7199,834132,46.18,125,10.42
7200,834546,20.62,125,11.09
7201,834558,37.78,125,10.28
7202,834558,91.56,125,11.33
7203,834570,37.68,125,11.16
7204,834720,46.85,125,11.73
7205,834882,37.18,125,12.1
7206,835248,7.56,113,12.47
7207,835296,30.08,125,12.61
7208,835308,74.9,125,12.08
7209,835308,95.88,125,13.48
7210,835320,-25.25,100,13.33
7211,835554,4.95,112,12.66
7212,835914,-4.58,101,12.4
7213,835998,67.21,125,12.38
7214,836046,13.01,125,12.25
7215,836058,76.47,125,13.63
7216,836070,47.06,125,14.11
7217,836304,67.36,125,13.49
7218,836598,-39.71,100,13.27
7219,836646,-21.82,100,12.28
7220,836664,10.27,125,11.58
7221,836670,-16.4,100,10.2
7222,836808,21.41,125,10.65
7223,837054,39.07,125,11.2
7224,837348,67.91,125,12.28
7225,837396,56.86,125,12.4
7226,837414,79.21,125,13.15
7227,837420,50.0,125,13.55
7228,837558,41.87,125,14.05
7229,837654,-17.54,100,13.89
7230,838008,2.32,110,14.32
7231,838080,1.29,111,14.49
7232,838146,21.0,125,15.11
7233,838170,77.22,125,15.23
7234,838290,-2.33,106,14.48
7235,838308,52.61,125,13.89
7236,838608,-13.85,100,14.13
7237,838680,-18.27,100,14.23
7238,838794,-6.21,104,13.69
7239,838896,129.24,125,15.44
7240,838896,-9.83,101,14.91
7241,839058,10.32,125,14.27
7242,839208,-22.77,100,14.43
7243,839430,60.45,125,15.18
7244,839544,-1.84,108,15.04
7245,839544,55.12,125,16.13
7246,839646,31.27,125,16.95
7247,839658,-13.33,100,16.4
7248,839958,34.75,125,16.94
7249,840144,-30.13,100,15.48
7250,840150,-5.71,101,15.33
7251,840180,40.0,125,15.69
7252,840396,36.21,125,15.43
7253,840408,50.64,125,15.8
7254,840708,55.17,125,16.42
7255,840852,13.71,118,16.31
7256,840900,37.83,125,16.76
7257,840930,67.88,125,16.92
7258,840996,-27.96,100,16.64
7259,841026,-4.91,103,16.64
7260,841458,81.51,125,17.5
7261,841602,17.06,125,17.88
7262,841626,-11.03,100,17.84
7263,841650,67.27,125,18.98
7264,841680,49.68,125,19.66
7265,841746,41.48,125,20.1
7266,842058,-14.21,100,19.43
7267,842250,-29.64,100,19.21
7268,842352,-5.14,101,18.78
7269,842352,21.95,125,19.42
7270,842376,21.58,125,19.76
7271,842430,58.45,125,20.91
7272,842730,-2.1,112,21.2
7273,842856,-5.88,101,21.07
7274,842952,-30.94,100,20.37
7275,842958,-0.38,101,20.26
7276,842976,-38.04,100,19.68
7277,843180,84.91,125,20.54
7278,843384,4.8,109,20.21
7279,843456,-43.64,100,20.19
7280,843576,-30.57,100,19.99
7281,843666,9.6,118,20.22
7282,843702,76.68,125,21.06
7283,843780,-12.66,100,21.11
7284,844092,-2.33,106,21.49
7285,844134,60.71,125,21.83
7286,844248,0.72,112,21.86
7287,844266,-20.12,100,21.71
7288,844344,-4.69,107,21.77
7289,844530,31.31,125,22.14
7290,844740,-6.85,101,22.04
7291,844842,77.26,125,22.2
7292,844848,-24.65,100,21.92
7293,844944,-20.59,100,21.13
7294,845016,54.64,125,21.42
7295,845130,-41.04,100,20.98
7296,845340,-18.95,100,20.69
7297,845556,2.03,118,20.6
7298,845592,12.68,125,20.74
7299,845694,49.7,125,20.78
7300,845766,84.82,125,21.42
7301,845880,60.26,125,21.65
7302,845976,-4.8,106,20.68
7303,846156,-48.48,100,19.82
7304,846342,11.76,125,19.47
7305,846366,-11.15,100,18.99
7306,846444,39.71,125,19.31
7307,846630,29.34,125,19.3
7308,846714,2.23,123,18.57
7309,846906,34.68,125,17.96
7310,847092,4.03,125,18.25
7311,847116,83.28,125,19.04
7312,847158,2.77,119,19.11
7313,847380,42.86,125,18.87
7314,847464,83.95,125,19.58
7315,847656,21.02,125,19.02
7316,847692,-28.05,100,18.27
7317,847716,-13.55,100,17.46
7318,847908,32.89,125,18.19
7319,848064,-26.37,100,18.14
7320,848130,50.16,125,18.54
7321,848256,-29.66,100,18.41
7322,848292,-22.95,100,17.97
7323,848454,6.86,123,17.64
7324,848658,31.03,125,17.27
7325,848706,-4.17,107,16.66
7326,848880,54.64,125,16.42
7327,849006,45.39,125,16.37
7328,849042,34.43,125,16.3
7329,849204,56.52,125,17.04
7330,849258,-52.03,100,16.5
7331,849456,43.36,125,16.92
7332,849606,-34.13,100,16.36
7333,849630,20.14,125,15.79
7334,849756,1.57,119,15.83
7335,849936,3.94,113,15.35
7336,849954,47.54,125,15.96
7337,850206,71.09,125,16.85
7338,850230,-13.57,100,16.78
7339,850356,27.33,125,15.76
7340,850356,-11.56,100,15.74
7341,850614,4.05,110,15.68
7342,850686,6.71,125,15.98
7343,850830,-35.22,100,15.02
7344,850956,-18.08,100,14.86
7345,850956,48.47,125,14.79
7346,850962,-8.47,101,14.39
7347,851220,-4.15,101,14.48
7348,851436,46.58,125,14.6
7349,851496,-1.84,111,14.89
7350,851562,-14.98,100,14.79
7351,851706,39.75,125,14.79
7352,851706,37.68,125,14.81
7353,851970,78.08,125,15.08
7354,852096,-32.76,100,14.2
7355,852162,-22.57,100,13.84
7356,852186,48.94,125,13.95
7357,852306,-44.79,100,12.82
7358,852456,54.98,125,13.65
7359,852720,16.88,125,13.87
7360,852762,-17.5,100,12.88
7361,852846,50.0,125,13.21
7362,852936,73.61,125,14.06
7363,853056,123.83,125,14.62
7364,853206,5.61,125,14.18
7365,853338,-4.7,103,13.72
7366,853446,-16.91,100,13.69
7367,853512,12.63,125,14.11
7368,853536,-32.17,100,13.84
7369,853656,-45.08,100,13.17
7370,853812,-7.0,101,12.89
7371,853938,-55.69,100,11.75
7372,854046,-57.74,100,11.19
7373,854112,-11.0,100,11.14
7374,854286,64.23,125,12.09
7375,854406,36.2,125,12.46
7376,854412,-17.72,100,12.66
7377,854688,28.62,125,12.1
7378,854712,-46.56,100,11.58
7379,854796,47.34,125,12.49
7380,855006,-20.98,100,12.59
7381,855036,20.63,125,12.7
7382,855162,12.8,125,12.06
7383,855438,37.04,125,12.56
7384,855462,64.38,125,13.22
7385,855546,34.68,125,12.96
7386,855756,59.86,125,13.56
7387,855786,-2.28,125,13.73
7388,855912,57.89,125,14.36
7389,856038,-30.17,100,13.74
7390,856146,4.04,114,13.85
7391,856296,73.08,125,13.81
7392,856506,43.81,125,14.5
7393,856536,6.38,125,14.77
7394,856662,26.76,125,14.49
7395,856752,-4.64,101,14.85
7396,856788,80.0,125,15.84
7397,857046,20.75,125,16.03
7398,857106,-28.72,100,15.61
7399,857136,-26.31,100,14.85
7400,857358,-7.12,101,13.93
7401,857412,48.15,125,13.81
7402,857538,14.58,125,14.01
7403,857736,-14.75,100,14.34
7404,857796,20.14,125,14.43
7405,857856,36.36,125,14.9
7406,858108,88.36,125,15.39
7407,858162,29.82,125,15.4
7408,858270,0.04,122,15.37
7409,858342,-3.81,101,14.99
7410,858546,52.54,125,15.47
7411,858606,34.23,125,14.98
7412,858762,-40.32,100,14.55
7413,858858,85.31,125,14.98
7414,858942,-14.85,100,13.99
7415,858954,9.97,114,13.88
7416,859296,65.41,125,14.81
7417,859356,89.0,125,15.84
7418,859512,49.66,125,16.01
7419,859608,-0.28,125,16.27
7420,859692,19.74,125,15.96
7421,859704,80.56,125,17.06
7422,860046,63.27,125,17.93
7423,860106,63.4,125,18.49
7424,860250,15.42,123,18.34
7425,860304,-27.74,100,18.1
7426,860358,51.26,125,18.07
7427,860442,39.37,125,18.01
7428,860796,47.6,125,18.14
7429,860856,78.71,125,18.36
7430,860988,-1.53,105,18.87
7431,861000,21.5,125,18.65
7432,861042,-21.37,100,18.77
7433,861054,20.14,125,18.77
7434,861396,-19.43,100,18.56
7435,861456,-48.86,100,18.04
7436,861708,-1.53,111,17.55
7437,861738,17.65,125,17.01
7438,861750,56.74,125,17.71
7439,861804,25.87,125,17.7
7440,861996,-12.63,100,17.69
7441,862098,-2.87,107,17.62
7442,862458,73.01,125,18.28
7443,862488,38.18,125,19.02
7444,862500,95.73,125,20.16
7445,862554,4.32,125,19.71
7446,862746,47.26,125,20.27
7447,862848,19.5,125,20.51
7448,863166,-0.52,102,20.04
7449,863208,67.86,125,20.73
7450,863238,62.96,125,21.51
7451,863238,0.64,123,21.12
7452,863346,-15.06,100,20.59
7453,863448,-47.21,100,19.34
7454,863850,-3.86,102,19.63
7455,863862,4.19,116,19.9
7456,863946,-29.49,100,19.11
7457,863958,12.96,125,19.69
7458,863988,29.75,125,19.44
7459,864198,55.63,125,19.83
7460,864552,-0.31,115,20.0
7461,864600,65.02,125,20.15
7462,864696,21.43,125,19.63
7463,864708,75.9,125,19.15
7464,864738,12.9,125,19.22
7465,864948,34.39,125,19.61
7466,865302,22.64,125,20.01
7467,865308,-16.71,100,19.71
7468,865314,-0.13,119,20.03
7469,865446,11.11,125,20.6
7470,865488,19.3,125,20.86
7471,865698,34.1,125,21.76
7472,865968,-1.69,111,22.32
7473,866058,24.26,125,22.67
7474,866064,60.54,125,22.63
7475,866196,52.61,125,22.8
7476,866238,88.55,125,23.86
7477,866400,-0.35,117,23.57
7478,866682,0.04,119,24.04
7479,866766,0.7,118,23.57
7480,866814,156.94,125,25.35
7481,866946,53.85,125,25.68
7482,866988,87.07,125,26.42
7483,867000,-19.8,100,25.85
7484,867330,1.19,108,25.22
7485,867516,64.75,125,25.52
7486,867564,28.11,125,25.21
7487,867588,-3.63,107,25.19
7488,867588,-26.15,100,24.35
7489,867600,-42.08,100,24.23
7490,868080,-0.6,125,24.19
7491,868188,-31.14,100,23.14
7492,868266,60.45,125,23.31
7493,868314,16.13,125,23.41
7494,868338,38.04,125,23.52
7495,868350,59.01,125,24.16
7496,868680,-28.55,100,23.07
7497,868860,-0.45,112,22.86
7498,868866,-11.99,100,23.03
7499,869064,101.99,125,24.31
7500,869088,92.93,125,25.31
7501,869100,79.49,125,25.62
7502,869280,-41.29,100,25.07
7503,869466,-8.43,101,25.13
7504,869574,-1.99,118,24.91
7505,869670,-8.64,101,24.46
7506,869688,-28.72,100,23.29
7507,869850,73.01,125,23.72
7508,870030,8.63,125,23.8
7509,870138,-2.64,112,23.82
7510,870324,66.04,125,23.95
7511,870420,60.71,125,24.22
7512,870438,37.35,125,24.99
7513,870450,-22.57,100,23.91
7514,870642,-2.39,102,24.04
7515,870888,6.16,125,24.0
7516,870924,-34.39,100,23.0
7517,871020,-12.69,100,21.98
7518,871188,11.46,125,21.6
7519,871200,72.66,125,22.33
7520,871242,-22.18,100,21.91
7521,871554,-3.73,105,21.07
7522,871584,2.76,116,20.47
7523,871638,-4.96,103,19.78
7524,871938,56.58,125,20.19
7525,871950,33.21,125,20.8
7526,871992,30.6,125,20.6
7527,872154,-14.48,100,20.06
7528,872310,-3.83,112,19.54
7529,872334,64.23,125,19.4
7530,872550,-18.2,100,19.23
7531,872598,-8.94,101,18.93
7532,872616,1.13,113,19.15
7533,872820,-3.83,111,18.91
7534,872946,-2.91,102,19.08
7535,873060,29.13,125,19.86
7536,873156,-5.71,101,19.82
7537,873348,38.98,125,20.03
7538,873366,14.7,125,19.61
7539,873552,-6.33,101,19.29
7540,873570,54.98,125,19.96
7541,873810,38.61,125,20.38
7542,873906,61.39,125,20.26
7543,873954,-5.46,101,19.82
7544,874116,30.43,125,19.17
7545,874302,51.82,125,19.65
7546,874320,54.41,125,19.72
7547,874518,-1.89,102,19.5
7548,874560,98.65,125,20.5
7549,874704,148.23,125,21.3
7550,874716,-26.59,100,20.4
7551,874902,-48.09,100,19.92
7552,875004,-0.29,114,20.06
7553,875118,-43.93,100,20.1
7554,875310,67.16,125,20.81
7555,875454,63.19,125,21.4
7556,875466,7.66,125,21.77
7557,875652,46.5,125,22.1
7558,875652,-3.89,108,21.77
7559,875838,1.83,120,21.23
7560,876060,75.38,125,21.99
7561,876066,-16.08,100,21.18
7562,876204,17.66,125,21.14
7563,876402,13.14,125,20.51
7564,876402,97.95,125,21.36
7565,876438,-14.26,100,20.88
7566,876810,26.35,125,20.91
7567,876816,130.24,125,22.38
7568,876954,24.63,125,22.63
7569,877152,7.41,125,22.59
7570,877152,102.02,125,23.42
7571,877188,60.28,125,23.68
7572,877458,-3.41,107,23.66
7573,877530,12.01,120,23.54
7574,877560,-9.12,101,22.85
7575,877902,59.84,125,22.92
7576,877902,57.14,125,22.6
7577,877938,22.81,125,22.83
7578,878208,180.17,125,24.64
7579,878250,9.88,120,24.73
7580,878310,79.49,125,23.95
7581,878502,-38.73,100,23.03
7582,878544,-6.73,101,22.09
7583,878652,164.82,125,23.94
7584,878958,103.57,125,24.96
7585,878982,19.3,122,24.51
7586,879060,60.88,125,24.83
7587,879150,-4.43,108,24.82
7588,879294,28.11,125,25.37
7589,879402,24.57,125,26.03
7590,879660,-12.93,100,25.91
7591,879708,57.6,125,26.8
7592,879732,85.51,125,27.05
7593,879900,51.94,125,27.41
7594,880044,99.37,125,28.02
7595,880152,141.26,125,28.84
7596,880368,2.0,110,29.15
7597,880410,71.82,125,29.87
7598,880482,82.12,125,30.81
7599,880650,47.37,125,30.27
7600,880752,-18.63,100,29.15
7601,880794,68.92,125,29.04
7602,881076,-3.09,111,29.43
7603,881118,115.91,125,30.67
7604,881160,5.69,113,30.75
7605,881364,-4.41,102,30.79
7606,881394,-37.15,100,30.7
7607,881400,20.28,125,30.18
7608,881718,-3.41,107,30.06
7609,881868,126.03,125,31.34
7610,881910,91.78,125,31.6
7611,882000,-15.16,100,30.84
7612,882114,63.76,125,31.11
7613,882144,24.52,125,31.58
7614,882468,10.7,125,31.71
7615,882510,-24.83,100,31.4
7616,882618,97.13,125,32.71
7617,882660,8.99,110,32.93
7618,882864,27.73,125,33.09
7619,882894,14.19,125,32.51
7620,883158,-1.53,108,32.71
7621,883218,99.28,125,33.75
7622,883218,-55.78,100,33.16
7623,883410,60.0,125,33.81
7624,883494,-11.97,100,33.12
7625,883614,93.33,125,33.72
7626,883908,28.92,125,33.71
7627,883968,103.24,125,34.89
7628,883968,55.63,125,35.48
7629,884160,114.29,125,35.98
7630,884214,-50.24,100,35.66
7631,884244,25.77,125,36.01
7632,884658,25.0,125,36.25
7633,884700,-1.71,122,36.27
7634,884718,23.33,125,36.53
7635,884910,121.45,125,37.45
7636,884964,80.51,125,38.31
7637,884994,26.58,125,38.19
7638,885312,4.91,109,38.09
7639,885318,-33.81,100,37.82
7640,885450,57.41,125,37.84
7641,885564,-18.98,100,37.27
7642,885600,1.75,115,36.67
7643,885744,37.32,125,37.1
7644,886062,36.36,125,37.16
7645,886068,102.61,125,37.67
7646,886170,1.47,120,37.14
7647,886314,58.25,125,37.74
7648,886344,-52.13,100,36.23
7649,886350,8.63,125,34.83
7650,886812,101.41,125,36.11
7651,886818,86.05,125,37.45
7652,886920,47.59,125,37.93
7653,886980,-5.05,105,38.32
7654,887064,121.84,125,38.87
7655,887094,68.42,125,38.92
7656,887478,-2.99,111,38.82
7657,887568,39.62,125,38.75
7658,887670,57.53,125,39.36
7659,887730,36.53,125,39.71
7660,887814,113.29,125,40.09
7661,887844,27.09,125,40.52
7662,888168,-39.32,100,39.95
7663,888228,54.98,125,40.37
7664,888420,60.45,125,39.99
7665,888480,42.41,125,40.56
7666,888564,33.54,125,40.63
7667,888594,109.62,125,40.42
7668,888918,87.94,125,41.06
7669,888978,96.83,125,41.95
7670,889170,133.08,125,42.26
7671,889224,-1.76,105,41.64
7672,889230,31.31,125,41.99
7673,889314,51.2,125,42.38
7674,889668,20.0,125,42.67
7675,889728,175.36,125,43.83
7676,889824,-25.95,100,43.0
7677,889830,-12.84,100,42.64
7678,889914,-49.17,100,40.35
7679,889920,152.83,125,41.78
7680,890334,-7.95,101,40.9
7681,890418,129.24,125,42.58
7682,890574,46.18,125,43.11
7683,890580,21.62,125,41.68
7684,890622,9.92,118,40.74
7685,890646,0.6,121,40.55
7686,891084,21.95,125,40.17
7687,891168,76.27,125,40.97
7688,891180,-12.48,100,40.57
7689,891246,-60.77,100,39.71
7690,891324,83.46,125,40.68
7691,891372,74.17,125,40.84
7692,891798,1.23,119,40.0
7693,891828,-2.75,108,39.45
7694,891918,41.96,125,38.88
7695,891924,-37.75,100,37.09
7696,891948,7.32,117,37.14
7697,892122,47.54,125,36.9
7698,892398,-29.64,100,35.78
7699,892512,6.12,114,35.37
7700,892602,2.46,109,35.58
7701,892668,136.11,125,36.25
7702,892674,68.97,125,36.97
7703,892872,40.4,125,36.22
7704,893142,-3.06,105,36.13
7705,893148,84.62,125,37.02
7706,893262,-4.91,110,37.34
7707,893274,-17.28,100,36.97
7708,893418,86.81,125,37.87
7709,893622,3.56,125,36.64
7710,893748,-19.26,100,35.53
7711,893892,22.38,125,35.91
7712,894012,33.14,125,35.6
7713,894024,20.0,125,35.56
7714,894168,85.31,125,36.3
7715,894222,-29.15,100,36.26
7716,894498,-7.81,101,35.21
7717,894498,40.41,125,35.53
7718,894624,-51.79,100,34.73
7719,894762,147.15,125,36.06
7720,894894,-3.98,112,36.04
7721,894918,63.76,125,35.68
7722,895248,82.72,125,37.07
7723,895248,42.34,125,36.89
7724,895362,8.96,123,37.1
7725,895494,-23.45,100,35.93
7726,895512,48.55,125,36.13
7727,895668,184.28,125,36.94
7728,895998,36.99,125,36.75
7729,895998,26.15,125,35.87
7730,896088,15.78,121,36.53
7731,896118,-6.61,101,36.21
7732,896244,91.04,125,36.87
7733,896370,5.1,117,36.93
7734,896598,-40.91,100,36.29
7735,896748,96.49,125,36.04
7736,896838,23.26,125,35.47
7737,896868,74.92,125,35.95
7738,896970,-33.33,100,35.57
7739,896994,109.49,125,37.0
7740,897348,107.36,125,37.5
7741,897498,97.03,125,38.66
7742,897588,143.82,125,40.08
7743,897594,-34.02,100,39.37
7744,897618,87.28,125,39.88
7745,897720,96.32,125,39.82
7746,898098,60.26,125,40.4
7747,898248,43.77,125,40.26
7748,898338,142.21,125,42.2
7749,898344,31.79,125,42.43
7750,898368,57.89,125,42.0
7751,898470,104.62,125,42.19
7752,898698,-34.23,100,41.37
7753,898998,55.96,125,41.98
7754,899088,129.51,125,42.05
7755,899094,98.76,125,42.36
7756,899118,94.76,125,43.34
7757,899220,99.38,125,43.93
7758,899418,1.12,120,43.37
7759,899634,-3.44,106,42.97
7760,899838,8.77,125,41.92
7761,899844,104.46,125,42.7
7762,899868,17.77,125,43.27
7763,899970,18.06,125,42.9
7764,900168,30.87,125,42.6
7765,900384,23.13,125,42.41
7766,900588,43.38,125,42.51
7767,900594,49.81,125,41.91
7768,900618,14.7,125,41.18
7769,900720,47.69,125,40.69
7770,900918,96.01,125,40.32
7771,900990,-10.57,101,40.23
7772,901194,-17.25,100,39.74
7773,901218,-39.46,100,38.84
7774,901338,64.52,125,39.28
7775,901470,83.45,125,38.36
7776,901668,64.34,125,39.26
7777,901668,-3.86,113,39.35
7778,901800,-10.72,101,39.74
7779,901938,-23.86,100,37.97
7780,901968,123.4,125,39.29
7781,902220,74.45,125,38.74
7782,902418,45.9,125,38.73
7783,902418,26.62,125,38.78
7784,902538,-54.68,100,38.14
7785,902550,67.83,125,38.81
7786,902652,3.74,114,38.63
7787,902970,78.32,125,38.65
7788,903168,108.19,125,39.86
7789,903168,59.7,125,41.06
7790,903240,9.85,117,40.32
7791,903300,42.86,125,40.01
7792,903402,12.89,125,40.13
7793,903720,56.13,125,40.72
7794,903918,41.3,125,40.71
7795,903918,178.35,125,42.87
7796,903990,14.64,125,42.94
7797,904050,28.92,125,42.76
7798,904152,50.16,125,43.56
7799,904470,24.57,125,43.74
7800,904668,63.27,125,44.35
7801,904668,54.09,125,43.53
7802,904740,12.85,125,42.97
7803,904800,20.88,125,42.77
7804,904902,71.14,125,43.51
7805,905220,29.75,125,42.97
7806,905388,3.21,120,43.05
7807,905418,54.88,125,43.77
7808,905490,14.11,125,43.04
7809,905550,78.08,125,43.79
7810,905652,132.82,125,45.31
7811,905826,-7.12,101,45.01
7812,906018,-49.59,100,44.19
7813,906138,57.89,125,44.56
7814,906240,105.21,125,44.76
7815,906264,16.43,119,45.22
7816,906402,91.34,125,46.21
7817,906576,32.45,125,46.13
7818,906768,129.97,125,47.95
7819,906858,-4.48,103,46.43
7820,906888,13.01,125,46.6
7821,907002,-55.95,100,45.41
7822,907014,87.5,125,45.45
7823,907326,87.74,125,45.91
7824,907488,-57.59,100,45.24
7825,907518,50.41,125,45.98
7826,907596,10.57,123,45.6
7827,907602,-56.19,100,43.2
7828,907614,-35.33,100,42.47
7829,908076,27.39,125,42.49
7830,908088,-14.31,100,42.18
7831,908208,-3.28,101,42.22
7832,908268,52.91,125,41.84
7833,908334,13.78,123,41.92
7834,908364,144.76,125,43.78
7835,908754,4.22,111,42.86
7836,908808,-27.54,100,42.35
7837,908826,135.29,125,42.95
7838,908934,-29.49,100,42.99
7839,908964,-37.19,100,41.52
7840,909018,51.52,125,40.97
7841,909420,-3.23,102,39.96
7842,909504,51.62,125,39.04
7843,909576,57.02,125,39.95
7844,909684,61.9,125,39.7
7845,909714,18.97,125,38.92
7846,909768,45.33,125,38.78
7847,910020,-35.63,100,37.98
7848,910254,65.58,125,37.22
7849,910326,113.48,125,38.03
7850,910434,110.0,125,38.55
7851,910464,41.34,125,37.92
7852,910518,83.33,125,39.1
7853,910620,-31.72,100,38.22
7854,911004,121.48,125,38.14
7855,911076,93.77,125,38.09
7856,911118,-25.36,100,36.89
7857,911184,92.57,125,36.82
7858,911214,50.16,125,37.31
7859,911370,36.99,125,37.71
7860,911604,-43.37,100,37.19
7861,911826,42.29,125,36.57
7862,911868,19.6,125,36.59
7863,911934,52.37,125,36.93
7864,911964,14.11,125,36.77
7865,912120,65.47,125,37.19
7866,912258,0.46,109,36.76
7867,912528,11.5,117,36.38
7868,912570,-3.53,106,36.19
7869,912618,142.19,125,37.14
7870,912714,105.39,125,37.23
7871,912720,-38.48,100,36.95
7872,912858,-49.92,100,36.63
7873,913278,92.98,125,37.95
7874,913320,113.18,125,38.44
7875,913368,26.54,125,37.87
7876,913434,4.0,120,37.27
7877,913458,-45.41,100,36.85
7878,913470,69.88,125,37.66
7879,914028,89.29,125,38.79
7880,914034,-11.03,100,37.44
7881,914070,-20.97,100,36.49
7882,914070,143.03,125,37.46
7883,914118,109.44,125,38.29
7884,914208,102.9,125,39.86
7885,914718,-47.51,100,38.71
7886,914778,61.97,125,39.29
7887,914784,111.92,125,39.63
7888,914820,82.13,125,39.37
7889,914820,99.28,125,39.76
7890,914958,23.71,125,39.9
7891,915318,-17.91,100,39.3
7892,915420,-58.26,100,38.58
7893,915528,95.97,125,38.98
7894,915534,46.2,125,39.03
7895,915570,85.76,125,38.1
7896,915708,77.97,125,38.74
7897,916068,86.85,125,39.32
7898,916140,-6.22,101,38.75
7899,916170,101.26,125,39.52
7900,916278,115.05,125,40.04
7901,916320,84.56,125,40.34
7902,916458,45.11,125,40.67
7903,916818,54.39,125,41.0
7904,916884,-6.41,101,40.23
7905,916890,149.11,125,41.42
7906,916896,4.79,121,41.43
7907,917070,117.23,125,42.06
7908,917208,99.29,125,42.91
7909,917490,-11.9,100,42.01
7910,917568,102.53,125,41.71
7911,917634,99.28,125,42.77
7912,917646,41.45,125,43.68
7913,917820,88.81,125,43.99
7914,917958,37.14,125,43.31
7915,918090,-42.19,100,42.72
7916,918318,43.33,125,42.24
7917,918384,102.13,125,42.94
7918,918396,104.7,125,42.69
7919,918420,-15.81,100,42.57
7920,918708,9.72,125,42.54
7921,918840,115.02,125,44.25
7922,919038,-0.56,109,43.37
7923,919068,70.57,125,43.2
7924,919086,0.31,115,43.78
7925,919170,116.12,125,44.43
7926,919440,-23.46,100,44.09
7927,919458,104.95,125,45.71
7928,919674,-9.37,101,45.97
7929,919710,-0.31,112,45.69
7930,919836,28.22,125,46.11
7931,919920,170.68,125,47.85
7932,920058,-16.24,100,47.16
7933,920094,8.25,109,47.11
7934,920424,109.15,125,46.75
7935,920430,0.57,120,46.71
7936,920586,40.89,125,47.4
7937,920670,46.96,125,46.51
7938,920736,1.21,107,46.82
7939,920808,72.79,125,47.92
7940,921030,-20.97,100,47.2
7941,921174,79.05,125,48.02
7942,921270,-52.08,100,46.98
7943,921336,29.5,125,46.71
7944,921396,-1.67,110,46.07
7945,921558,44.2,125,46.32
7946,921690,9.56,110,45.97
7947,921924,70.73,125,47.03
7948,922020,93.33,125,47.31
7949,922086,73.01,125,46.9
7950,922146,79.1,125,46.59
7951,922158,-59.45,100,45.59
7952,922440,33.45,125,45.09
7953,922614,1.39,115,45.42
7954,922758,1.11,112,44.21
7955,922770,48.39,125,43.76
7956,922896,39.86,125,44.41
7957,922908,77.47,125,44.26
7958,923190,13.01,125,43.89
7959,923214,-26.03,100,43.26
7960,923508,72.3,125,44.42
7961,923520,144.09,125,45.43
7962,923646,68.79,125,45.93
7963,923658,26.1,125,45.66
7964,923940,16.71,125,45.69
7965,923964,70.21,125,45.74
7966,924258,51.29,125,46.25
7967,924270,115.33,125,47.28
7968,924354,5.74,116,47.38
7969,924396,69.01,125,46.65
7970,924564,-15.69,100,45.43
7971,924666,5.59,121,45.87
7972,924960,-8.55,101,46.29
7973,925008,48.37,125,45.84
7974,925020,62.07,125,45.33
7975,925146,85.81,125,45.92
7976,925314,63.88,125,46.52
7977,925416,64.91,125,47.63
7978,925608,-43.37,100,46.49
7979,925692,0.37,112,45.6
7980,925710,100.0,125,46.71
7981,925896,121.05,125,48.14
7982,925932,-4.48,103,46.66
7983,926166,90.79,125,46.47
7984,926214,-7.88,101,45.37
7985,926442,105.04,125,46.89
7986,926460,108.0,125,47.35
7987,926610,2.32,113,46.26
7988,926646,31.39,125,45.75
7989,926916,118.75,125,45.94
7990,926964,98.65,125,46.69
7991,927192,107.24,125,47.94
7992,927210,72.04,125,49.25
7993,927360,34.43,125,48.63
7994,927396,56.46,125,48.73
7995,927666,84.13,125,48.72
7996,927714,74.72,125,48.68
7997,927792,-20.77,100,47.61
7998,927960,12.68,125,47.8
7999,927990,-2.44,105,46.76
8000,928116,6.31,120,45.67
8001,928362,-2.8,108,44.8
8002,928392,-16.91,100,44.18
8003,928416,105.21,125,44.69
8004,928560,-58.26,100,44.17
8005,928716,-55.52,100,42.12
8006,928740,68.5,125,42.76
8007,929112,78.22,125,42.37
8008,929124,10.31,122,41.48
8009,929166,27.15,125,41.87
8010,929310,71.05,125,41.56
8011,929382,-4.21,111,40.52
8012,929490,46.88,125,40.58
8013,929712,-13.33,100,39.55
8014,929874,53.06,125,39.71
8015,929916,20.0,125,40.34
8016,929988,-8.88,101,39.81
8017,930060,130.47,125,40.1
8018,930204,2.02,119,39.07
8019,930462,16.84,125,39.4
8020,930564,6.18,115,39.36
8021,930636,-0.69,108,38.2
8022,930666,57.27,125,38.78
8023,930756,19.48,116,38.27
8024,930930,1.28,121,38.28
8025,931212,122.89,125,38.35
8026,931314,65.38,125,39.24
8027,931380,13.89,119,38.33
8028,931386,108.03,125,39.5
8029,931506,69.93,125,40.2
8030,931680,11.89,125,40.04
8031,931812,-11.15,100,38.22
8032,931914,-24.64,100,38.14
8033,932046,1.13,111,38.07
8034,932136,87.07,125,37.85
8035,932256,92.16,125,38.76
8036,932418,-8.19,101,38.27
8037,932430,92.44,125,38.73
8038,932514,-13.77,100,38.58
8039,932646,-24.79,100,37.6
8040,932886,105.39,125,38.86
8041,933006,140.28,125,39.48
8042,933168,8.84,125,40.08
8043,933180,87.29,125,40.66
8044,933264,31.9,125,41.0
8045,933396,107.61,125,41.63
8046,933636,105.88,125,42.6
8047,933756,24.2,125,42.13
8048,933870,-6.27,101,41.13
8049,933918,30.16,125,40.71
8050,933930,74.19,125,40.66
8051,934146,46.95,125,41.72
8052,934386,140.6,125,42.79
8053,934470,-56.51,100,42.21
8054,934506,66.16,125,42.86
8055,934524,-4.46,101,42.34
8056,934530,-24.63,100,41.69
8057,934896,30.91,125,41.22
8058,935064,-1.84,113,41.08
8059,935076,-9.37,101,41.24
8060,935130,-14.11,100,40.38
8061,935256,40.76,125,39.35
8062,935274,71.82,125,39.38
8063,935496,-11.68,100,39.0
8064,935676,-25.05,100,38.58
8065,935796,2.42,111,37.9
8066,935802,31.05,123,37.7
8067,936006,83.39,125,37.38
8068,936024,77.47,125,38.1
8069,936246,85.61,125,38.26
8070,936396,-10.56,100,38.32
8071,936402,-13.77,100,38.12
8072,936426,30.6,125,38.51
8073,936606,-50.91,100,37.52
8074,936774,80.39,125,37.7
8075,936996,16.13,125,37.01
8076,937026,-36.52,100,36.0
8077,937146,60.16,125,35.96
8078,937152,147.06,125,37.86
8079,937356,59.09,125,38.45
8080,937524,101.3,125,38.46
8081,937596,-12.93,100,37.12
8082,937776,99.25,125,38.16
8083,937872,-2.45,120,37.22
8084,937896,26.87,125,37.57
8085,938082,-5.89,121,36.46
8086,938124,-31.3,100,35.07
8087,938346,86.27,125,35.91
8088,938472,-11.23,100,35.48
8089,938526,57.73,125,34.87
8090,938646,61.29,125,34.5
8091,938832,56.67,125,33.99
8092,938874,53.13,125,33.8
8093,939018,1.48,112,33.48
8094,939222,55.64,125,33.47
8095,939234,15.57,118,32.78
8096,939396,30.74,125,32.34
8097,939432,-18.01,100,32.37
8098,939624,37.12,125,32.61
8099,939720,-4.31,117,32.59
8100,939822,-36.04,100,32.17
8101,939888,-2.23,109,32.18
8102,939996,-58.92,100,31.76
8103,940182,53.28,125,31.24
8104,940224,-26.3,100,31.56
8105,940428,-4.39,101,32.07
8106,940470,36.2,125,31.75
8107,940488,-40.85,100,30.55
8108,940596,-17.06,100,30.28
8109,940824,-10.91,100,29.9
8110,940914,11.1,122,29.3
8111,941088,-1.64,110,29.33
8112,941088,-26.98,100,28.59
8113,941106,-3.53,106,28.69
8114,941346,69.68,125,28.85
8115,941514,-31.44,100,28.34
8116,941574,81.47,125,29.24
8117,941694,-7.88,101,27.86
8118,941838,23.64,125,28.07
8119,941856,75.55,125,28.66
8120,942096,45.45,125,29.05
8121,942174,-32.38,100,28.74
8122,942264,97.28,125,29.14
8123,942396,5.72,117,29.0
8124,942588,52.73,125,29.51
8125,942606,60.13,125,28.89
8126,942696,-12.66,100,28.11
8127,942864,-13.09,100,27.84
8128,942924,20.3,125,26.96
8129,943146,35.59,125,26.62
8130,943188,-52.97,100,25.97
8131,943356,63.27,125,26.71
8132,943446,44.78,125,27.4
8133,943614,73.43,125,28.13
8134,943632,17.6,118,27.43
8135,943842,3.08,109,26.54
8136,943896,44.65,125,27.07
8137,943956,-40.91,100,25.74
8138,944190,-2.85,124,25.85
8139,944214,-45.87,100,25.64
8140,944328,3.35,116,24.62
8141,944592,15.7,125,23.37
8142,944598,-0.69,107,23.27
8143,944646,27.33,125,22.67
8144,944940,38.89,125,22.74
8145,944964,24.11,125,21.91
8146,945018,4.67,115,20.9
8147,945312,2.45,111,20.68
8148,945342,35.04,125,21.09
8149,945348,37.72,125,21.17
8150,945570,-5.14,101,20.38
8151,945576,2.79,106,19.93
8152,945732,1.47,119,18.54
8153,946008,0.66,111,19.11
8154,946062,27.25,125,18.72
8155,946098,100.6,125,19.78
8156,946188,-3.9,102,19.98
8157,946320,70.45,125,20.38
8158,946356,-5.19,104,20.34
8159,946758,91.88,125,21.36
8160,946812,40.35,125,21.9
8161,946848,36.51,125,21.86
8162,946938,10.34,125,21.24
8163,946956,-34.2,100,21.02
8164,947070,20.0,125,21.47
8165,947448,-28.98,100,21.16
8166,947508,26.67,125,21.11
8167,947526,6.2,119,20.34
8168,947628,10.79,112,19.67
8169,947688,32.3,125,19.14
8170,947730,0.03,110,19.25
8171,948126,-25.09,100,19.13
8172,948180,-0.13,122,18.83
8173,948258,60.99,125,19.94
8174,948378,55.8,125,19.7
8175,948414,-1.46,114,19.52
8176,948438,30.28,125,20.19
8177,948780,-13.55,100,19.45
8178,948876,28.11,125,18.26
8179,948972,-2.55,119,17.65
8180,949128,97.28,125,17.61
8181,949164,18.38,125,17.92
8182,949170,-6.05,122,16.87
8183,949380,-52.51,100,16.37
8184,949494,-5.0,103,16.05
8185,949722,76.69,125,16.87
8186,949770,-45.91,100,16.73
8187,949878,66.67,125,16.53
8188,949914,51.94,125,17.16
8189,950058,2.65,113,16.61
8190,950196,6.73,117,16.07
8191,950472,49.5,125,16.0
8192,950520,46.5,125,15.93
8193,950616,8.15,117,16.0
8194,950628,65.56,125,16.1
8195,950808,47.48,125,16.41
8196,950898,16.67,117,16.27
8197,951078,-10.33,101,16.35
8198,951120,-48.53,100,15.49
8199,951216,-26.24,100,15.28
8200,951234,-7.12,101,15.56
8201,951498,-25.95,100,15.33
8202,951558,91.13,125,16.83
8203,951828,76.1,125,17.06
8204,951870,36.69,125,17.69
8205,951966,38.8,125,18.12
8206,951984,86.89,125,18.62
8207,952248,42.38,125,19.46
8208,952308,71.14,125,20.34
8209,952488,-2.4,103,20.42
8210,952578,111.16,125,21.42
8211,952716,82.14,125,22.26
8212,952734,70.73,125,23.24
8213,952854,-5.2,101,23.22
8214,952962,-2.69,109,22.5
8215,953088,-38.17,100,22.43
8216,953316,-34.13,100,21.28
8217,953328,16.36,125,21.52
8218,953454,-34.55,100,20.94
8219,953484,33.83,125,20.52
8220,953688,-18.89,100,19.88
8221,953712,109.74,125,21.3
8222,954066,81.21,125,21.14
8223,954078,15.02,125,21.23
8224,954204,94.85,125,21.65
8225,954234,70.21,125,21.75
8226,954438,161.36,125,23.49
8227,954462,56.36,125,24.19
8228,954666,-23.18,100,23.75
8229,954702,-6.01,104,23.34
8230,954804,-14.43,100,23.72
8231,954834,-33.89,100,22.75
8232,955056,-5.25,103,22.25
8233,955212,34.68,125,21.86
8234,955302,-26.32,100,21.42
8235,955416,104.26,125,22.43
8236,955554,75.82,125,22.75
8237,955584,9.15,125,23.25
8238,955656,-13.09,100,23.14
8239,955902,-17.7,100,23.43
8240,955962,44.93,125,23.84
8241,956166,99.36,125,24.68
8242,956274,-5.48,103,24.63
8243,956304,95.95,125,25.32
8244,956334,63.82,125,25.57
8245,956640,3.71,123,25.36
8246,956712,131.62,125,26.63
8247,956916,105.05,125,27.66
8248,956940,-5.39,101,27.25
8249,956982,-2.56,118,26.85
8250,957054,118.86,125,28.09
8251,957390,84.3,125,28.91
8252,957450,18.44,123,29.07
8253,957558,-2.54,103,29.04
8254,957666,89.54,125,29.67
8255,957714,3.93,110,28.7
8256,957732,38.12,125,29.12
8257,958128,8.44,113,28.5
8258,958140,75.5,125,29.31
8259,958308,78.71,125,29.17
8260,958362,2.44,116,28.8
8261,958464,56.03,125,28.99
8262,958482,87.73,125,29.76
8263,958878,100.0,125,31.11
8264,958890,76.03,125,31.67
8265,958980,-4.66,103,31.91
8266,959058,112.77,125,32.77
8267,959214,33.56,125,33.04
8268,959232,91.01,125,33.85
8269,959628,62.07,125,34.14
8270,959640,69.81,125,34.84
8271,959730,43.43,125,35.53
8272,959766,-1.15,118,35.52
8273,959814,-17.89,100,34.73
8274,959982,76.47,125,34.93
8275,960378,101.41,125,35.96
8276,960390,23.08,125,35.89
8277,960414,-12.14,100,35.91
8278,960480,21.53,125,35.84
8279,960516,98.58,125,36.85
8280,960732,86.31,125,36.74
8281,960978,-58.95,100,35.97
8282,961140,77.26,125,36.8
8283,961164,109.3,125,38.42
8284,961170,-4.12,109,38.43
8285,961230,98.02,125,38.64
8286,961482,118.18,125,40.28
8287,961662,5.23,114,39.67
8288,961764,-17.27,100,38.98
8289,961830,-41.79,100,38.53
8290,961890,112.01,125,39.58
8291,961920,48.48,125,39.57
8292,962232,48.39,125,39.59
8293,962316,-0.69,109,39.5
8294,962364,-17.93,100,38.67
8295,962580,44.65,125,38.64
8296,962640,66.08,125,39.14
8297,962670,44.83,125,39.69
8298,962916,-62.3,100,39.55
8299,962982,129.89,125,41.11
8300,963114,7.02,125,41.25
8301,963330,60.45,125,42.12
8302,963390,126.67,125,42.47
8303,963420,75.08,125,42.46
8304,963666,27.98,125,42.37
8305,963732,19.21,125,42.18
8306,963852,6.33,123,41.37
8307,963966,2.16,106,40.97
8308,964140,84.12,125,41.1
8309,964170,121.09,125,42.33
8310,964332,-57.18,100,40.65
8311,964416,27.59,125,40.11
8312,964578,1.38,121,39.41
8313,964716,20.52,125,39.67
8314,964740,-53.33,100,39.16
8315,964836,5.28,111,39.6
8316,965052,8.38,120,40.02
8317,965166,16.44,125,40.02
8318,965238,-2.37,110,40.35
8319,965466,108.66,125,41.09
8320,965490,85.81,125,42.14
8321,965586,38.18,125,41.42
8322,965802,40.15,125,41.01
8323,965844,-4.39,101,40.82
8324,965916,9.54,125,39.97
8325,966198,-3.63,102,39.23
8326,966216,49.35,125,38.11
8327,966240,14.48,125,37.69
8328,966552,87.27,125,38.79
8329,966594,46.1,125,39.32
8330,966666,43.58,125,39.9
8331,966798,-16.62,100,40.07
8332,966966,63.7,125,40.76
8333,966990,21.11,125,40.62
8334,967302,118.75,125,42.07
8335,967344,30.43,125,41.33
8336,967398,-41.4,100,40.16
8337,967416,44.93,125,40.52
8338,967566,-34.04,100,40.31
8339,967740,53.56,125,41.02
8340,967974,3.12,112,40.6
8341,968094,2.99,125,39.64
8342,968148,79.57,125,40.49
8343,968166,42.86,125,39.96
8344,968316,8.84,125,39.41
8345,968346,-8.67,101,39.29
8346,968724,71.52,125,38.69
8347,968844,36.52,125,38.0
8348,968898,93.77,125,38.99
8349,968916,18.47,125,39.2
8350,969066,102.53,125,39.04
8351,969096,11.11,125,38.31
8352,969324,-34.23,100,37.78
8353,969450,-6.86,101,37.74
8354,969648,32.84,125,37.17
8355,969666,57.71,125,37.71
8356,969696,-25.68,100,37.07
8357,969798,26.94,122,37.26
8358,970074,110.88,125,37.61
8359,970200,74.31,125,37.57
8360,970266,-27.71,100,37.26
8361,970398,4.48,125,36.75
8362,970404,-5.88,101,35.81
8363,970446,21.62,125,35.03
8364,970824,60.58,125,34.87
8365,970950,103.07,125,35.95
8366,970980,7.45,119,34.9
8367,971046,-15.94,100,34.4
8368,971148,112.33,125,34.62
8369,971154,88.55,125,34.88
8370,971430,-8.9,101,34.09
8371,971700,97.99,125,34.64
8372,971730,16.67,125,34.82
8373,971790,0.02,107,35.0
8374,971796,64.98,125,34.88
8375,971904,62.88,125,34.5
8376,972054,-5.02,104,34.22
8377,972336,-10.29,101,34.23
8378,972450,32.62,125,34.34
8379,972498,7.42,118,33.43
8380,972546,74.06,125,33.31
8381,972654,106.9,125,34.97
8382,972804,84.71,125,35.04
8383,973050,-24.62,100,33.7
8384,973086,20.0,125,33.95
8385,973212,13.89,119,33.1
8386,973296,22.92,125,32.15
8387,973404,35.76,125,32.46
8388,973554,42.39,125,33.05
8389,973800,104.38,125,34.52
8390,973812,-23.46,100,33.16
8391,973836,43.34,125,33.11
8392,973938,-3.16,107,32.59
8393,974154,40.67,125,33.01
8394,974304,73.75,125,33.92
8395,974496,-4.67,110,33.43
8396,974550,97.08,125,33.74
8397,974562,55.76,125,33.85
8398,974676,8.13,123,34.55
8399,974904,50.0,125,33.76
8400,975054,78.81,125,34.47
8401,975246,56.86,125,34.44
8402,975276,-50.95,100,32.66
8403,975300,52.49,125,32.44
8404,975312,88.98,125,33.05
8405,975654,85.45,125,33.71
8406,975732,6.65,113,33.71
8407,975912,-21.75,100,33.47
8408,975996,33.96,125,32.97
8409,976026,88.61,125,32.65
8410,976050,77.43,125,33.99
8411,976404,16.88,125,33.89
8412,976446,10.64,119,33.98
8413,976662,85.87,125,34.63
8414,976746,72.41,125,35.89
8415,976776,62.25,125,36.46
8416,976800,38.74,125,36.76
8417,977100,-0.99,109,36.59
8418,977154,7.91,125,36.69
8419,977262,-51.22,100,35.09
8420,977496,73.01,125,34.96
8421,977526,47.77,125,35.06
8422,977550,44.09,125,35.1
8423,977850,29.92,125,35.44
8424,977874,12.39,120,35.47
8425,978012,67.79,125,36.18
8426,978096,-31.39,100,35.38
8427,978276,64.56,125,35.88
8428,978294,28.07,124,35.29
8429,978474,-13.33,100,34.69
8430,978564,3.6,119,34.29
8431,978612,-26.62,100,34.19
8432,978846,96.55,125,34.52
8433,979026,48.01,125,34.79
8434,979044,56.58,125,34.17
8435,979224,58.42,125,34.45
8436,979314,109.46,125,35.96
8437,979362,100.67,125,36.51
8438,979596,75.68,125,37.61
8439,979776,56.86,125,37.64
8440,979794,10.7,125,37.72
8441,979824,-63.47,100,37.06
8442,979974,-5.65,110,36.2
8443,980112,81.52,125,36.59
8444,980346,38.23,125,36.88
8445,980424,-18.91,100,36.78
8446,980502,6.25,118,36.13
8447,980526,21.0,125,35.97
8448,980724,35.38,125,35.39
8449,980862,25.4,125,35.46
8450,981018,1.02,112,34.44
8451,981036,-4.41,102,34.29
8452,981252,38.06,125,35.01
8453,981276,76.25,125,35.84
8454,981402,0.51,113,35.52
8455,981612,2.97,125,34.97
8456,981642,-10.0,101,35.13
8457,981768,27.66,125,35.14
8458,981852,-35.72,100,33.67
8459,982008,-9.12,101,32.84
8460,982020,26.26,124,33.38
8461,982362,37.93,125,33.71
8462,982392,25.44,125,34.02
8463,982518,54.88,125,34.36
8464,982542,0.2,115,33.75
8465,982758,120.22,125,33.92
8466,982770,39.71,125,34.25
8467,983022,-0.39,105,34.4
8468,983112,39.37,125,33.67
8469,983268,47.6,125,33.26
8470,983292,99.34,125,34.34
8471,983508,32.87,125,33.69
8472,983520,95.73,125,34.48
8473,983688,3.35,111,34.52
8474,983862,67.24,125,34.54
8475,983868,-26.09,100,33.65
8476,984042,31.58,125,34.02
8477,984108,-58.54,100,33.53
8478,984270,82.97,125,34.04
8479,984438,45.04,125,34.41
8480,984612,95.51,125,34.63
8481,984618,34.83,125,33.91
8482,984642,-25.76,100,32.8
8483,984858,50.94,125,33.56
8484,985002,9.06,122,33.45
8485,985188,29.92,125,33.61
8486,985218,-15.06,100,33.23
8487,985326,6.44,114,32.94
8488,985362,99.25,125,33.5
8489,985512,-1.06,109,32.45
8490,985752,67.25,125,33.36
8491,985788,-12.35,100,32.8
8492,985962,-35.17,100,32.48
8493,985968,52.94,125,32.6
8494,986040,7.54,119,31.94
8495,986262,9.42,125,32.08
8496,986352,-34.27,100,30.77
8497,986388,-43.64,100,29.77
8498,986610,-1.66,107,29.68
8499,986712,26.58,125,29.44
8500,986790,45.33,125,29.11
8501,986862,-38.46,100,28.15
8502,987102,49.01,125,29.15
8503,987138,76.47,125,29.39
8504,987360,25.79,125,28.76
8505,987450,1.29,110,27.92
8506,987462,51.02,125,28.36
8507,987612,11.46,125,28.7
8508,987702,-14.58,100,28.21
8509,987786,-5.7,108,27.27
8510,987984,-2.61,104,26.47
8511,988200,107.61,125,27.37
8512,988212,42.29,125,27.69
8513,988218,-8.93,101,26.74
8514,988428,-4.52,107,25.97
8515,988452,78.57,125,26.14
8516,988710,14.39,121,25.89
8517,988836,-5.0,103,25.85
8518,988866,1.4,111,25.79
8519,988962,38.18,125,26.68
8520,989178,44.88,125,26.4
8521,989202,99.36,125,26.92
8522,989310,-33.49,100,26.14
8523,989586,82.12,125,26.66
8524,989616,38.89,125,26.93
8525,989712,92.45,125,27.17
8526,989784,-10.76,101,27.38
8527,989808,-8.88,101,26.65
8528,990060,55.56,125,26.92
8529,990312,-11.17,100,26.94
8530,990336,77.85,125,27.68
8531,990366,129.25,125,29.24
8532,990444,3.91,110,28.32
8533,990558,149.08,125,29.33
8534,990660,-26.03,100,28.5
8535,990936,-56.51,100,27.35
8536,990972,-9.81,101,26.16
8537,991062,60.84,125,25.76
8538,991158,-19.52,100,24.81
8539,991194,93.05,125,25.17
8540,991410,39.0,125,25.45
8541,991632,-2.54,116,26.06
8542,991722,25.38,125,26.37
8543,991794,-55.21,100,25.01
8544,991812,59.86,125,25.22
8545,991908,121.37,125,26.63
8546,992160,72.96,125,27.29
8547,992232,-16.56,100,26.92
8548,992322,-19.68,100,26.37
8549,992418,-4.68,101,26.07
8550,992544,19.05,125,26.25
8551,992658,113.29,125,27.42
8552,992766,-8.02,101,26.96
8553,992982,41.94,125,26.62
8554,993072,26.62,125,26.88
8555,993168,135.29,125,28.2
8556,993264,-8.9,101,28.21
8557,993294,37.81,125,28.32
8558,993468,0.36,117,28.68
8559,993732,87.07,125,29.64
8560,993756,2.13,114,29.4
8561,993900,-7.12,101,28.95
8562,993918,145.61,125,30.15
8563,994014,66.08,125,30.26
8564,994218,76.9,125,31.03
8565,994332,-28.22,100,29.54
8566,994506,90.48,125,30.05
8567,994650,23.71,125,30.29
8568,994668,126.15,125,31.16
8569,994764,120.28,125,31.89
8570,994968,69.28,125,31.59
8571,994968,-4.8,106,31.21
8572,995256,101.24,125,31.26
8573,995376,-4.18,102,31.19
8574,995400,95.88,125,31.48
8575,995418,80.98,125,32.55
8576,995634,-4.16,111,32.19
8577,995718,113.33,125,33.91
8578,995976,-23.25,100,32.85
8579,996006,23.67,125,32.63
8580,996150,90.65,125,32.58
8581,996168,29.15,125,32.53
8582,996384,38.14,125,33.17
8583,996468,99.36,125,33.65
8584,996582,-9.61,101,33.46
8585,996750,-35.5,100,32.81
8586,996756,51.41,125,33.47
8587,996918,88.89,125,34.3
8588,996984,-14.14,100,33.16
8589,997110,-1.96,107,33.16
8590,997188,-10.6,101,32.38
8591,997500,87.69,125,33.38
8592,997506,14.5,125,33.87
8593,997584,-13.54,100,33.21
8594,997668,57.89,125,33.71
8595,997860,100.0,125,34.62
8596,997938,109.96,125,36.06
8597,998250,13.46,124,36.63
8598,998250,94.27,125,37.59
8599,998334,111.54,125,38.44
8600,998418,93.88,125,38.93
8601,998610,86.38,125,40.17
8602,998688,24.58,125,39.93
8603,998850,-22.07,100,38.94
8604,998946,-2.18,102,38.67
8605,999000,96.49,125,39.62
8606,999156,12.71,123,39.23
8607,999360,124.81,125,40.37
8608,999438,58.73,125,41.1
8609,999594,14.2,124,41.3
8610,999696,35.6,125,41.68
8611,999750,81.53,125,41.42
8612,999906,123.3,125,42.23
8613,999966,-5.11,101,42.27
8614,1000134,0.06,116,42.31
8615,1000344,18.75,125,41.72
8616,1000386,0.31,106,41.58
8617,1000446,90.64,125,42.53
8618,1000656,109.15,125,43.61
8619,1000716,86.85,125,44.1
8620,1000884,21.73,125,43.86
8621,1000944,-47.86,100,42.39
8622,1001046,-63.01,100,42.1
8623,1001136,48.15,125,41.76
8624,1001316,-15.28,100,41.22
8625,1001406,97.8,125,41.27
8626,1001634,44.88,125,41.83
8627,1001694,145.28,125,43.37
8628,1001796,22.75,125,43.04
8629,1001886,54.88,125,43.7
8630,1001946,-2.3,105,42.9
8631,1002006,-28.72,100,41.32
8632,1002234,-36.83,100,40.91
8633,1002444,44.62,125,39.87
8634,1002546,-2.18,110,40.11
8635,1002546,52.6,125,41.2
8636,1002696,69.23,125,41.99
8637,1002756,131.51,125,42.69
8638,1002834,-11.34,100,42.78
8639,1003152,-7.47,101,41.77
8640,1003194,80.69,125,42.19
8641,1003200,-3.02,109,42.18
8642,1003434,-53.1,100,41.4
8643,1003446,84.67,125,42.8
8644,1003506,115.63,125,43.35
8645,1003794,-25.58,100,41.88
8646,1003902,142.11,125,42.58
8647,1003950,62.96,125,43.37
8648,1004052,-7.55,101,43.49
8649,1004106,-15.84,100,43.38
8650,1004184,33.13,125,43.52
8651,1004502,-37.36,100,42.01
8652,1004502,-3.49,118,42.06
8653,1004652,-10.36,100,41.54
8654,1004700,26.62,125,41.54
8655,1004856,119.14,125,41.38
8656,1004934,33.57,125,41.8
8657,1005102,-18.22,100,41.24
8658,1005252,59.09,125,41.83
8659,1005402,123.0,125,42.19
8660,1005450,49.64,125,42.66
8661,1005606,30.28,125,43.04
8662,1005684,86.77,125,42.45
8663,1005852,42.86,125,42.21
8664,1005858,-4.99,101,41.4
8665,1006152,88.24,125,42.56
8666,1006200,35.99,125,42.02
8667,1006206,-23.82,100,41.54
8668,1006290,-5.39,101,40.22
8669,1006602,97.49,125,40.0
8670,1006608,77.91,125,40.08
8671,1006788,-2.09,106,40.11
8672,1006890,-14.64,100,38.95
8673,1006950,67.18,125,39.67
8674,1006956,8.01,125,38.79
8675,1007352,39.58,125,38.37
8676,1007358,48.1,125,38.9
8677,1007538,100.69,125,38.77
8678,1007562,-7.38,101,38.93
8679,1007640,113.33,125,39.82
8680,1007700,-1.64,125,38.9
8681,1007958,-20.56,100,38.4
8682,1008102,42.86,125,38.45
8683,1008192,-0.1,109,37.46
8684,1008228,2.44,111,37.58
8685,1008240,-30.35,100,37.63
8686,1008450,100.7,125,38.12
8687,1008702,-15.96,100,37.07
8688,1008708,119.33,125,38.41
8689,1008798,-7.08,101,38.36
8690,1008888,-1.73,110,38.45
8691,1008900,3.22,110,37.6
8692,1009200,56.92,125,38.03
8693,1009452,62.36,125,38.78
8694,1009458,66.02,125,38.87
8695,1009506,-4.49,101,37.82
8696,1009548,31.39,125,37.03
8697,1009638,151.82,125,38.42
8698,1009950,160.42,125,39.08
8699,1010064,-6.22,101,37.9
8700,1010202,117.13,125,38.13
8701,1010244,-8.73,101,37.18
8702,1010256,69.12,125,37.63
8703,1010298,39.66,125,38.25
8704,1010550,-33.49,100,37.93
8705,1010814,92.44,125,37.89
8706,1010844,-46.44,100,37.3
8707,1010952,56.93,125,36.62
8708,1011006,148.18,125,37.52
8709,1011048,149.11,125,38.87
8710,1011150,-10.77,100,38.4
8711,1011552,9.92,118,37.69
8712,1011564,141.76,125,37.87
8713,1011624,0.43,112,37.93
8714,1011750,-22.36,100,37.7
8715,1011756,35.59,125,37.87
8716,1011798,36.65,125,38.23
8717,1012164,-32.03,100,37.01
8718,1012224,-55.12,100,35.36
8719,1012302,16.5,125,34.66
8720,1012464,0.94,111,34.45
8721,1012500,132.97,125,36.26
8722,1012506,41.91,125,37.31
8723,1012914,106.78,125,37.9
8724,1012974,171.78,125,39.77
8725,1012986,-1.59,114,38.77
8726,1013100,-42.38,100,37.9
8727,1013214,80.65,125,37.25
8728,1013256,85.96,125,37.89
8729,1013586,-11.9,100,37.22
8730,1013664,59.84,125,37.84
8731,1013724,177.58,125,39.9
8732,1013850,144.2,125,41.71
8733,1013874,-4.14,103,41.23
8734,1013964,112.62,125,42.37
8735,1014336,85.05,125,42.7
8736,1014372,4.75,118,42.05
8737,1014474,73.61,125,41.47
8738,1014546,10.79,112,41.7
8739,1014558,-1.07,118,41.76
8740,1014714,27.21,125,41.23
8741,1015086,26.39,125,41.52
8742,1015122,40.18,125,42.45
8743,1015224,120.69,125,42.81
8744,1015296,87.5,125,42.53
8745,1015308,189.47,125,44.68
8746,1015350,-5.15,106,43.21
8747,1015836,50.0,125,43.08
8748,1015872,88.12,125,44.04
8749,1015974,163.74,125,45.83
8750,1016046,148.12,125,46.98
8751,1016058,114.53,125,48.5
8752,1016100,142.42,125,49.96
8753,1016586,69.18,125,50.76
8754,1016622,113.59,125,51.63
8755,1016700,-14.85,100,50.29
8756,1016724,87.13,125,50.82
8757,1016796,47.34,125,51.48
8758,1016808,87.02,125,51.76
8759,1017336,51.02,125,51.04
8760,1017372,136.84,125,51.91
8761,1017450,111.9,125,52.72
8762,1017474,44.88,125,52.31
8763,1017546,108.75,125,52.96
8764,1017558,132.47,125,54.34
8765,1018086,130.0,125,54.76
8766,1018122,34.75,125,54.74
8767,1018200,89.59,125,55.88
8768,1018206,-0.73,110,55.92
8769,1018224,108.63,125,56.04
8770,1018308,90.81,125,56.17
8771,1018686,-44.97,100,55.74
8772,1018722,-63.94,100,55.24
8773,1018800,-17.96,100,54.39
8774,1018956,145.55,125,55.77
8775,1018974,102.66,125,56.4
8776,1019058,63.76,125,56.55
8777,1019436,82.72,125,56.38
8778,1019472,62.79,125,57.08
8779,1019550,42.34,125,56.37
8780,1019706,60.49,125,56.99
8781,1019724,191.67,125,59.11
8782,1019808,73.91,125,59.42
8783,1020186,154.24,125,60.96
8784,1020222,187.2,125,62.81
8785,1020270,0.65,120,63.12
8786,1020456,50.0,125,62.62
8787,1020474,16.56,125,62.94
8788,1020558,119.42,125,62.94
8789,1020936,102.9,125,64.04
8790,1020936,-6.23,111,64.0
8791,1020972,30.58,125,64.27
8792,1021206,35.9,125,64.06
8793,1021224,5.01,125,63.49
8794,1021308,185.71,125,64.68
8795,1021656,1.64,120,64.74
8796,1021686,154.3,125,65.97
8797,1021722,126.15,125,65.72
8798,1021836,-4.49,105,64.07
8799,1021974,132.14,125,65.45
8800,1022058,111.36,125,65.39
8801,1022406,190.57,125,67.39
8802,1022436,82.97,125,67.52
8803,1022472,65.54,125,67.78
8804,1022574,-52.65,100,67.59
8805,1022586,57.75,125,67.25
8806,1022808,41.91,125,68.13
8807,1023102,8.55,111,67.64
8808,1023156,34.62,125,66.51
8809,1023186,-13.15,100,64.89
8810,1023222,81.49,125,65.81
8811,1023324,86.21,125,66.57
8812,1023558,56.46,125,65.72
8813,1023828,10.62,121,65.82
8814,1023906,14.98,125,66.19
8815,1023936,39.93,125,66.24
8816,1023972,131.88,125,67.19
8817,1024074,141.26,125,68.92
8818,1024308,13.5,125,69.61
8819,1024578,156.51,125,71.01
8820,1024656,20.38,125,71.2
8821,1024686,13.07,125,70.0
8822,1024722,81.82,125,70.4
8823,1024824,111.27,125,70.45
8824,1025058,182.76,125,70.56
8825,1025268,-1.87,102,70.56
8826,1025328,146.32,125,72.44
8827,1025436,126.84,125,72.9
8828,1025472,81.01,125,72.86
8829,1025526,2.86,117,73.0
8830,1025808,41.08,125,72.82
8831,1026018,163.78,125,72.68
8832,1026048,-1.74,102,71.22
8833,1026072,-13.55,100,71.12
8834,1026078,146.32,125,71.46
8835,1026180,4.33,109,70.65
8836,1026498,10.56,115,70.71
8837,1026648,-12.26,100,69.85
8838,1026768,122.22,125,70.97
8839,1026780,-25.19,100,70.73
8840,1026822,64.0,125,71.09
8841,1026828,100.0,125,71.83
8842,1027248,48.15,125,71.91
8843,1027398,88.93,125,71.59
8844,1027476,3.19,116,70.75
8845,1027506,-0.54,123,68.85
8846,1027572,143.64,125,70.34
8847,1027578,130.77,125,71.14
8848,1027998,109.56,125,71.36
8849,1028052,0.64,109,69.73
8850,1028106,-12.31,100,68.12
8851,1028226,53.43,125,67.51
8852,1028322,179.31,125,67.88
8853,1028328,71.43,125,67.9
8854,1028748,50.0,125,67.27
8855,1028802,53.57,125,67.95
8856,1028856,150.86,125,68.59
8857,1028976,165.63,125,69.77
8858,1029000,1.44,113,68.92
8859,1029078,104.86,125,69.45
8860,1029498,175.86,125,69.85
8861,1029552,91.22,125,69.64
8862,1029600,-32.01,100,68.87
8863,1029606,110.69,125,68.89
8864,1029726,157.35,125,69.14
8865,1029792,10.81,119,67.95
8866,1030248,99.29,125,68.59
8867,1030302,37.81,125,68.07
8868,1030350,34.89,125,68.43
8869,1030356,99.45,125,68.34
8870,1030446,7.09,120,67.5
8871,1030542,5.77,125,68.01
8872,1030944,4.52,116,68.69
8873,1030986,11.45,114,68.99
8874,1031100,100.0,125,68.53
8875,1031106,95.12,125,68.46
8876,1031196,3.66,125,67.85
8877,1031292,22.3,125,67.25
8878,1031694,142.86,125,68.05
8879,1031700,-30.75,100,67.32
8880,1031706,-48.55,100,66.23
8881,1031736,125.0,125,65.56
8882,1031910,21.85,119,65.04
8883,1032042,138.26,125,64.88
8884,1032306,-26.11,100,62.75
8885,1032378,8.24,113,62.83
8886,1032444,187.88,125,64.2
8887,1032486,127.44,125,65.31
8888,1032648,-7.39,101,64.04
8889,1032660,133.11,125,64.35
8890,1033056,69.17,125,65.1
8891,1033128,182.87,125,66.62
8892,1033194,116.67,125,67.43
8893,1033236,169.5,125,69.08
8894,1033344,5.21,114,67.27
8895,1033398,132.08,125,68.58
8896,1033800,-4.17,101,66.99
8897,1033806,79.81,125,66.53
8898,1033812,-1.14,114,66.56
8899,1033836,-41.27,100,64.83
8900,1033950,-5.82,101,63.66
8901,1034148,58.1,125,62.33
8902,1034460,-1.61,110,61.48
8903,1034556,106.67,125,61.9
8904,1034562,157.23,125,63.99
8905,1034586,106.67,125,64.48
8906,1034616,3.92,111,64.1
8907,1034748,-17.29,100,63.85
8908,1035210,121.88,125,64.72
8909,1035282,12.81,121,64.98
8910,1035312,160.45,125,65.77
8911,1035336,153.97,125,66.45
8912,1035354,7.62,123,65.96
8913,1035498,69.28,125,66.54
8914,1035882,-23.46,100,66.16
8915,1035960,114.29,125,66.9
8916,1036062,157.63,125,67.16
8917,1036086,149.17,125,67.24
8918,1036104,139.77,125,68.5
8919,1036224,13.24,121,67.07
8920,1036632,65.66,125,67.52
8921,1036710,78.66,125,68.18
8922,1036812,148.32,125,68.84
8923,1036836,135.99,125,69.09
8924,1036854,79.1,125,68.05
8925,1036974,82.76,125,68.9
8926,1037382,38.3,125,67.82
8927,1037442,10.41,122,66.66
8928,1037562,17.65,125,66.02
8929,1037574,-20.45,100,65.79
8930,1037586,154.97,125,66.93
8931,1037604,122.97,125,66.52
8932,1038132,110.71,125,67.64
8933,1038186,-17.5,100,67.6
8934,1038192,60.71,125,66.75
8935,1038312,21.95,125,66.92
8936,1038324,41.91,125,67.24
8937,1038354,112.77,125,68.49
8938,1038882,34.34,125,67.61
8939,1038936,78.32,125,68.64
8940,1038942,30.0,125,68.3
8941,1039062,144.9,125,68.75
8942,1039074,40.91,125,68.68
8943,1039104,52.67,125,68.32
8944,1039632,105.52,125,69.34
8945,1039686,87.71,125,70.22
8946,1039692,139.29,125,70.18
8947,1039812,76.68,125,69.64
8948,1039824,171.7,125,70.26
8949,1039854,139.22,125,71.65
8950,1040382,51.75,125,72.29
8951,1040436,97.23,125,72.73
8952,1040442,122.61,125,72.16
8953,1040562,211.19,125,73.56
8954,1040574,113.11,125,74.19
8955,1040604,24.72,125,73.9
8956,1041132,49.5,125,72.89
8957,1041186,37.18,125,71.6
8958,1041192,130.51,125,72.89
8959,1041312,154.84,125,73.39
8960,1041324,165.73,125,73.29
8961,1041354,46.42,125,72.84
8962,1041882,175.09,125,74.91
8963,1041936,109.68,125,74.9
8964,1041942,58.77,125,73.92
8965,1042062,92.1,125,74.73
8966,1042074,72.31,125,74.46
8967,1042104,118.35,125,75.27
8968,1042632,82.13,125,75.74
8969,1042662,-34.97,100,74.39
8970,1042686,101.37,125,75.34
8971,1042692,141.83,125,76.7
8972,1042812,13.88,123,76.79
8973,1042854,159.4,125,78.27
8974,1043286,-47.27,100,76.8
8975,1043382,170.76,125,77.55
8976,1043412,71.98,125,78.24
8977,1043442,110.32,125,79.12
8978,1043538,10.22,114,77.79
8979,1043562,137.93,125,79.48
8980,1044036,172.44,125,81.69
8981,1044048,-10.06,101,80.34
8982,1044132,89.96,125,81.02
8983,1044162,178.91,125,81.42
8984,1044288,66.11,125,82.35
8985,1044312,121.43,125,83.48
8986,1044786,69.81,125,82.3
8987,1044798,129.17,125,82.32
8988,1044810,0.26,108,82.39
8989,1044882,109.52,125,82.16
8990,1045038,131.32,125,82.78
8991,1045062,121.12,125,82.16
8992,1045536,140.42,125,82.4
8993,1045548,105.3,125,81.76
8994,1045560,180.99,125,83.51
8995,1045632,134.66,125,83.54
8996,1045788,78.83,125,84.37
8997,1045812,202.9,125,85.6
8998,1046160,-44.41,100,85.17
8999,1046286,150.8,125,87.09
9000,1046298,49.43,125,87.64
9001,1046382,85.19,125,87.91
9002,1046484,2.35,112,87.95
9003,1046538,121.84,125,88.1
9004,1046910,123.4,125,87.76
9005,1046982,-49.23,100,86.21
9006,1047036,43.33,125,86.6
9007,1047048,126.09,125,88.03
9008,1047234,144.53,125,88.26
9009,1047288,56.35,125,88.7
9010,1047660,80.0,125,87.89
9011,1047726,18.83,124,86.54
9012,1047786,83.82,125,87.3
9013,1047798,25.49,125,86.86
9014,1047834,-23.34,100,86.86
9015,1048038,137.76,125,87.1
9016,1048410,152.6,125,87.05
9017,1048476,149.18,125,87.05
9018,1048488,1.86,109,85.67
9019,1048536,199.63,125,87.53
9020,1048548,142.52,125,88.3
9021,1048638,-51.47,100,87.0
9022,1049160,93.22,125,86.45
9023,1049166,-1.32,113,85.08
9024,1049226,130.72,125,85.59
9025,1049238,5.76,117,84.82
9026,1049298,56.46,125,85.01
9027,1049358,11.86,120,85.02
9028,1049760,-15.64,100,84.69
9029,1049898,-10.15,100,84.79
9030,1049916,50.42,125,83.74
9031,1049976,40.0,125,82.91
9032,1049988,122.22,125,83.03
9033,1050108,25.79,125,83.46
9034,1050510,90.62,125,83.76
9035,1050648,104.15,125,84.58
9036,1050666,161.04,125,85.78
9037,1050726,171.43,125,86.36
9038,1050738,25.84,125,86.28
9039,1050858,164.98,125,87.14
9040,1051182,4.48,112,86.89
9041,1051248,-48.09,100,84.96
9042,1051416,41.84,125,84.97
9043,1051452,21.26,121,84.65
9044,1051470,8.78,122,83.69
9045,1051608,97.6,125,83.78
9046,1051782,-17.38,100,82.22
9047,1051998,155.81,125,83.01
9048,1052070,-37.75,100,80.92
9049,1052166,145.55,125,80.98
9050,1052202,122.61,125,81.69
9051,1052358,44.23,125,81.16
9052,1052532,75.86,125,80.69
9053,1052748,84.3,125,79.42
9054,1052796,19.13,121,78.48
9055,1052916,45.42,125,78.69
9056,1052952,59.7,125,78.79
9057,1053108,42.86,125,78.85
9058,1053132,-51.94,100,77.02
9059,1053498,130.24,125,76.78
9060,1053546,31.66,125,75.44
9061,1053666,81.53,125,75.79
9062,1053702,178.15,125,75.82
9063,1053732,-35.84,100,74.36
9064,1053780,2.2,112,73.8
9065,1054146,-66.92,100,72.21
9066,1054248,170.16,125,73.18
9067,1054416,150.0,125,73.5
9068,1054452,82.69,125,73.51
9069,1054482,53.33,125,74.39
9070,1054530,45.33,125,73.83
9071,1054896,186.89,125,74.28
9072,1054998,92.31,125,75.06
9073,1055052,-25.49,100,73.22
9074,1055166,86.85,125,74.56
9075,1055220,9.45,115,72.94
9076,1055232,83.05,125,73.05
9077,1055646,85.81,125,72.81
9078,1055748,150.0,125,74.21
9079,1055802,51.6,125,73.34
9080,1055916,28.53,125,71.9
9081,1055970,140.55,125,73.41
9082,1055982,51.44,125,73.03
9083,1056396,96.01,125,72.2
9084,1056402,-26.54,100,71.27
9085,1056498,130.52,125,71.36
9086,1056516,-41.54,100,70.25
9087,1056582,-15.9,100,68.8
9088,1056720,75.32,125,69.55
9089,1057098,-55.08,100,67.9
9090,1057116,-37.36,100,66.21
9091,1057140,8.96,124,65.09
9092,1057152,40.89,125,64.1
9093,1057332,131.97,125,64.36
9094,1057470,37.55,125,62.93
9095,1057740,-27.71,100,61.31
9096,1057848,109.44,125,61.61
9097,1057866,25.85,125,59.84
9098,1057902,74.85,125,61.03
9099,1058070,-31.49,100,59.21
9100,1058082,51.29,125,59.23
9101,1058490,43.79,125,58.82
9102,1058598,58.62,125,59.38
9103,1058616,64.76,125,58.81
9104,1058652,47.8,125,58.05
9105,1058676,-7.27,101,58.47
9106,1058832,129.68,125,59.33
9107,1059240,28.92,125,58.36
9108,1059252,-34.06,100,56.58
9109,1059348,76.69,125,56.78
9110,1059354,-0.74,113,55.97
9111,1059366,100.73,125,56.79
9112,1059546,13.95,119,56.09
9113,1059990,34.33,125,56.18
9114,1060002,31.26,125,56.73
9115,1060038,2.92,114,55.38
9116,1060098,143.15,125,55.29
9117,1060116,64.95,125,54.44
9118,1060272,21.71,121,54.64
9119,1060596,-4.43,101,52.6
9120,1060728,30.79,121,51.48
9121,1060764,-0.56,111,51.99
9122,1060788,38.73,125,51.45
9123,1060866,112.22,125,52.58
9124,1061022,29.45,125,51.57
9125,1061328,-13.18,100,51.38
9126,1061346,114.52,125,51.96
9127,1061508,21.13,124,52.05
9128,1061538,82.13,125,53.03
9129,1061616,137.23,125,54.51
9130,1061622,-20.34,100,53.8
9131,1062078,14.68,122,53.54
9132,1062078,38.36,125,52.71
9133,1062108,-24.48,100,52.2
9134,1062138,-13.75,100,51.16
9135,1062366,66.67,125,50.78
9136,1062372,121.09,125,50.39
9137,1062828,50.94,125,49.18
9138,1062828,38.04,125,49.3
9139,1062858,123.3,125,48.89
9140,1062888,68.2,125,49.52
9141,1063116,103.23,125,51.04
9142,1063122,169.36,125,52.31
9143,1063578,69.93,125,52.8
9144,1063578,88.36,125,53.59
9145,1063608,19.57,125,52.81
9146,1063638,143.06,125,54.42
9147,1063716,-57.64,100,52.28
9148,1063872,38.05,125,53.04
9149,1064178,-11.27,100,51.47
9150,1064286,1.65,108,50.26
9151,1064328,165.99,125,51.48
9152,1064358,148.37,125,52.21
9153,1064466,78.83,125,52.15
9154,1064622,101.83,125,52.98
9155,1064778,-40.71,100,52.12
9156,1064928,-39.11,100,51.13
9157,1065006,9.04,120,50.79
9158,1065108,125.91,125,52.57
9159,1065216,109.22,125,52.36
9160,1065372,10.74,125,52.15
9161,1065528,135.74,125,52.69
9162,1065678,180.77,125,52.72
9163,1065756,108.2,125,54.16
9164,1065804,-0.74,116,54.13
9165,1065966,87.5,125,55.67
9166,1066122,22.22,125,54.19
9167,1066278,30.58,125,53.0
9168,1066428,89.19,125,53.06
9169,1066506,80.12,125,53.33
9170,1066554,36.21,125,53.24
9171,1066716,49.5,125,51.87
9172,1066872,213.43,125,53.08
9173,1067028,62.39,125,53.96
9174,1067154,-48.64,100,52.6
9175,1067178,113.77,125,53.65
9176,1067256,135.71,125,54.17
9177,1067466,30.28,125,53.62
9178,1067598,3.2,121,52.15
9179,1067682,4.07,109,51.67
9180,1067856,-58.04,100,50.81
9181,1067862,11.21,118,49.51
9182,1067928,24.16,125,49.24
9183,1068066,-47.61,100,47.81
9184,1068282,-65.68,100,47.41
9185,1068348,119.42,125,47.3
9186,1068606,133.81,125,49.06
9187,1068612,13.4,125,49.35
9188,1068678,152.67,125,50.12
9189,1068816,145.1,125,52.13
9190,1069032,179.72,125,54.3
9191,1069098,49.43,125,54.7
9192,1069356,176.82,125,56.06
9193,1069362,119.51,125,55.94
9194,1069428,163.54,125,57.2
9195,1069566,57.0,125,58.04
9196,1069692,0.65,110,56.95
9197,1069698,-52.55,100,56.17
9198,1069962,-17.31,100,55.25
9199,1070088,6.57,122,55.63
9200,1070178,123.83,125,56.35
9201,1070316,134.66,125,57.26
9202,1070442,194.57,125,58.62
9203,1070448,135.1,125,59.33
9204,1070712,159.52,125,60.44
9205,1070838,126.84,125,61.78
9206,1070928,117.11,125,61.66
9207,1071066,223.53,125,63.6
9208,1071192,143.24,125,65.38
9209,1071198,159.74,125,66.21
9210,1071462,132.08,125,67.54
9211,1071486,-1.71,108,66.51
9212,1071672,-5.64,101,66.32
9213,1071678,154.9,125,67.52
9214,1071792,-33.9,100,66.87
9215,1071948,164.08,125,68.48
9216,1072212,19.05,125,67.24
9217,1072236,11.86,125,66.71
9218,1072392,-50.78,100,65.99
9219,1072422,144.44,125,67.47
9220,1072428,144.3,125,68.61
9221,1072698,23.33,125,68.85
9222,1072962,187.67,125,70.34
9223,1072986,111.66,125,70.33
9224,1072992,-35.84,100,69.68
9225,1073028,-53.86,100,69.27
9226,1073172,101.92,125,69.15
9227,1073448,161.19,125,70.55
9228,1073682,-2.92,115,69.7
9229,1073712,48.81,125,68.81
9230,1073736,72.76,125,69.74
9231,1073778,49.19,125,70.09
9232,1073922,23.81,125,69.94
9233,1074198,155.17,125,71.74
9234,1074282,-32.03,100,71.56
9235,1074354,-3.15,103,70.86
9236,1074462,162.63,125,71.27
9237,1074528,181.59,125,72.58
9238,1074672,76.68,125,72.97
9239,1074948,46.2,125,72.2
9240,1075032,62.5,125,72.14
9241,1075104,58.84,125,71.7
9242,1075212,43.94,125,70.44
9243,1075278,117.69,125,70.92
9244,1075422,33.13,125,70.37
9245,1075698,131.03,125,71.48
9246,1075782,134.85,125,71.4
9247,1075854,99.34,125,72.97
9248,1075962,62.79,125,73.22
9249,1076028,151.61,125,74.84
9250,1076028,-5.49,101,74.77
9251,1076448,107.36,125,74.19
9252,1076532,171.78,125,74.42
9253,1076604,86.89,125,74.5
9254,1076628,-21.18,100,73.27
9255,1076712,101.95,125,74.7
9256,1076778,148.32,125,76.57
9257,1077198,35.65,125,76.84
9258,1077282,46.76,125,76.05
9259,1077354,139.13,125,76.35
9260,1077378,69.06,125,76.93
9261,1077462,67.3,125,76.25
9262,1077528,132.21,125,75.76
9263,1077846,-6.63,108,74.61
9264,1078032,164.08,125,76.26
9265,1078044,1.54,111,75.4
9266,1078104,60.12,125,75.78
9267,1078212,91.22,125,76.39
9268,1078278,151.55,125,77.01
9269,1078596,178.91,125,78.0
9270,1078704,-20.77,100,77.43
9271,1078782,100.74,125,77.94
9272,1078794,159.14,125,77.4
9273,1078932,2.1,109,76.79
9274,1078962,123.37,125,78.51
9275,1079250,3.71,109,77.41
9276,1079454,150.0,125,77.56
9277,1079526,23.61,122,77.49
9278,1079532,132.21,125,78.78
9279,1079532,-47.96,100,78.26
9280,1079712,142.52,125,80.26
9281,1080000,129.81,125,81.45
9282,1080150,-4.17,103,81.17
9283,1080192,-2.47,110,81.62
9284,1080204,101.37,125,83.29
9285,1080276,178.85,125,83.88
9286,1080462,59.17,125,83.14
9287,1080750,28.25,125,83.29
9288,1080900,91.49,125,82.67
9289,1080942,103.88,125,82.26
9290,1080954,31.1,125,80.78
9291,1081026,73.14,125,81.01
9292,1081188,10.1,121,79.35
9293,1081500,138.27,125,79.53
9294,1081542,-13.02,100,77.77
9295,1081650,185.25,125,79.05
9296,1081704,28.81,125,79.33
9297,1081776,82.76,125,80.68
9298,1081788,-51.06,100,80.35
9299,1082250,-16.62,100,80.11
9300,1082250,137.94,125,80.26
9301,1082292,143.82,125,80.35
9302,1082358,1.0,109,78.41
9303,1082526,113.11,125,78.19
9304,1082538,120.45,125,77.8
9305,1082952,18.37,117,76.72
9306,1083000,107.75,125,76.62
9307,1083042,142.65,125,75.81
9308,1083108,149.15,125,75.87
9309,1083144,-8.04,101,74.2
9310,1083276,42.86,125,73.3
9311,1083702,81.52,125,74.14
9312,1083750,11.84,125,74.31
9313,1083792,157.53,125,74.34
9314,1083858,137.11,125,76.05
9315,1083894,131.71,125,75.72
9316,1084026,130.5,125,76.84
9317,1084452,44.74,125,77.17
9318,1084500,88.12,125,78.56
9319,1084542,145.79,125,78.57
9320,1084608,126.03,125,78.39
9321,1084644,30.29,125,78.46
9322,1084776,95.8,125,77.54
9323,1085052,-43.33,100,75.99
9324,1085190,6.64,115,76.41
9325,1085292,48.55,125,77.44
9326,1085358,135.47,125,77.77
9327,1085394,58.42,125,76.74
9328,1085526,92.17,125,77.69
9329,1085706,-1.49,109,77.19
9330,1085892,-10.92,100,76.35
9331,1085940,155.81,125,77.42
9332,1086108,160.54,125,78.79
9333,1086144,97.95,125,78.22
9334,1086276,121.56,125,79.75
9335,1086456,109.23,125,80.88
9336,1086642,110.14,125,80.35
9337,1086690,150.8,125,80.04
9338,1086858,147.23,125,80.75
9339,1086894,193.48,125,82.22
9340,1087026,120.78,125,82.8
9341,1087146,-3.11,115,82.18
9342,1087392,132.2,125,83.07
9343,1087416,6.19,121,81.95
9344,1087608,137.79,125,83.0
9345,1087644,115.69,125,82.85
9346,1087776,87.27,125,82.37
9347,1087896,92.93,125,82.31
9348,1087992,-12.96,100,81.55
9349,1088022,-7.09,101,79.96
9350,1088346,2.93,117,80.04
9351,1088358,110.17,125,80.07
9352,1088526,49.66,125,78.85
9353,1088622,-48.45,100,77.5
9354,1088646,62.79,125,78.34
9355,1088742,85.19,125,78.17
9356,1089066,11.51,120,76.8
9357,1089108,75.72,125,77.2
9358,1089228,8.1,117,76.82
9359,1089372,167.15,125,77.1
9360,1089396,92.43,125,77.33
9361,1089492,62.96,125,77.29
9362,1089816,28.07,125,76.25
9363,1089858,99.29,125,77.3
9364,1089978,68.46,125,76.35
9365,1090122,98.68,125,77.32
9366,1090146,57.51,125,77.29
9367,1090176,5.37,114,76.44
9368,1090416,-41.06,100,74.51
9369,1090608,157.35,125,74.29
9370,1090626,-2.22,108,74.48
9371,1090872,95.48,125,74.43
9372,1090896,27.52,125,73.11
9373,1090926,37.94,125,73.47
9374,1091166,12.15,125,72.36
9375,1091358,162.98,125,73.95
9376,1091376,74.83,125,73.2
9377,1091472,-41.76,100,72.54
9378,1091526,-52.03,100,70.7
9379,1091646,12.84,125,71.31
9380,1091916,9.09,125,69.97
9381,1092108,47.48,125,69.15
9382,1092126,59.52,125,69.79
9383,1092222,124.49,125,71.06
9384,1092276,57.53,125,70.62
9385,1092312,2.11,111,68.85
9386,1092666,80.72,125,69.07
9387,1092804,3.97,116,68.82
9388,1092876,42.86,125,68.34
9389,1092972,132.21,125,68.62
9390,1092978,2.77,111,68.34
9391,1093026,99.35,125,68.6
9392,1093416,40.85,125,68.91
9393,1093434,-2.24,105,67.5
9394,1093626,60.26,125,68.24
9395,1093722,33.57,125,66.72
9396,1093728,156.81,125,68.0
9397,1093746,17.79,120,67.35
9398,1094154,11.94,123,67.98
9399,1094184,83.39,125,68.98
9400,1094226,-41.94,100,67.18
9401,1094472,91.08,125,66.65
9402,1094478,30.58,125,66.95
9403,1094496,101.81,125,66.84
9404,1094784,-43.3,100,65.2
9405,1094904,146.62,125,66.48
9406,1094976,161.03,125,67.01
9407,1095072,-24.03,100,65.35
9408,1095078,-44.91,100,63.41
9409,1095096,-31.22,100,63.17
9410,1095384,-35.06,100,62.4
9411,1095618,5.78,119,61.64
9412,1095726,144.53,125,62.97
9413,1095774,-3.15,113,61.36
9414,1095822,36.72,125,60.35
9415,1095828,23.67,125,59.27
9416,1095984,-17.09,100,57.8
9417,1096368,161.65,125,58.97
9418,1096392,0.22,111,58.09
9419,1096428,2.35,109,56.65
9420,1096572,146.71,125,56.86
9421,1096578,128.26,125,57.84
9422,1096734,113.29,125,58.02
9423,1097100,11.62,122,58.56
9424,1097142,37.04,125,58.87
9425,1097178,32.39,125,58.71
9426,1097322,86.86,125,58.22
9427,1097328,21.73,125,57.85
9428,1097484,170.46,125,58.64
9429,1097850,61.76,125,59.27
9430,1097892,118.31,125,60.56
9431,1097928,62.79,125,59.63
9432,1098072,144.9,125,59.48
9433,1098078,101.41,125,59.51
9434,1098234,60.88,125,58.9
9435,1098600,98.7,125,58.8
9436,1098642,88.85,125,58.59
9437,1098678,95.22,125,58.03
9438,1098822,89.76,125,57.45
9439,1098828,35.23,125,55.87
9440,1098846,-2.97,102,54.63
9441,1099242,-40.12,100,54.26
9442,1099350,62.86,125,53.57
9443,1099428,76.47,125,54.27
9444,1099464,-1.47,106,52.88
9445,1099512,15.86,115,51.88
9446,1099596,32.84,125,51.34
9447,1099950,-25.51,100,50.15
9448,1099992,91.64,125,51.2
9449,1100178,124.08,125,52.51
9450,1100214,100.61,125,53.49
9451,1100262,23.55,125,52.62
9452,1100346,28.83,125,52.41
9453,1100700,103.23,125,53.93
9454,1100742,64.95,125,53.95
9455,1100928,-2.75,111,53.07
9456,1100928,80.33,125,53.76
9457,1100964,154.36,125,54.55
9458,1101096,112.54,125,55.59
9459,1101300,-52.51,100,53.4
9460,1101492,139.7,125,53.87
9461,1101654,0.96,115,53.25
9462,1101678,150.0,125,54.47
9463,1101678,92.59,125,54.4
9464,1101846,27.74,125,53.99
9465,1102014,9.88,119,53.11
9466,1102242,87.71,125,53.41
9467,1102404,140.68,125,54.76
9468,1102428,158.28,125,56.75
9469,1102428,119.42,125,56.38
9470,1102530,5.23,114,56.45
9471,1102764,37.68,125,55.87
9472,1102992,118.12,125,56.78
9473,1103154,28.83,125,56.69
9474,1103178,141.67,125,57.98
9475,1103178,40.07,125,56.75
9476,1103280,69.93,125,56.7
9477,1103364,-13.94,100,56.98
9478,1103676,1.09,114,57.51
9479,1103754,-46.67,100,56.92
9480,1103928,77.17,125,57.6
9481,1103928,50.88,125,57.63
9482,1104000,-4.1,106,57.0
9483,1104030,29.03,125,56.04
9484,1104426,19.72,125,55.66
9485,1104504,56.72,125,56.21
9486,1104534,-5.14,101,55.35
9487,1104678,63.82,125,55.95
9488,1104750,181.02,125,57.33
9489,1104780,156.81,125,57.58
9490,1105104,-60.58,100,56.94
9491,1105176,81.82,125,56.77
9492,1105284,173.72,125,58.1
9493,1105428,112.23,125,59.24
9494,1105500,116.78,125,59.81
9495,1105530,12.66,125,59.6
9496,1105704,-18.98,100,57.84
9497,1105926,24.01,125,57.9
9498,1106034,113.38,125,58.92
9499,1106160,3.75,122,58.12
9500,1106250,20.81,125,58.75
9501,1106280,10.71,125,57.94
9502,1106388,9.39,114,57.73
9503,1106676,138.6,125,58.1
9504,1106688,-2.78,109,58.51
9505,1106910,105.79,125,58.1
9506,1106988,10.79,118,56.59
9507,1106988,-41.99,100,56.41
9508,1107000,76.47,125,57.63
9509,1107366,10.1,115,58.04
9510,1107438,56.25,125,58.96
9511,1107516,-7.85,101,58.82
9512,1107636,-3.62,106,57.34
9513,1107738,60.66,125,57.98
9514,1107738,44.23,125,58.05
9515,1107972,-5.71,101,57.76
9516,1108188,95.49,125,58.88
9517,1108266,50.0,125,57.77
9518,1108386,83.1,125,58.59
9519,1108488,145.73,125,60.03
9520,1108488,32.89,125,58.89
9521,1108722,14.65,125,57.75
9522,1108938,7.36,125,56.69
9523,1109016,47.54,125,57.05
9524,1109136,81.53,125,57.5
9525,1109232,27.78,124,57.45
9526,1109238,64.98,125,57.23
9527,1109472,73.77,125,57.75
9528,1109688,75.16,125,56.8
9529,1109766,84.62,125,57.03
9530,1109778,-3.51,107,55.81
9531,1109916,-2.31,114,55.16
9532,1109970,13.69,122,53.85
9533,1110222,178.75,125,54.62
9534,1110384,-4.66,103,53.97
9535,1110402,5.4,119,53.03
9536,1110528,103.39,125,53.18
9537,1110666,73.77,125,52.96
9538,1110720,96.49,125,53.03
9539,1110972,40.89,125,53.09
9540,1111134,143.7,125,54.56
9541,1111152,97.88,125,55.94
9542,1111278,65.47,125,55.96
9543,1111398,10.41,122,55.3
9544,1111446,9.7,121,55.41
9545,1111722,22.81,125,55.48
9546,1111752,-46.79,100,54.69
9547,1111884,43.33,125,55.37
9548,1111986,6.38,118,54.52
9549,1112136,17.12,123,53.45
9550,1112148,21.31,117,52.66
9551,1112472,45.7,125,52.88
9552,1112502,23.29,125,52.82
9553,1112634,41.14,125,52.2
9554,1112736,-36.0,100,51.19
9555,1112736,208.82,125,53.31
9556,1112748,-16.88,100,52.34
9557,1113204,20.98,122,51.0
9558,1113252,147.27,125,51.35
9559,1113384,26.67,125,52.14
9560,1113456,27.6,120,51.02
9561,1113486,66.67,125,51.68
9562,1113498,80.77,125,50.99
9563,1113852,-28.34,100,49.78
9564,1113888,-2.03,114,49.48
9565,1114062,-9.18,101,49.29
9566,1114098,-23.89,100,48.17
9567,1114134,82.76,125,47.59
9568,1114236,49.84,125,46.51
9569,1114452,-35.2,100,44.96
9570,1114638,49.81,125,45.41
9571,1114668,-10.09,101,44.93
9572,1114836,-18.57,100,43.56
9573,1114848,17.65,125,43.45
9574,1114884,48.7,125,42.52
9575,1115202,100.69,125,43.13
9576,1115244,-5.88,101,42.37
9577,1115268,-49.19,100,42.02
9578,1115532,-0.21,116,42.01
9579,1115598,41.03,125,42.88
9580,1115634,26.35,125,42.37
9581,1115874,-4.89,101,41.82
9582,1115952,234.59,125,44.2
9583,1115994,160.14,125,45.51
9584,1116132,-25.58,100,45.06
9585,1116234,-20.84,100,44.29
9586,1116348,37.91,125,44.72
9587,1116480,-9.61,101,43.98
9588,1116552,-48.7,100,41.69
9589,1116732,-35.17,100,39.77
9590,1116744,40.68,125,40.78
9591,1116876,-4.69,107,39.91
9592,1116948,-11.56,100,38.06
9593,1117152,-10.63,100,36.83
9594,1117230,127.42,125,36.94
9595,1117482,90.81,125,37.72
9596,1117494,84.03,125,38.75
9597,1117626,88.81,125,39.4
9598,1117692,17.24,124,38.44
9599,1117902,96.14,125,39.36
9600,1117944,7.52,119,39.23
9601,1118082,-17.75,100,38.94
9602,1118094,-47.36,100,38.38
9603,1118292,-44.05,100,36.55
9604,1118376,112.36,125,37.7
9605,1118544,-26.24,100,36.38
9606,1118652,34.23,125,36.61
9607,1118712,-1.43,103,37.02
9608,1118832,18.75,125,36.44
9609,1119042,23.29,125,36.57
9610,1119060,5.92,114,36.07
9611,1119150,-8.6,101,36.06
9612,1119402,14.91,125,36.25
9613,1119462,22.87,125,35.87
9614,1119492,-1.04,110,35.42
9615,1119792,150.0,125,36.98
9616,1119810,38.41,125,36.4
9617,1119900,47.91,125,36.38
9618,1120152,93.43,125,36.49
9619,1120212,61.51,125,35.64
9620,1120242,108.05,125,36.4
9621,1120416,-5.39,101,36.2
9622,1120542,99.32,125,37.12
9623,1120650,34.8,125,36.99
9624,1120902,69.93,125,36.87
9625,1120908,4.83,111,36.64
9626,1120962,91.92,125,36.91
9627,1121094,5.46,113,36.23
9628,1121262,8.87,120,35.57
9629,1121400,122.95,125,35.95
9630,1121586,-1.94,113,35.97
9631,1121652,55.17,125,36.54
9632,1121712,34.35,125,36.75
9633,1121844,25.44,125,35.21
9634,1122012,173.44,125,36.99
9635,1122150,13.5,125,37.08
9636,1122252,-28.21,100,35.76
9637,1122336,27.52,125,35.3
9638,1122402,3.41,115,34.37
9639,1122594,83.95,125,34.8
9640,1122762,21.43,125,33.57
9641,1122900,28.44,125,32.88
9642,1123002,59.86,125,32.82
9643,1123086,141.64,125,34.14
9644,1123152,83.75,125,34.88
9645,1123344,63.7,125,35.29
9646,1123362,-16.24,100,35.59
9647,1123500,-54.36,100,34.61
9648,1123752,42.41,125,34.97
9649,1123836,33.99,125,35.14
9650,1123902,70.42,125,35.63
9651,1123962,-18.15,100,35.0
9652,1124088,25.75,124,35.02
9653,1124250,21.95,125,34.83
9654,1124436,-17.04,100,35.02
9655,1124502,88.19,125,33.81
9656,1124652,143.82,125,35.42
9657,1124694,-7.95,101,35.13
9658,1124700,11.19,123,33.77
9659,1125000,36.05,125,33.86
9660,1125036,-12.62,100,33.46
9661,1125252,67.17,125,33.46
9662,1125252,-14.44,100,32.51
9663,1125300,-6.25,101,32.73
9664,1125450,28.44,125,33.04
9665,1125750,36.51,125,33.5
9666,1125786,63.12,125,34.37
9667,1126002,127.94,125,34.82
9668,1126002,55.17,125,34.87
9669,1126044,13.34,124,35.36
9670,1126158,22.49,118,35.08
9671,1126500,192.18,125,37.11
9672,1126536,46.71,125,37.76
9673,1126740,36.94,123,37.95
9674,1126752,95.04,125,38.41
9675,1126794,53.59,125,37.94
9676,1126830,-2.78,112,37.97
9677,1127250,72.41,125,39.19
9678,1127286,94.14,125,40.13
9679,1127490,168.21,125,41.41
9680,1127502,143.99,125,42.58
9681,1127544,87.07,125,43.5
9682,1127580,147.35,125,42.63
9683,1128000,147.35,125,42.5
9684,1128036,52.03,125,43.28
9685,1128144,-61.89,100,42.87
9686,1128174,5.26,114,42.54
9687,1128252,65.47,125,43.29
9688,1128330,86.27,125,44.64
9689,1128750,52.73,125,45.52
9690,1128786,138.26,125,46.5
9691,1128822,-5.18,113,46.49
9692,1128924,129.57,125,47.9
9693,1128930,-42.73,100,47.58
9694,1129002,30.43,125,46.61
9695,1129392,-4.92,101,45.65
9696,1129500,94.81,125,45.76
9697,1129524,-57.94,100,44.29
9698,1129572,13.92,125,44.26
9699,1129680,112.03,125,44.42
9700,1129752,33.13,125,44.68
9701,1130142,83.28,125,45.69
9702,1130250,121.37,125,47.37
9703,1130274,50.38,125,48.32
9704,1130322,20.69,125,47.4
9705,1130430,109.91,125,48.76
9706,1130502,69.33,125,49.11
9707,1130844,9.63,117,49.22
9708,1131000,42.35,125,49.46
9709,1131024,112.23,125,50.35
9710,1131072,68.28,125,50.97
9711,1131180,132.64,125,52.39
9712,1131252,139.62,125,53.63
9713,1131594,124.76,125,54.65
9714,1131750,73.78,125,55.4
9715,1131768,20.96,124,54.11
9716,1131786,-7.63,101,53.65
9717,1131822,27.82,125,53.45
9718,1132002,170.83,125,54.22
9719,1132344,89.19,125,54.5
9720,1132386,-31.56,100,53.1
9721,1132500,109.62,125,54.25
9722,1132518,72.73,125,53.99
9723,1132572,132.92,125,54.97
9724,1132752,25.0,125,54.52
9725,1132944,-22.72,100,54.24
9726,1133118,-46.42,100,52.86
9727,1133136,104.4,125,53.85
9728,1133250,63.04,125,54.39
9729,1133316,22.96,124,53.39
9730,1133502,170.49,125,55.12
9731,1133628,4.95,114,54.61
9732,1133868,33.96,125,54.61
9733,1133886,106.25,125,55.42
9734,1134000,88.12,125,54.56
9735,1134066,56.86,125,55.0
9736,1134180,0.92,113,55.29
9737,1134378,97.8,125,55.99
9738,1134618,58.42,125,56.54
9739,1134636,87.5,125,56.58
9740,1134666,-56.74,100,55.8
9741,1134750,63.64,125,56.15
9742,1134852,-0.15,112,55.55
9743,1135128,31.36,125,54.45
9744,1135368,55.91,125,54.17
9745,1135386,50.89,125,54.04
9746,1135416,188.32,125,56.08
9747,1135500,158.74,125,58.22
9748,1135602,10.37,125,57.9
9749,1135878,101.34,125,58.57
9750,1135986,-54.68,100,57.32
9751,1136118,13.54,125,57.63
9752,1136166,180.0,125,59.18
9753,1136250,158.56,125,60.54
9754,1136352,150.0,125,62.21
9755,1136628,46.26,125,61.79
9756,1136736,23.4,125,60.59
9757,1136868,30.43,125,60.97
9758,1136910,12.12,124,60.98
9759,1137000,69.68,125,61.32
9760,1137072,8.87,120,61.53
9761,1137378,189.29,125,62.76
9762,1137486,131.29,125,64.21
9763,1137618,72.76,125,65.0
9764,1137660,87.71,125,65.6
9765,1137750,73.33,125,65.96
9766,1137822,120.86,125,66.54
9767,1138086,-27.37,100,64.99
9768,1138110,9.09,122,64.53
9769,1138278,-4.96,110,64.34
9770,1138350,-32.38,100,63.8
9771,1138410,146.27,125,63.34
9772,1138572,44.93,125,63.32
9773,1138710,-23.2,100,62.72
9774,1138722,-3.72,106,61.73
9775,1139028,105.88,125,62.25
9776,1139100,162.77,125,63.91
9777,1139160,4.35,125,63.23
9778,1139322,32.72,125,62.61
9779,1139460,84.4,125,61.78
9780,1139472,158.18,125,61.92
9781,1139712,-1.46,114,61.03
9782,1139760,-20.25,100,59.36
9783,1139850,147.27,125,59.35
9784,1140030,6.35,118,58.9
9785,1140078,-4.22,103,59.47
9786,1140222,21.34,125,59.64
9787,1140312,-51.61,100,58.46
9788,1140450,-30.77,100,57.29
9789,1140510,128.07,125,58.05
9790,1140678,-16.42,100,56.5
9791,1140780,158.74,125,58.14
9792,1140918,-6.91,116,56.78
9793,1141062,67.74,125,57.88
9794,1141110,-15.89,100,57.42
9795,1141200,164.9,125,59.12
9796,1141428,19.3,125,58.36
9797,1141530,41.82,125,59.36
9798,1141632,12.08,119,59.34
9799,1141812,131.94,125,59.54
9800,1141860,145.85,125,60.67
9801,1141950,18.64,125,60.02
9802,1142028,-37.14,100,58.43
9803,1142280,151.68,125,59.45
9804,1142382,115.19,125,60.39
9805,1142412,-19.68,100,59.1
9806,1142460,-11.15,100,58.29
9807,1142700,14.58,125,58.34
9808,1142778,142.52,125,59.34
9809,1143018,-3.17,106,58.19
9810,1143030,93.88,125,58.44
9811,1143060,-59.66,100,56.52
9812,1143162,127.89,125,56.4
9813,1143378,-37.1,100,54.79
9814,1143438,13.86,123,54.19
9815,1143738,12.61,120,54.1
9816,1143768,23.27,123,54.41
9817,1143810,24.14,125,54.38
9818,1143912,78.95,125,53.46
9819,1144128,35.14,125,52.92
9820,1144188,154.13,125,54.77
9821,1144374,-7.84,101,53.6
9822,1144404,-0.54,111,52.87
9823,1144524,7.54,119,51.61
9824,1144662,42.35,125,51.79
9825,1144878,141.27,125,53.43
9826,1144938,105.04,125,54.94
9827,1145022,-4.22,103,53.85
9828,1145064,8.37,115,53.31
9829,1145124,-38.33,100,52.69
9830,1145412,23.71,125,51.23
9831,1145538,-21.58,100,50.96
9832,1145556,-3.19,113,50.59
9833,1145712,3.56,115,49.56
9834,1145814,46.85,125,49.15
9835,1145874,79.15,125,49.37
9836,1146162,-6.58,101,49.3
9837,1146162,56.93,125,48.89
9838,1146180,-3.46,107,48.27
9839,1146420,-8.55,101,47.31
9840,1146462,221.03,125,50.09
9841,1146624,80.56,125,50.26
9842,1146900,6.08,123,50.32
9843,1146912,49.61,125,50.5
9844,1146930,59.76,125,50.54
9845,1147170,21.86,125,50.25
9846,1147212,116.67,125,49.53
9847,1147332,6.32,118,48.01
9848,1147500,-12.86,100,47.78
9849,1147530,-51.43,100,46.25
9850,1147596,8.12,114,46.88
9851,1147920,145.49,125,48.2
9852,1147932,-22.13,100,46.18
9853,1147962,125.68,125,45.85
9854,1148250,217.86,125,46.52
9855,1148280,71.14,125,46.77
9856,1148298,7.15,117,46.61
9857,1148550,-3.95,105,46.27
9858,1148682,14.2,125,46.29
9859,1148712,142.62,125,47.02
9860,1148850,-19.46,100,46.73
9861,1149030,126.54,125,46.11
9862,1149048,45.45,125,45.25
9863,1149150,-33.07,100,44.19
9864,1149282,-36.69,100,42.95
9865,1149438,-0.03,121,42.21
9866,1149456,-6.5,101,40.94
9867,1149636,-5.17,101,41.16
9868,1149798,69.38,125,41.76
9869,1149900,92.86,125,42.74
9870,1149960,2.46,113,43.09
9871,1150044,-7.78,101,41.55
9872,1150098,-3.58,107,41.06
9873,1150344,3.5,118,41.33
9874,1150548,98.11,125,42.35
9875,1150644,-14.05,100,41.15
9876,1150650,112.12,125,40.64
9877,1150710,20.94,125,40.81
9878,1150734,-2.59,106,40.46
9879,1150998,-1.26,109,39.6
9880,1151148,-31.46,100,37.7
9881,1151310,-24.83,100,37.47
9882,1151334,-0.84,114,37.66
9883,1151382,2.84,123,36.22
9884,1151484,62.87,125,36.79
9885,1151748,153.68,125,38.36
9886,1151898,101.49,125,39.17
9887,1151934,-2.62,104,39.66
9888,1152084,110.86,125,41.07
9889,1152132,181.25,125,41.6
9890,1152234,108.03,125,42.85
9891,1152498,58.39,125,41.85
9892,1152504,-7.44,101,41.84
9893,1152684,95.72,125,42.12
9894,1152834,65.47,125,42.93
9895,1152834,-10.23,100,41.18
9896,1152882,150.0,125,42.49
9897,1153098,-14.61,100,41.92
9898,1153194,-1.35,115,41.79
9899,1153434,112.93,125,41.6
9900,1153482,-23.09,100,39.91
9901,1153584,25.81,125,39.98
9902,1153584,72.41,125,41.08
9903,1153848,84.67,125,40.41
9904,1153944,89.83,125,40.15
9905,1154082,-23.36,100,40.12
9906,1154184,137.59,125,41.6
9907,1154304,19.25,120,41.65
9908,1154334,57.56,125,40.8
9909,1154454,-8.9,101,40.74
9910,1154694,27.7,125,40.08
9911,1154754,1.31,112,40.69
9912,1154784,-13.92,100,39.27
9913,1154964,-0.1,105,39.64
9914,1155054,33.56,125,39.84
9915,1155060,-4.39,101,39.67
9916,1155432,3.25,113,39.47
9917,1155444,50.88,125,39.74
9918,1155534,76.26,125,39.71
9919,1155564,-18.08,100,39.18
9920,1155654,-16.09,100,37.48
9921,1155666,-9.12,101,37.46
9922,1156134,-18.18,100,37.29
9923,1156176,-0.83,102,37.2
9924,1156182,25.42,125,37.04
9925,1156194,72.08,125,36.34
9926,1156266,-16.51,100,35.13
9927,1156404,19.6,125,35.37
9928,1156872,-3.86,113,35.24
9929,1156884,188.54,125,37.51
9930,1156926,72.64,125,38.0
9931,1156932,127.78,125,39.5
9932,1157016,34.75,125,39.87
9933,1157154,178.39,125,41.62
9934,1157484,-26.31,100,40.89
9935,1157514,-3.69,107,40.06
9936,1157532,-12.58,100,40.0
9937,1157538,-3.86,102,39.39
9938,1157754,-12.74,100,39.3
9939,1157766,36.99,125,39.76
9940,1158090,-8.39,101,37.46
9941,1158264,144.97,125,38.11
9942,1158282,66.67,125,38.71
9943,1158288,83.05,125,39.05
9944,1158366,-35.32,100,38.1
9945,1158402,-2.19,108,37.86
9946,1158840,53.02,125,37.22
9947,1158864,-30.86,100,36.85
9948,1158888,-10.04,100,36.88
9949,1158954,4.56,112,37.44
9950,1159116,121.84,125,38.57
9951,1159152,54.93,125,37.67
9952,1159470,-9.21,101,37.8
9953,1159506,-2.11,103,36.52
9954,1159560,-9.44,101,34.25
9955,1159590,86.67,125,34.4
9956,1159752,-17.91,100,34.15
9957,1159860,7.18,124,34.26
9958,1160106,-15.58,100,33.96
9959,1160178,-3.06,103,32.51
9960,1160220,147.52,125,34.18
9961,1160340,40.35,125,33.32
9962,1160502,148.15,125,34.34
9963,1160610,138.81,125,36.06
9964,1160784,-6.48,101,36.36
9965,1160802,-0.02,116,36.36
9966,1160970,20.05,125,36.63
9967,1161090,27.55,125,36.96
9968,1161210,-20.06,100,36.06
9969,1161246,5.44,124,35.19
9970,1161534,181.88,125,36.98
9971,1161552,5.43,125,37.11
9972,1161696,-6.48,101,37.08
9973,1161720,64.91,125,37.7
9974,1161846,-39.29,100,36.32
9975,1161960,10.39,125,36.57
9976,1162284,138.1,125,36.83
9977,1162302,106.21,125,37.68
9978,1162446,76.47,125,38.47
9979,1162470,71.72,125,39.2
9980,1162596,105.21,125,40.57
9981,1162656,7.57,116,40.89
9982,1162998,11.01,116,41.01
9983,1163034,95.97,125,41.94
9984,1163070,-13.9,100,41.17
9985,1163196,46.62,125,40.1
9986,1163292,0.37,106,39.09
9987,1163346,82.12,125,39.94
9988,1163616,-4.48,103,38.79
9989,1163670,-41.94,100,36.56
9990,1163784,72.3,125,36.2
9991,1163946,41.82,125,36.03
9992,1164042,114.06,125,37.25
9993,1164096,63.4,125,36.92
9994,1164216,-17.29,100,36.1
9995,1164420,122.6,125,37.42
9996,1164534,112.01,125,37.04
9997,1164696,39.75,125,37.59
9998,1164792,144.83,125,39.05
9999,1164804,18.74,118,38.11
10000,1164858,-3.41,107,38.31
10001,1165170,64.87,125,38.7
10002,1165284,41.91,125,38.39
10003,1165302,-4.94,101,37.49
10004,1165392,-54.55,100,36.05
10005,1165404,-15.78,100,36.13
10006,1165608,49.85,125,35.25
10007,1165920,49.33,125,35.55
10008,1165950,-0.23,111,34.97
10009,1166052,8.55,125,35.15
10010,1166058,-4.04,111,34.83
10011,1166106,22.96,117,35.05
10012,1166358,100.0,125,36.19
10013,1166652,-32.38,100,35.86
10014,1166658,-17.69,100,35.35
10015,1166670,156.32,125,36.96
10016,1166700,78.8,125,37.71
10017,1166748,1.04,107,37.21
10018,1167000,-2.82,107,36.42
10019,1167276,-6.16,101,36.54
10020,1167336,-3.17,106,36.67
10021,1167402,28.79,125,37.05
10022,1167408,10.32,125,37.34
10023,1167438,-0.77,115,37.34
10024,1167600,-12.83,100,36.95
10025,1167876,-20.59,100,36.03
10026,1168086,79.31,125,36.99
10027,1168140,-2.93,122,36.76
10028,1168152,12.68,125,36.93
10029,1168188,52.0,125,35.56
10030,1168266,9.31,111,34.93
10031,1168566,4.67,115,33.7
10032,1168692,-7.95,101,33.27
10033,1168776,-3.88,106,31.45
10034,1168806,-5.97,103,31.65
10035,1168902,125.81,125,32.94
10036,1169010,10.83,124,33.18
10037,1169316,169.23,125,34.91
10038,1169388,-2.39,102,35.01
10039,1169442,68.38,125,35.33
10040,1169502,14.84,116,35.56
10041,1169610,-29.09,100,33.82
10042,1169652,122.63,125,34.38
10043,1169988,-43.58,100,33.11
10044,1170066,82.13,125,34.29
10045,1170138,-3.32,106,34.28
10046,1170192,102.09,125,34.77
10047,1170210,-19.13,100,34.88
10048,1170402,50.15,125,35.49
10049,1170666,-28.37,100,35.16
10050,1170738,55.37,125,34.49
10051,1170738,-33.42,100,33.61
10052,1170834,-1.96,107,33.68
10053,1170960,106.52,125,34.77
10054,1171002,-13.7,100,34.72
10055,1171338,-59.24,100,33.26
10056,1171380,17.16,119,33.62
10057,1171488,88.81,125,34.43
10058,1171536,10.17,117,34.69
10059,1171560,-30.88,100,34.41
10060,1171608,-7.41,101,32.86
10061,1171938,-43.24,100,32.03
10062,1172106,12.79,121,30.67
10063,1172136,-12.22,100,29.16
10064,1172208,-28.62,100,28.94
10065,1172238,46.85,125,29.41
10066,1172310,128.37,125,30.49
10067,1172688,158.62,125,31.8
10068,1172772,1.82,111,32.02
10069,1172886,48.29,125,32.45
10070,1172910,-17.88,100,30.45
10071,1172958,-1.69,125,30.38
10072,1172988,52.67,125,30.97
10073,1173288,-31.13,100,30.01
10074,1173372,-16.03,100,30.25
10075,1173486,-12.5,100,30.02
10076,1173510,-52.13,100,28.11
10077,1173708,114.52,125,28.2
10078,1173738,57.38,125,28.01
10079,1173972,-35.41,100,26.94
10080,1174038,95.58,125,26.84
10081,1174236,30.72,125,27.07
10082,1174260,123.83,125,28.2
10083,1174458,46.26,125,27.7
10084,1174488,108.48,125,28.93
10085,1174596,-4.97,104,28.41
10086,1174638,-37.55,100,28.03
10087,1174854,-5.05,103,27.16
10088,1174860,-15.69,100,27.05
10089,1175184,7.2,116,27.54
10090,1175208,100.0,125,27.81
10091,1175238,-53.15,100,26.87
10092,1175268,-2.37,112,25.7
10093,1175466,-5.61,101,25.01
10094,1175604,46.85,125,25.65
10095,1175784,-54.6,100,23.88
10096,1175838,-36.52,100,22.39
10097,1175880,-0.5,102,21.99
10098,1175958,26.28,125,20.81
10099,1176072,-9.17,101,20.53
10100,1176354,9.42,125,20.66
10101,1176468,-2.92,105,19.98
10102,1176486,-5.33,101,19.51
10103,1176534,155.32,125,21.11
10104,1176708,38.98,125,22.04
10105,1176822,77.99,125,22.98
10106,1177104,95.04,125,23.43
10107,1177116,-1.98,105,22.92
10108,1177218,86.5,125,23.79
10109,1177284,41.3,125,24.11
10110,1177458,16.28,125,24.32
10111,1177572,60.35,125,24.69
10112,1177716,-27.85,100,23.41
10113,1177854,132.39,125,25.06
10114,1177878,4.21,110,25.28
10115,1177884,-14.81,100,23.57
10116,1178058,-15.78,100,22.62
10117,1178232,1.04,110,22.62
10118,1178316,-17.5,100,22.48
10119,1178478,-22.53,100,22.31
10120,1178568,11.74,114,22.46
10121,1178604,118.52,125,23.36
10122,1178658,-21.63,100,23.04
10123,1178832,-51.85,100,22.53
10124,1178916,-38.33,100,22.27
10125,1179210,-9.31,101,22.39
10126,1179228,52.73,125,22.12
10127,1179258,-23.66,100,21.91
10128,1179318,31.58,125,22.1
10129,1179444,-1.89,102,21.56
10130,1179666,45.11,125,21.92
10131,1179858,-21.61,100,21.66
10132,1179960,19.05,125,21.93
10133,1179978,46.67,125,22.43
10134,1180068,150.0,125,23.99
10135,1180194,62.71,125,23.36
10136,1180416,25.64,125,23.51
10137,1180470,-3.48,102,21.78
10138,1180560,-24.44,100,21.56
10139,1180704,-4.53,106,20.83
10140,1180728,38.58,125,21.07
10141,1180794,-15.06,100,21.21
10142,1181016,-42.46,100,19.56
10143,1181220,25.42,125,20.25
10144,1181310,18.88,125,19.62
10145,1181394,-17.22,100,19.48
10146,1181454,68.81,125,19.15
10147,1181478,90.65,125,20.24
10148,1181766,34.02,125,20.08
10149,1181820,-52.94,100,19.84
10150,1181910,-10.16,100,19.18
10151,1182000,-10.74,101,19.41
10152,1182204,113.11,125,20.56
10153,1182228,15.63,125,19.65
10154,1182510,-19.72,100,19.59
10155,1182516,45.33,125,20.64
10156,1182534,7.79,119,20.54
10157,1182708,5.6,118,19.71
10158,1182834,-9.83,101,19.51
10159,1182954,35.42,125,20.17
10160,1183110,-44.21,100,19.81
10161,1183134,-20.69,100,20.03
10162,1183224,16.71,118,20.07
10163,1183440,-5.26,101,20.14
10164,1183458,28.38,125,20.71
10165,1183554,-13.98,100,20.1
10166,1183728,-2.85,103,18.79
10167,1183734,-11.34,100,17.09
10168,1183872,-4.92,108,17.02
10169,1184058,-30.5,100,16.23
10170,1184178,-5.71,104,16.36
10171,1184190,25.0,125,16.62
10172,1184334,-6.88,101,16.03
10173,1184334,-10.19,100,16.24
10174,1184472,-21.18,100,16.19
10175,1184700,-1.35,107,16.3
10176,1184862,1.0,112,16.83
10177,1184928,89.27,125,16.58
10178,1184940,-5.52,101,15.95
10179,1185072,-43.86,100,15.86
10180,1185084,50.68,125,15.41
10181,1185318,-1.98,103,15.09
10182,1185462,-17.28,100,13.68
10183,1185528,-20.35,100,13.01
10184,1185540,-33.41,100,11.59
10185,1185684,-18.27,100,11.46
10186,1185762,-3.76,115,11.79
10187,1186068,59.11,125,12.44
10188,1186134,-9.61,101,12.5
10189,1186146,-7.4,101,12.35
10190,1186164,16.08,117,11.51
10191,1186290,-7.81,101,11.97
10192,1186512,22.0,125,12.21
10193,1186734,-12.52,100,12.14
10194,1186746,-11.51,100,11.56
10195,1186818,127.27,125,13.38
10196,1186890,-12.43,100,13.62
10197,1186914,52.94,125,14.15
10198,1187262,33.78,125,14.23
10199,1187346,-13.55,100,14.18
10200,1187418,-17.13,100,13.92
10201,1187478,21.61,124,14.16
10202,1187520,-9.37,101,14.12
10203,1187580,-0.13,115,12.57
10204,1187946,-16.17,100,12.02
10205,1188012,74.24,125,11.98
10206,1188078,-30.49,100,10.72
10207,1188168,16.72,125,10.91
10208,1188240,0.12,110,10.05
10209,1188270,59.87,125,10.23
10210,1188618,-9.12,101,9.98
10211,1188678,-12.24,100,9.25
10212,1188696,56.93,125,10.1
10213,1188870,-13.09,100,8.64
10214,1188918,105.57,125,9.66
10215,1188990,69.68,125,10.5
10216,1189278,-15.55,100,10.51
10217,1189368,58.94,125,11.08
10218,1189446,58.08,125,11.84
10219,1189476,-10.44,101,11.96
10220,1189518,-24.44,100,11.6
10221,1189590,-12.2,100,10.29
10222,1189878,-28.05,100,10.23
10223,1190022,0.57,109,10.75
10224,1190046,-24.61,100,10.89
10225,1190094,-2.25,103,10.96
10226,1190118,-16.35,100,10.27
10227,1190190,-43.64,100,10.07
10228,1190478,-12.02,100,9.63
10229,1190622,-36.39,100,9.29
10230,1190694,-20.91,100,8.63
10231,1190718,-21.72,100,8.63
10232,1190796,110.88,125,9.55
10233,1190874,5.47,114,9.13
10234,1191156,-1.25,113,7.62
10235,1191222,-33.74,100,6.66
10236,1191330,-1.23,106,6.39
10237,1191396,-11.2,100,6.31
10238,1191420,11.13,117,6.67
10239,1191480,-8.74,101,6.62
10240,1191762,-5.53,101,6.18
10241,1191930,-11.65,100,6.22
10242,1191972,71.88,125,7.36
10243,1192080,-14.93,100,6.96
10244,1192146,23.03,125,7.0
10245,1192170,91.13,125,8.08
10246,1192482,24.0,120,7.63
10247,1192680,120.47,125,7.93
10248,1192722,116.03,125,8.75
10249,1192752,-9.37,101,9.19
10250,1192764,13.67,114,9.43
10251,1192920,46.34,125,10.0
10252,1193082,-58.46,100,8.28
10253,1193280,-37.94,100,7.75
10254,1193352,-22.86,100,7.71
10255,1193370,-9.82,101,7.16
10256,1193472,54.41,125,7.63
10257,1193670,52.44,125,8.1
10258,1193682,-11.03,100,8.09
10259,1193952,-40.0,100,7.33
10260,1193970,-15.22,100,7.62
10261,1194030,100.67,125,8.83
10262,1194222,36.05,125,9.03
10263,1194270,-11.42,100,8.97
10264,1194336,3.99,109,8.72
10265,1194570,-28.59,100,8.58
10266,1194690,3.55,110,8.64
10267,1194702,10.71,125,8.86
10268,1194870,-47.39,100,8.44
10269,1194972,53.02,125,9.27
10270,1195086,59.09,125,9.92
10271,1195170,-14.82,100,9.52
10272,1195290,-10.97,100,9.48
10273,1195452,81.25,125,10.39
10274,1195554,3.86,114,10.64
10275,1195692,-7.71,101,10.58
10276,1195722,12.8,125,10.7
10277,1195914,9.5,124,9.9
10278,1196040,94.54,125,10.9
10279,1196154,-1.76,117,11.32
10280,1196292,25.31,123,11.07
10281,1196322,-12.83,100,10.96
10282,1196334,-4.6,107,11.09
10283,1196640,-2.13,121,11.27
10284,1196790,34.62,125,11.95
10285,1196904,32.35,125,12.46
10286,1196934,-0.49,107,12.49
10287,1196934,-10.6,100,11.79
10288,1197072,61.18,125,12.5
10289,1197390,86.81,125,13.44
10290,1197468,0.81,113,13.29
10291,1197504,-20.06,100,13.17
10292,1197540,-5.09,101,12.9
10293,1197678,-6.91,101,12.95
10294,1197684,28.92,125,13.36
10295,1198104,-50.59,100,11.58
10296,1198140,21.5,125,11.92
10297,1198218,48.65,125,11.87
10298,1198290,69.87,125,12.23
10299,1198428,108.33,125,13.45
10300,1198434,101.3,125,14.64
10301,1198740,-59.45,100,13.83
10302,1198854,8.91,125,14.01
10303,1198968,74.9,125,14.76
10304,1199028,-36.08,100,14.56
10305,1199028,9.62,123,13.92
10306,1199034,-38.86,100,13.83
10307,1199340,-50.7,100,13.16
10308,1199454,-13.51,100,13.02
10309,1199628,-23.52,100,12.19
10310,1199634,-50.0,100,11.78
10311,1199634,-8.43,101,11.82
10312,1199718,48.39,125,11.73
10313,1200090,34.28,125,12.2
10314,1200204,46.25,125,11.61
10315,1200318,-22.65,100,10.69
10316,1200378,20.27,125,11.05
10317,1200384,39.39,125,10.85
10318,1200384,56.49,125,10.83
10319,1200702,-3.9,102,10.9
10320,1200804,-10.6,100,11.04
10321,1200978,-43.58,100,10.72
10322,1201002,-4.96,103,10.96
10323,1201020,-3.03,117,10.92
10324,1201134,128.48,125,12.45
10325,1201302,-12.62,100,12.35
10326,1201554,65.58,125,13.17
10327,1201578,-36.52,100,13.24
10328,1201740,-4.71,101,13.31
10329,1201752,108.79,125,14.76
10330,1201770,23.6,125,15.21
10331,1201902,-19.62,100,15.23
10332,1202304,29.45,125,14.41
10333,1202328,31.83,125,14.68
10334,1202352,-18.41,100,14.51
10335,1202358,-4.43,103,14.8
10336,1202520,45.16,125,15.26
10337,1202616,19.09,119,15.57
10338,1202904,-45.39,100,15.0
10339,1203048,6.74,120,15.16
10340,1203102,92.05,125,16.13
10341,1203108,119.78,125,17.45
10342,1203216,-19.49,100,16.53
10343,1203240,4.95,120,16.73
10344,1203654,53.57,125,17.04
10345,1203798,86.51,125,16.99
10346,1203798,8.31,115,16.83
10347,1203810,1.9,118,15.65
10348,1203888,7.39,112,14.56
10349,1203900,-2.4,110,14.63
10350,1204254,-51.57,100,13.98
10351,1204398,-18.27,100,13.33
10352,1204494,4.07,116,13.96
10353,1204500,9.4,115,14.43
10354,1204500,-12.84,100,14.53
10355,1204554,0.31,111,14.63
10356,1205004,26.68,125,14.36
10357,1205106,-8.86,101,13.74
10358,1205118,6.31,120,13.92
10359,1205244,130.0,125,15.62
10360,1205250,13.71,125,15.9
10361,1205268,11.42,119,15.01
10362,1205652,-2.53,108,14.63
10363,1205718,-24.44,100,14.5
10364,1205844,-22.65,100,14.23
10365,1205850,-49.51,100,14.02
10366,1205856,137.59,125,15.36
10367,1205868,-14.78,100,15.11
10368,1206336,-2.76,114,15.55
10369,1206450,-9.94,101,14.92
10370,1206468,89.29,125,15.22
10371,1206600,30.72,125,15.68
10372,1206606,8.97,125,15.88
10373,1206618,36.52,125,15.43
10374,1207086,30.95,125,15.7
10375,1207104,-3.87,109,15.74
10376,1207218,69.17,125,16.31
10377,1207350,50.88,125,16.72
10378,1207356,23.38,125,16.01
10379,1207368,30.29,125,16.33
10380,1207686,-51.9,100,15.56
10381,1207812,9.69,118,15.78
10382,1207890,11.15,112,15.94
10383,1207968,-17.74,100,15.78
10384,1208100,24.2,125,15.68
10385,1208106,18.03,125,15.54
10386,1208340,-0.72,109,15.53
10387,1208562,38.18,125,16.02
10388,1208616,-1.29,108,15.4
10389,1208640,74.76,125,15.28
10390,1208706,-13.82,100,15.13
10391,1208850,105.67,125,16.39
10392,1208982,-4.33,107,16.39
10393,1209312,15.76,125,16.62
10394,1209366,69.49,125,17.03
10395,1209390,102.17,125,18.55
10396,1209456,106.35,125,19.4
10397,1209570,2.27,120,18.94
10398,1209582,-40.66,100,17.83
10399,1209918,-5.09,101,16.7
10400,1209990,-41.81,100,15.27
10401,1210116,30.0,125,16.16
10402,1210206,83.33,125,16.91
10403,1210242,-3.66,110,16.12
10404,1210320,50.77,125,16.99
10405,1210668,81.51,125,17.71
10406,1210716,-21.54,100,17.88
10407,1210740,75.68,125,19.15
10408,1210842,-61.19,100,18.67
10409,1210956,22.87,125,19.13
10410,1211070,43.36,125,20.07
10411,1211418,85.76,125,21.01
10412,1211466,80.0,125,21.32
10413,1211490,19.21,125,21.17
10414,1211592,74.34,125,21.45
10415,1211670,8.25,119,21.76
10416,1211820,89.66,125,22.46
10417,1212168,154.83,125,23.61
10418,1212216,105.98,125,24.11
10419,1212240,92.91,125,25.07
10420,1212342,34.8,125,25.53
10421,1212420,104.46,125,27.01
10422,1212570,186.79,125,28.93
10423,1212840,-0.63,112,28.95
10424,1212966,103.45,125,28.7
10425,1212990,129.39,125,30.12
10426,1213020,-20.44,100,29.26
10427,1213092,159.79,125,31.22
10428,1213320,74.83,125,32.02
10429,1213590,-49.97,100,30.43
10430,1213590,44.04,125,30.64
10431,1213716,44.65,125,31.28
10432,1213770,99.22,125,31.98
10433,1213842,96.32,125,32.62
10434,1214070,26.92,125,33.07
10435,1214196,-10.19,101,33.02
10436,1214340,41.41,125,32.98
10437,1214466,126.84,125,34.06
10438,1214496,7.37,121,34.58
10439,1214592,57.72,125,35.09
10440,1214682,-4.68,102,34.13
10441,1214946,7.69,125,33.01
10442,1215090,83.91,125,34.04
10443,1215102,-8.14,101,33.91
10444,1215216,12.85,125,33.5
10445,1215342,177.37,125,34.41
10446,1215432,89.02,125,35.22
10447,1215696,53.09,125,35.73
10448,1215840,144.6,125,37.1
10449,1215852,182.83,125,38.95
10450,1215948,25.32,122,39.72
10451,1216032,-18.46,100,39.72
10452,1216092,115.81,125,40.84
10453,1216446,-6.13,101,40.68
10454,1216446,131.29,125,42.12
10455,1216602,89.0,125,43.01
10456,1216632,-38.62,100,42.36
10457,1216644,9.42,116,42.54
10458,1216842,13.14,125,42.61
10459,1217046,-26.43,100,41.04
10460,1217196,114.29,125,42.05
10461,1217352,48.51,125,42.42
10462,1217382,23.29,125,42.68
10463,1217394,25.4,125,43.18
10464,1217496,0.64,109,43.41
10465,1217796,10.71,125,44.01
10466,1217946,132.97,125,43.97
10467,1218102,146.53,125,45.58
10468,1218132,59.72,125,46.2
10469,1218144,92.43,125,47.23
10470,1218246,34.15,125,46.68
10471,1218546,72.66,125,47.1
10472,1218696,73.75,125,47.74
10473,1218852,187.27,125,49.25
10474,1218882,59.42,125,49.54
10475,1218894,146.53,125,51.04
10476,1218996,70.81,125,51.06
10477,1219146,-16.48,100,50.38
10478,1219446,27.8,125,50.43
10479,1219602,155.64,125,51.68
10480,1219632,37.32,125,52.57
10481,1219644,110.34,125,53.58
10482,1219734,19.6,123,53.66
10483,1219896,106.79,125,54.91
10484,1220046,-41.05,100,54.26
10485,1220352,113.06,125,55.21
10486,1220382,80.92,125,56.02
10487,1220394,51.64,125,56.16
10488,1220484,170.59,125,57.88
10489,1220646,144.64,125,58.58
10490,1220796,70.0,125,59.41
10491,1221102,113.74,125,59.49
10492,1221132,51.61,125,60.05
10493,1221144,11.44,125,60.01
10494,1221234,62.42,125,59.94
10495,1221246,-20.74,100,58.71
10496,1221546,23.84,125,57.89
10497,1221852,57.1,125,58.43
10498,1221882,44.88,125,59.29
10499,1221894,36.05,125,59.7
10500,1221984,172.39,125,61.84
10501,1221996,58.06,125,62.12
10502,1222296,100.0,125,62.29
10503,1222602,116.49,125,63.49
10504,1222632,103.7,125,64.02
10505,1222644,108.0,125,64.29
10506,1222692,4.19,118,64.54
10507,1222746,94.24,125,64.73
10508,1223046,54.41,125,65.89
10509,1223346,-30.33,100,65.35
10510,1223352,91.13,125,65.83
10511,1223358,3.45,111,65.01
10512,1223382,172.03,125,65.93
10513,1223394,16.35,125,65.9
10514,1223796,62.54,125,65.78
10515,1224078,23.97,122,65.94
10516,1224102,115.55,125,66.2
10517,1224108,70.07,125,65.35
10518,1224132,83.33,125,65.12
10519,1224144,127.56,125,65.47
10520,1224546,59.57,125,65.72
10521,1224744,-17.3,100,64.5
10522,1224828,28.57,125,62.92
10523,1224852,12.62,124,63.05
10524,1224852,186.85,125,63.88
10525,1224882,169.37,125,64.28
10526,1225296,49.5,125,64.98
10527,1225428,-51.1,100,62.88
10528,1225494,42.86,125,62.56
10529,1225602,156.33,125,64.62
10530,1225602,45.42,125,64.63
10531,1225632,115.91,125,65.34
10532,1226046,89.47,125,65.25
10533,1226178,161.82,125,65.9
10534,1226238,-10.74,101,65.53
10535,1226244,145.42,125,67.08
10536,1226340,10.03,123,66.77
10537,1226352,46.67,125,65.97
10538,1226646,-26.24,100,65.63
10539,1226790,-3.01,102,65.02
10540,1226940,-27.37,100,64.8
10541,1226988,88.31,125,65.6
10542,1226994,39.47,125,65.16
10543,1227102,154.55,125,66.78
10544,1227396,146.43,125,68.12
10545,1227540,99.31,125,67.34
10546,1227540,-31.6,100,66.13
10547,1227600,-7.81,101,65.52
10548,1227738,111.31,125,65.19
10549,1227852,14.86,125,63.51
10550,1228146,152.63,125,64.79
10551,1228290,97.37,125,65.94
10552,1228290,35.76,125,65.14
10553,1228350,110.71,125,66.31
10554,1228488,129.24,125,66.29
10555,1228602,157.35,125,66.97
10556,1228752,-8.07,101,67.28
10557,1228890,-54.6,100,66.64
10558,1228950,-20.63,100,66.3
10559,1229040,43.68,125,67.0
10560,1229238,93.88,125,66.8
10561,1229352,39.66,125,66.71
10562,1229358,-7.12,101,66.41
10563,1229640,50.41,125,66.66
10564,1229700,77.7,125,67.43
10565,1229790,91.74,125,68.24
10566,1229838,-17.69,100,66.73
10567,1229952,-38.04,100,64.89
10568,1230108,74.06,125,65.03
10569,1230300,-22.07,100,63.88
10570,1230390,28.11,125,63.82
10571,1230432,-3.09,107,63.07
10572,1230588,46.5,125,62.79
10573,1230702,139.54,125,62.32
10574,1230858,39.82,125,62.12
10575,1231050,13.85,125,60.79
10576,1231140,89.19,125,60.98
10577,1231182,169.66,125,62.84
10578,1231290,4.76,117,62.61
10579,1231416,5.72,119,61.11
10580,1231608,42.86,125,61.16
10581,1231650,-10.8,100,59.95
10582,1231890,123.0,125,60.99
10583,1231932,41.3,125,60.33
10584,1232040,147.1,125,62.21
10585,1232058,0.11,107,61.08
10586,1232298,8.36,115,60.36
10587,1232316,-0.25,111,59.84
10588,1232598,17.72,118,58.31
10589,1232682,65.47,125,57.52
10590,1232790,27.04,125,57.09
10591,1232808,78.57,125,56.74
10592,1233006,16.06,118,56.38
10593,1233066,129.93,125,57.57
10594,1233348,124.91,125,58.19
10595,1233432,54.93,125,58.95
10596,1233540,114.51,125,59.86
10597,1233558,34.75,125,59.63
10598,1233756,89.83,125,60.08
10599,1233816,47.77,125,60.2
10600,1234032,-15.64,100,58.32
10601,1234098,101.2,125,58.75
10602,1234140,-49.59,100,57.25
10603,1234308,121.45,125,57.3
10604,1234500,11.49,124,56.38
10605,1234566,141.88,125,56.72
10606,1234782,109.92,125,57.78
10607,1234848,30.57,125,57.14
10608,1234890,51.52,125,57.11
10609,1235058,41.38,125,57.83
10610,1235154,-2.45,109,56.89
10611,1235166,-50.3,100,56.36
10612,1235532,104.08,125,55.68
10613,1235598,107.44,125,56.59
10614,1235640,112.62,125,57.09
10615,1235808,51.02,125,57.36
10616,1235904,23.38,125,56.44
10617,1235916,160.38,125,57.34
10618,1236252,-1.01,102,56.5
10619,1236282,155.1,125,56.77
10620,1236348,73.77,125,56.91
10621,1236456,-1.85,108,57.07
10622,1236654,59.86,125,57.38
10623,1236666,60.54,125,57.86
10624,1236852,-47.79,100,55.51
10625,1237032,49.43,125,54.31
10626,1237056,-12.14,100,53.7
10627,1237098,19.5,125,54.4
10628,1237332,1.6,113,53.99
10629,1237416,65.56,125,53.08
10630,1237602,137.46,125,54.0
10631,1237638,-5.93,101,52.79
10632,1237806,123.0,125,53.12
10633,1237812,12.71,119,51.63
10634,1238082,56.15,125,52.3
10635,1238166,79.15,125,51.64
10636,1238352,27.41,125,51.81
10637,1238388,57.72,125,51.92
10638,1238406,-12.66,100,52.06
10639,1238562,106.52,125,53.15
10640,1238832,113.77,125,54.56
10641,1238916,105.3,125,54.73
10642,1239042,5.07,109,54.39
10643,1239102,81.21,125,53.65
10644,1239156,36.36,125,52.55
10645,1239312,63.5,125,52.2
10646,1239582,68.25,125,53.19
10647,1239666,34.96,125,53.62
10648,1239792,24.72,125,52.76
10649,1239852,137.76,125,53.99
10650,1239906,92.81,125,53.39
10651,1240062,9.97,125,52.51
10652,1240266,-53.68,100,51.62
10653,1240332,63.01,125,51.14
10654,1240392,-11.41,100,49.74
10655,1240602,156.76,125,49.73
10656,1240656,40.15,125,50.21
10657,1240806,11.21,124,50.87
10658,1240938,-4.44,101,51.03
10659,1241016,89.54,125,51.49
10660,1241142,102.7,125,51.58
10661,1241352,55.17,125,51.73
10662,1241406,153.47,125,53.34
10663,1241544,18.66,123,53.02
10664,1241688,41.3,125,52.66
10665,1241718,9.93,117,51.84
10666,1241892,108.49,125,53.1
10667,1242102,82.41,125,54.31
10668,1242156,74.38,125,54.31
10669,1242294,40.89,125,54.94
10670,1242438,107.79,125,55.74
10671,1242468,99.3,125,56.76
10672,1242570,-1.66,113,56.28
10673,1242852,38.99,125,55.27
10674,1242906,115.69,125,56.03
10675,1243044,117.25,125,57.07
10676,1243092,-1.58,109,56.16
10677,1243218,99.35,125,55.45
10678,1243320,35.14,125,55.76
10679,1243602,19.74,125,55.9
10680,1243656,143.99,125,56.91
10681,1243794,96.01,125,57.98
10682,1243818,-15.78,100,56.59
10683,1243842,26.71,125,56.44
10684,1243920,-46.75,100,54.51
10685,1244268,-4.43,102,54.46
10686,1244352,19.21,125,54.57
10687,1244514,0.68,112,54.58
10688,1244544,108.19,125,55.48
10689,1244568,108.86,125,55.92
10690,1244670,57.23,125,56.22
10691,1245018,51.72,125,55.95
10692,1245060,4.5,118,55.83
10693,1245114,-10.46,100,54.43
10694,1245144,-41.54,100,52.77
10695,1245168,-39.12,100,51.83
10696,1245420,99.29,125,51.67
10697,1245732,-1.08,112,51.31
10698,1245768,154.42,125,51.96
10699,1245864,144.76,125,52.93
10700,1245894,22.87,125,53.32
10701,1245918,66.67,125,52.97
10702,1246170,67.24,125,54.14
10703,1246482,57.34,125,53.5
10704,1246518,64.43,125,54.03
10705,1246542,-5.15,108,52.56
10706,1246584,23.23,120,51.69
10707,1246668,83.67,125,52.22
10708,1246818,-2.22,108,51.68
10709,1247160,7.9,113,51.35
10710,1247268,102.25,125,52.4
10711,1247292,111.11,125,54.01
10712,1247334,77.94,125,53.75
10713,1247418,65.22,125,53.33
10714,1247550,22.09,122,52.42
10715,1247910,113.11,125,53.04
10716,1248018,87.7,125,53.68
10717,1248042,35.14,125,52.43
10718,1248084,90.48,125,53.35
10719,1248150,-14.17,100,51.65
10720,1248168,96.61,125,51.88
10721,1248522,-3.9,102,51.86
10722,1248690,-7.32,101,51.19
10723,1248750,-19.88,100,50.39
10724,1248768,175.36,125,52.62
10725,1248792,111.84,125,53.24
10726,1248918,35.42,125,53.72
10727,1249272,101.37,125,54.54
10728,1249440,78.57,125,55.31
10729,1249500,46.03,125,55.11
10730,1249518,11.48,125,53.85
10731,1249518,-22.37,100,53.69
10732,1249542,64.41,125,53.1
10733,1250022,131.54,125,54.29
10734,1250118,-20.93,100,53.52
10735,1250190,130.48,125,54.03
10736,1250250,18.75,125,53.95
10737,1250268,51.07,125,53.88
10738,1250292,109.3,125,55.1
10739,1250622,-21.76,100,53.82
10740,1250868,107.14,125,53.75
10741,1250904,-2.95,106,52.67
10742,1250940,48.61,125,53.1
10743,1251000,83.01,125,53.12
10744,1251042,37.7,125,53.13
10745,1251360,15.37,123,52.65
10746,1251540,-18.44,100,51.79
10747,1251618,54.93,125,51.98
10748,1251654,159.69,125,53.33
10749,1251750,109.09,125,53.05
10750,1251792,59.86,125,52.72
10751,1252110,78.69,125,53.41
10752,1252218,-16.78,100,53.77
10753,1252290,47.17,125,53.62
10754,1252404,-1.89,102,53.71
10755,1252404,128.48,125,53.43
10756,1252500,67.81,125,53.71
10757,1252860,157.03,125,55.16
10758,1252962,14.53,124,55.35
10759,1253004,-11.41,100,54.34
10760,1253040,98.65,125,54.3
10761,1253154,10.0,125,53.85
10762,1253250,32.31,125,52.64
10763,1253562,-15.33,100,52.3
10764,1253592,22.57,122,52.11
10765,1253640,-22.15,100,51.79
10766,1253754,44.09,125,51.15
10767,1253904,94.14,125,51.27
10768,1254000,85.9,125,51.38
10769,1254246,-5.29,101,50.92
10770,1254306,17.1,124,50.01
10771,1254342,131.88,125,50.34
10772,1254504,114.77,125,51.5
10773,1254600,-26.41,100,50.85
10774,1254636,11.94,122,49.81
10775,1254996,25.87,125,48.9
10776,1255056,117.79,125,50.09
10777,1255092,94.81,125,50.04
10778,1255200,-10.8,100,49.59
10779,1255254,75.18,125,50.14
10780,1255386,88.81,125,49.59
10781,1255698,-6.86,101,48.56
10782,1255746,133.77,125,50.05
10783,1255806,64.31,125,50.43
10784,1255950,117.08,125,52.07
10785,1256004,101.49,125,53.13
10786,1256118,21.61,122,53.15
10787,1256406,-40.42,100,52.74
10788,1256448,78.18,125,52.44
10789,1256496,75.86,125,52.11
10790,1256604,-12.8,100,51.41
10791,1256646,13.04,116,51.02
10792,1256868,67.3,125,51.65
10793,1257156,28.38,125,52.04
10794,1257198,47.4,125,52.93
10795,1257246,7.91,125,53.4
10796,1257354,32.45,125,52.73
10797,1257378,13.36,122,52.88
10798,1257618,42.35,125,51.76
10799,1257876,18.86,120,50.5
10800,1257948,54.27,125,50.81
10801,1257996,91.49,125,51.06
10802,1258104,126.28,125,51.65
10803,1258128,61.81,125,51.69
10804,1258218,-43.05,100,50.62
10805,1258476,-23.14,100,50.44
10806,1258698,74.6,125,50.95
10807,1258746,96.23,125,51.08
10808,1258782,4.13,109,51.14
10809,1258854,35.23,125,51.42
10810,1258968,37.95,125,50.77
10811,1259226,30.0,125,49.96
10812,1259382,-52.87,100,48.65
10813,1259424,16.32,121,48.16
10814,1259496,70.97,125,48.65
10815,1259568,-40.4,100,47.12
10816,1259604,136.64,125,47.61
10817,1259838,-2.65,102,47.23
10818,1260066,-5.06,107,46.27
10819,1260132,78.45,125,47.2
10820,1260246,180.3,125,48.04
10821,1260318,107.21,125,49.15
10822,1260324,12.7,120,49.35
10823,1260570,6.15,122,49.61
10824,1260816,64.38,125,48.5
10825,1260882,40.68,125,47.79
10826,1260996,126.67,125,48.7
10827,1261068,22.11,125,47.91
10828,1261074,10.58,125,47.23
10829,1261320,85.43,125,47.62
10830,1261482,-26.61,100,47.24
10831,1261566,70.33,125,48.17
10832,1261596,-55.81,100,46.97
10833,1261818,4.89,124,45.7
10834,1261818,58.78,125,46.5
10835,1262070,60.96,125,45.8
10836,1262232,62.79,125,46.24
10837,1262316,28.51,125,46.02
10838,1262346,43.36,125,45.36
10839,1262568,106.9,125,46.64
10840,1262568,9.63,125,45.67
10841,1262820,56.13,125,46.26
10842,1262964,-0.31,108,45.77
10843,1262982,51.32,125,45.45
10844,1263096,93.68,125,46.01
10845,1263234,1.17,111,45.87
10846,1263318,24.95,125,46.3
10847,1263570,163.94,125,47.39
10848,1263672,-3.22,118,45.76
10849,1263732,55.48,125,45.23
10850,1263756,6.7,110,44.7
10851,1263984,18.06,125,44.09
10852,1264068,77.94,125,45.04
10853,1264320,89.47,125,45.46
10854,1264422,94.89,125,46.43
10855,1264482,95.65,125,46.1
10856,1264506,187.82,125,47.3
10857,1264626,-0.85,107,45.72
10858,1264818,34.7,125,45.92
10859,1265022,-10.0,100,45.94
10860,1265070,158.39,125,46.53
10861,1265082,-37.93,100,46.06
10862,1265256,125.09,125,46.98
10863,1265376,125.56,125,48.39
10864,1265556,19.21,123,48.36
10865,1265772,107.1,125,49.65
10866,1265820,91.28,125,50.12
10867,1265832,49.57,125,49.68
10868,1266006,147.06,125,50.29
10869,1266126,127.59,125,51.62
10870,1266306,93.77,125,52.38
10871,1266522,31.49,125,51.38
10872,1266570,144.27,125,51.68
10873,1266582,74.24,125,52.68
10874,1266708,1.07,117,52.57
10875,1266876,46.96,125,52.78
10876,1267050,20.15,124,51.81
10877,1267236,-1.67,109,50.84
10878,1267272,106.45,125,52.02
10879,1267308,-29.09,100,50.97
10880,1267320,39.96,125,50.48
10881,1267626,157.63,125,52.13
10882,1267800,21.23,125,51.0
10883,1267902,1.77,111,50.38
10884,1268022,45.89,125,49.67
10885,1268058,21.21,125,48.86
10886,1268070,23.33,125,48.88
10887,1268226,-52.8,100,48.76
10888,1268550,162.55,125,49.6
10889,1268622,-33.49,100,48.51
10890,1268652,170.59,125,50.34
10891,1268808,127.42,125,51.49
10892,1268820,90.94,125,51.72
10893,1268976,38.18,125,51.82
10894,1269300,161.74,125,52.96
10895,1269372,127.94,125,54.16
10896,1269402,137.41,125,55.21
10897,1269558,149.08,125,56.57
10898,1269570,95.73,125,57.1
10899,1269726,152.53,125,58.44
10900,1270038,10.14,111,58.0
10901,1270050,149.23,125,58.58
10902,1270152,136.36,125,58.68
10903,1270278,19.57,118,58.26
10904,1270308,103.88,125,59.72
10905,1270476,182.69,125,61.78
10906,1270788,101.89,125,62.06
10907,1270800,169.1,125,62.78
10908,1270902,159.87,125,64.34
10909,1271028,70.28,125,64.69
10910,1271058,65.66,125,64.97
10911,1271088,-2.46,102,64.64
10912,1271394,-8.55,101,65.09
10913,1271550,55.71,125,65.48
10914,1271592,30.38,115,65.08
10915,1271778,138.1,125,66.86
10916,1271808,81.21,125,66.31
10917,1271838,196.99,125,68.3
10918,1272144,46.34,125,68.82
10919,1272150,-13.53,100,67.9
10920,1272192,-56.59,100,65.53
10921,1272528,108.19,125,65.54
10922,1272558,136.67,125,66.78
10923,1272588,108.2,125,67.8
10924,1272750,-35.22,100,66.8
10925,1272840,-2.29,108,66.37
10926,1272894,167.92,125,66.79
10927,1273176,-3.78,103,66.53
10928,1273278,213.38,125,68.55
10929,1273302,8.97,119,67.79
10930,1273440,-52.79,100,67.53
10931,1273500,135.88,125,68.18
10932,1273644,168.2,125,70.42
10933,1273926,140.28,125,71.78
10934,1274028,59.72,125,71.79
10935,1274052,82.95,125,72.01
10936,1274190,116.22,125,72.54
10937,1274250,58.84,125,72.84
10938,1274316,-1.36,112,72.4
10939,1274526,-26.59,100,71.06
10940,1274760,0.84,118,70.97
10941,1274778,121.88,125,71.63
10942,1274940,67.26,125,72.31
10943,1275000,181.63,125,73.61
10944,1275066,99.75,125,73.67
10945,1275276,146.67,125,75.13
10946,1275456,11.92,113,75.0
10947,1275510,80.21,125,74.16
10948,1275690,145.61,125,75.65
10949,1275750,112.7,125,76.22
10950,1275816,124.42,125,77.4
10951,1276026,128.19,125,78.5
10952,1276200,21.89,124,77.94
10953,1276260,46.26,125,77.51
10954,1276440,15.51,125,76.71
10955,1276500,73.61,125,76.49
10956,1276566,182.23,125,76.44
10957,1276776,137.41,125,77.82
10958,1276950,178.88,125,79.26
10959,1277010,98.63,125,80.35
10960,1277190,209.03,125,80.85
10961,1277250,137.23,125,82.6
10962,1277316,124.56,125,82.6
10963,1277526,8.43,125,81.43
10964,1277700,124.83,125,82.48
10965,1277760,12.32,125,81.54
10966,1277790,-10.4,100,80.52
10967,1278000,101.3,125,81.04
10968,1278066,162.95,125,81.2
10969,1278276,91.08,125,80.83
10970,1278402,-3.57,102,79.86
10971,1278450,65.17,125,80.19
10972,1278510,120.86,125,79.96
10973,1278750,157.46,125,80.79
10974,1278816,15.63,125,80.94
10975,1279026,30.87,125,80.78
10976,1279038,0.91,106,80.58
10977,1279200,141.99,125,82.02
10978,1279260,102.53,125,81.98
10979,1279500,25.87,125,82.53
10980,1279566,155.1,125,83.68
10981,1279740,18.13,119,82.29
10982,1279788,200.0,125,84.07
10983,1279950,55.84,125,84.62
10984,1280010,121.85,125,85.38
10985,1280166,-0.66,111,85.16
10986,1280316,208.55,125,87.01
10987,1280490,14.38,125,87.68
10988,1280538,192.59,125,87.98
10989,1280700,164.81,125,89.96
10990,1280760,27.73,125,88.54
10991,1280916,86.05,125,88.12
10992,1281066,100.62,125,88.22
10993,1281240,160.87,125,89.45
10994,1281288,48.58,125,88.31
10995,1281300,-35.02,100,86.68
10996,1281360,-10.8,100,85.2
10997,1281516,-50.59,100,83.21
10998,1281816,72.76,125,82.98
10999,1281906,-6.07,101,81.39
11000,1281990,107.46,125,82.36
11001,1282038,46.95,125,81.34
11002,1282086,23.05,121,80.21
11003,1282218,8.64,117,80.1
11004,1282566,208.24,125,81.14
11005,1282656,33.18,125,79.65
11006,1282740,142.99,125,80.06
11007,1282788,122.22,125,79.59
11008,1282836,61.76,125,78.61
11009,1282968,23.19,125,78.14
11010,1283316,200.33,125,79.48
11011,1283394,-5.8,101,79.45
11012,1283406,162.36,125,81.16
11013,1283490,146.01,125,82.06
11014,1283586,183.09,125,83.59
11015,1283718,152.98,125,83.74
11016,1284066,145.85,125,84.38
11017,1284144,21.41,125,82.63
11018,1284156,92.98,125,83.09
11019,1284228,3.64,123,83.27
11020,1284336,65.41,125,84.49
11021,1284468,125.26,125,84.66
11022,1284816,71.62,125,84.01
11023,1284894,110.08,125,84.03
11024,1284906,107.24,125,85.45
11025,1284978,32.58,125,85.8
11026,1285086,57.19,125,84.69
11027,1285218,182.14,125,86.55
11028,1285416,-20.85,100,84.21
11029,1285644,99.41,125,85.11
11030,1285656,132.08,125,86.96
11031,1285728,135.29,125,86.96
11032,1285818,-29.47,100,84.98
11033,1285836,80.89,125,84.38
11034,1286166,135.48,125,85.14
11035,1286256,-15.74,100,84.16
11036,1286334,-7.63,101,82.92
11037,1286394,152.83,125,83.86
11038,1286436,-31.02,100,83.56
11039,1286568,172.41,125,85.55
11040,1286790,-2.39,104,85.52
11041,1287006,106.41,125,85.36
11042,1287084,81.18,125,85.5
11043,1287144,36.17,125,84.05
11044,1287186,173.05,125,84.78
11045,1287318,193.33,125,85.25
11046,1287540,170.55,125,86.83
11047,1287606,-16.57,100,85.87
11048,1287834,28.53,125,84.7
11049,1287894,162.77,125,85.2
11050,1287936,193.68,125,85.89
11051,1288068,118.52,125,85.79
11052,1288290,143.06,125,87.0
11053,1288290,-1.51,114,86.53
11054,1288584,133.44,125,87.7
11055,1288644,37.32,125,87.34
11056,1288686,67.33,125,86.19
11057,1288818,45.3,125,85.27
11058,1288974,12.92,114,83.61
11059,1289040,142.42,125,84.05
11060,1289244,-51.6,100,81.44
11061,1289334,91.18,125,80.98
11062,1289436,61.72,125,80.36
11063,1289568,21.06,125,80.48
11064,1289634,6.08,110,79.29
11065,1289790,166.45,125,80.84
11066,1289994,75.23,125,81.69
11067,1290084,24.58,125,80.92
11068,1290186,135.29,125,80.65
11069,1290192,-4.17,104,79.7
11070,1290384,234.57,125,82.08
11071,1290540,128.01,125,82.7
11072,1290684,-45.64,100,81.04
11073,1290744,19.12,125,79.66
11074,1290936,107.55,125,80.58
11075,1290942,156.97,125,81.84
11076,1291134,130.03,125,83.13
11077,1291290,19.35,125,81.9
11078,1291434,96.01,125,81.84
11079,1291494,146.06,125,83.04
11080,1291542,-46.54,100,81.02
11081,1291686,60.1,125,81.44
11082,1291734,-20.4,100,79.24
11083,1292028,32.81,123,79.01
11084,1292184,181.25,125,79.6
11085,1292244,222.1,125,81.83
11086,1292292,62.79,125,80.37
11087,1292400,8.22,119,80.31
11088,1292484,170.27,125,80.09
11089,1292778,335.78,125,81.8
11090,1292934,168.82,125,83.21
11091,1292994,152.43,125,83.87
11092,1293042,35.71,125,83.22
11093,1293150,100.65,125,82.62
11094,1293234,36.51,125,82.5
11095,1293528,228.24,125,85.13
11096,1293684,181.15,125,87.05
11097,1293744,57.56,125,88.13
11098,1293756,8.22,119,87.49
11099,1293900,73.29,125,88.28
11100,1293984,144.65,125,88.65
11101,1294278,113.29,125,89.32
11102,1294362,-5.64,101,89.03
11103,1294434,125.9,125,90.2
11104,1294494,30.61,125,88.43
11105,1294650,172.41,125,89.82
11106,1294734,122.6,125,89.61
11107,1294878,-26.8,100,88.12
11108,1295112,135.88,125,88.86
11109,1295184,167.86,125,90.31
11110,1295244,94.54,125,89.25
11111,1295394,-3.25,110,89.28
11112,1295400,50.33,125,88.16
11113,1295628,197.58,125,88.67
11114,1295862,187.67,125,88.72
11115,1295934,75.9,125,87.95
11116,1295994,182.54,125,88.32
11117,1296144,33.33,125,88.44
11118,1296150,179.31,125,89.3
11119,1296378,122.63,125,90.49
11120,1296612,111.68,125,90.95
11121,1296684,93.44,125,90.63
11122,1296744,157.04,125,91.49
11123,1296870,20.18,121,90.59
11124,1296900,203.25,125,91.55
11125,1297128,135.54,125,92.58
11126,1297344,-28.1,100,91.73
11127,1297362,150.7,125,91.41
11128,1297434,154.13,125,93.16
11129,1297620,161.36,125,93.78
11130,1297650,129.24,125,93.75
11131,1297878,103.33,125,93.43
11132,1297944,-47.88,100,93.25
11133,1298112,77.76,125,93.22
11134,1298184,82.76,125,92.69
11135,1298370,51.32,125,93.36
11136,1298400,213.38,125,95.57
11137,1298628,35.48,125,94.4
11138,1298694,149.18,125,96.2
11139,1298784,-32.64,100,94.15
11140,1298862,82.41,125,95.0
11141,1299120,128.67,125,95.22
11142,1299150,170.36,125,96.11
11143,1299294,-41.31,100,95.34
11144,1299306,-1.71,113,93.59
11145,1299534,177.11,125,93.43
11146,1299612,135.67,125,93.08
11147,1299870,143.64,125,94.68
11148,1299900,53.31,125,94.93
11149,1300044,117.99,125,94.48
11150,1300056,162.8,125,94.17
11151,1300218,6.12,114,93.05
11152,1300362,216.98,125,93.79
11153,1300620,84.0,125,94.64
11154,1300650,34.68,125,93.65
11155,1300794,48.2,125,93.76
11156,1300806,67.58,125,93.76
11157,1300926,1.85,118,93.33
11158,1301112,55.29,125,93.75
11159,1301220,-53.15,100,91.8
11160,1301400,123.88,125,93.55
11161,1301544,154.68,125,94.19
11162,1301556,82.43,125,94.39
11163,1301676,97.76,125,95.16
11164,1301730,-5.21,103,95.05
11165,1301970,31.47,125,93.7
11166,1302126,24.97,121,93.2
11167,1302216,2.87,112,92.98
11168,1302306,261.94,125,94.25
11169,1302426,96.43,125,95.25
11170,1302480,126.11,125,94.17
11171,1302720,57.93,125,93.47
11172,1302876,30.56,125,94.23
11173,1302966,103.95,125,95.08
11174,1303056,84.5,125,94.85
11175,1303176,107.24,125,94.35
11176,1303188,10.38,118,93.15
11177,1303392,8.66,112,93.05
11178,1303482,-6.04,101,92.03
11179,1303716,120.74,125,91.77
11180,1303728,2.99,112,92.27
11181,1303926,112.12,125,92.79
11182,1303938,228.06,125,95.27
11183,1304124,11.64,122,95.06
11184,1304232,183.69,125,95.08
11185,1304316,-19.49,100,92.67
11186,1304478,26.35,125,92.3
11187,1304676,29.03,125,92.51
11188,1304688,97.99,125,91.79
11189,1304874,54.1,125,88.97
11190,1304982,187.2,125,89.16
11191,1305066,83.28,125,88.47
11192,1305228,134.48,125,89.45
11193,1305426,156.49,125,90.01
11194,1305438,114.36,125,90.79
11195,1305582,-32.05,100,88.19
11196,1305624,35.38,125,86.73
11197,1305816,170.0,125,87.85
11198,1305978,117.23,125,88.94
11199,1306176,26.81,125,88.48
11200,1306188,24.14,125,87.27
11201,1306332,74.92,125,86.89
11202,1306374,128.68,125,88.23
11203,1306566,183.09,125,88.81
11204,1306728,98.72,125,89.49
11205,1306776,-37.22,100,87.39
11206,1306806,-3.68,103,86.13
11207,1306932,-24.55,100,86.15
11208,1306974,-60.97,100,84.18
11209,1307316,157.14,125,84.07
11210,1307364,-1.18,106,83.12
11211,1307406,-53.17,100,82.62
11212,1307526,137.34,125,83.49
11213,1307682,172.43,125,83.24
11214,1307724,65.47,125,82.01
11215,1307916,-43.21,100,80.82
11216,1308006,-39.54,100,78.6
11217,1308114,190.54,125,80.17
11218,1308276,33.12,125,78.71
11219,1308282,-25.35,100,77.23
11220,1308474,18.47,125,76.3
11221,1308666,140.92,125,76.78
11222,1308756,49.41,125,75.7
11223,1308864,17.69,125,75.67
11224,1308972,6.54,116,73.71
11225,1309032,88.0,125,73.23
11226,1309074,-50.69,100,73.01
11227,1309266,-29.87,100,71.2
11228,1309506,165.43,125,71.31
11229,1309614,40.41,125,70.1
11230,1309722,151.68,125,70.33
11231,1309782,13.6,125,69.43
11232,1309824,95.83,125,70.87
11233,1310016,109.91,125,71.19
11234,1310256,92.88,125,71.29
11235,1310364,100.0,125,71.78
11236,1310460,29.26,123,69.94
11237,1310532,108.07,125,70.66
11238,1310574,212.25,125,71.29
11239,1310766,74.07,125,72.36
11240,1311006,101.49,125,72.55
11241,1311114,194.57,125,73.21
11242,1311210,148.37,125,72.99
11243,1311282,128.57,125,74.69
11244,1311324,105.32,125,75.76
11245,1311516,124.14,125,75.23
11246,1311756,124.49,125,75.12
11247,1311864,203.45,125,75.72
11248,1311888,-9.14,101,75.09
11249,1311960,142.96,125,75.34
11250,1312044,10.3,120,73.82
11251,1312266,167.86,125,75.43
11252,1312494,-6.48,101,73.2
11253,1312506,157.14,125,73.93
11254,1312614,241.18,125,76.0
11255,1312710,150.0,125,77.01
11256,1312794,33.96,125,76.68
11257,1313016,66.05,125,77.32
11258,1313244,146.91,125,78.24
11259,1313256,31.31,125,79.08
11260,1313364,147.39,125,79.31
11261,1313442,7.51,122,77.84
11262,1313544,130.48,125,78.32
11263,1313766,79.05,125,78.14
11264,1313844,-48.75,100,77.7
11265,1313874,-2.67,103,77.36
11266,1314048,-9.37,101,77.02
11267,1314114,217.16,125,79.16
11268,1314294,77.25,125,77.31
11269,1314366,-26.62,100,76.08
11270,1314594,47.37,125,75.29
11271,1314624,175.0,125,76.47
11272,1314684,-3.96,106,76.12
11273,1314864,55.81,125,75.64
11274,1315044,164.29,125,76.44
11275,1315116,118.12,125,76.55
11276,1315314,4.03,115,76.48
11277,1315344,136.49,125,77.76
11278,1315434,144.02,125,79.26
11279,1315470,-6.09,101,77.99
11280,1315788,5.53,124,78.02
11281,1315866,100.0,125,77.9
11282,1315920,-6.3,101,75.55
11283,1316070,-48.42,100,74.95
11284,1316094,192.42,125,75.04
11285,1316184,98.74,125,76.22
11286,1316538,-4.73,103,75.91
11287,1316538,70.0,125,76.32
11288,1316616,52.82,125,75.87
11289,1316670,-25.45,100,75.07
11290,1316844,150.0,125,74.7
11291,1316934,235.94,125,76.23
11292,1317270,-13.57,100,74.75
11293,1317288,64.13,125,73.82
11294,1317288,133.9,125,74.02
11295,1317336,17.33,120,74.51
11296,1317594,152.53,125,75.68
11297,1317684,150.0,125,75.48
11298,1317936,-31.67,100,74.0
11299,1317966,10.58,113,73.83
11300,1317978,4.03,118,73.63
11301,1318038,94.76,125,73.83
11302,1318284,15.69,115,72.7
11303,1318326,-1.96,107,70.85
11304,1318578,-14.31,100,69.72
11305,1318686,35.38,125,70.45
11306,1318716,125.19,125,71.73
11307,1318788,184.7,125,73.83
11308,1319034,11.52,125,74.55
11309,1319076,57.0,125,73.55
11310,1319328,104.27,125,74.6
11311,1319436,159.26,125,76.73
11312,1319466,159.65,125,76.95
11313,1319538,113.41,125,76.36
11314,1319784,107.75,125,76.78
11315,1319826,14.07,125,77.36
11316,1320078,68.87,125,78.44
11317,1320156,-2.92,103,76.51
11318,1320186,48.29,125,76.66
11319,1320216,162.63,125,78.54
11320,1320480,1.28,116,78.37
11321,1320576,13.79,125,77.1
11322,1320828,21.53,125,76.82
11323,1320900,24.91,124,76.89
11324,1320936,75.23,125,77.58
11325,1320966,93.55,125,77.63
11326,1321170,14.23,115,78.28
11327,1321326,178.23,125,80.36
11328,1321578,14.19,125,78.85
11329,1321608,-4.78,107,78.4
11330,1321620,27.46,120,77.15
11331,1321686,116.39,125,78.18
11332,1321920,159.26,125,78.82
11333,1322076,96.08,125,78.68
11334,1322268,-3.57,110,77.71
11335,1322328,98.65,125,77.7
11336,1322370,90.79,125,78.32
11337,1322436,170.68,125,78.94
11338,1322670,33.71,125,77.16
11339,1322826,174.31,125,78.16
11340,1322904,-3.89,106,77.11
11341,1323078,82.66,125,75.99
11342,1323120,88.5,125,75.39
11343,1323186,24.53,125,74.35
11344,1323420,63.01,125,73.92
11345,1323576,143.42,125,74.12
11346,1323582,2.19,113,72.89
11347,1323828,120.22,125,72.06
11348,1323870,126.97,125,73.42
11349,1323936,200.81,125,74.0
11350,1324170,144.07,125,75.34
11351,1324296,16.48,119,73.82
11352,1324326,139.29,125,75.28
11353,1324578,11.86,125,73.83
11354,1324620,33.6,125,71.75
11355,1324686,104.4,125,71.3
11356,1324920,188.39,125,72.84
11357,1325046,150.0,125,73.68
11358,1325076,172.73,125,73.94
11359,1325184,-8.6,101,73.54
11360,1325220,-30.88,100,71.76
11361,1325436,90.0,125,72.58
11362,1325598,-2.37,113,71.25
11363,1325712,0.9,111,70.47
11364,1325784,-40.4,100,70.56
11365,1325826,16.35,125,70.75
11366,1325970,92.31,125,71.76
11367,1326186,9.27,125,69.68
11368,1326348,107.48,125,69.99
11369,1326384,-10.8,100,70.15
11370,1326462,163.89,125,71.31
11371,1326570,-18.96,100,69.37
11372,1326576,113.24,125,70.54
11373,1326900,6.11,119,70.05
11374,1327020,-1.88,106,68.38
11375,1327098,136.42,125,68.57
11376,1327176,-5.14,101,68.48
11377,1327212,218.9,125,69.3
11378,1327326,110.69,125,68.97
11379,1327650,114.29,125,70.17
11380,1327770,56.55,125,70.68
11381,1327848,166.42,125,71.34
11382,1327926,124.42,125,72.65
11383,1327938,13.54,121,73.27
11384,1328076,180.94,125,73.16
11385,1328304,-2.24,109,72.15
11386,1328520,146.06,125,73.65
11387,1328598,91.69,125,73.87
11388,1328676,122.22,125,74.57
11389,1328688,158.06,125,76.4
11390,1328826,89.02,125,75.79
11391,1328904,-30.7,100,73.12
11392,1329120,-15.98,100,73.1
11393,1329348,156.94,125,74.03
11394,1329390,3.48,119,72.72
11395,1329438,98.44,125,73.54
11396,1329576,46.88,125,72.48
11397,1329654,16.54,125,71.14
11398,1329852,5.14,122,71.51
11399,1329948,-37.65,100,71.03
11400,1330140,141.88,125,72.41
11401,1330188,57.05,125,72.03
11402,1330326,256.85,125,74.44
11403,1330404,126.62,125,75.73
11404,1330602,30.14,125,76.17
11405,1330698,201.65,125,77.84
11406,1330890,136.59,125,77.95
11407,1330938,161.9,125,77.72
11408,1331076,127.27,125,78.88
11409,1331154,153.42,125,79.84
11410,1331352,165.15,125,80.45
11411,1331448,43.81,125,79.3
11412,1331640,70.65,125,78.41
11413,1331688,124.81,125,78.52
11414,1331826,50.0,125,77.94
11415,1331904,165.37,125,79.46
11416,1332102,195.28,125,80.72
11417,1332198,135.29,125,82.1
11418,1332300,1.04,110,81.63
11419,1332438,121.84,125,81.22
11420,1332576,131.83,125,82.53
11421,1332654,181.14,125,84.2
11422,1332852,38.18,125,84.37
11423,1332948,194.12,125,86.06
11424,1333050,102.8,125,86.34
11425,1333188,118.62,125,86.59
11426,1333302,-3.61,108,86.41
11427,1333326,29.15,125,84.92
11428,1333602,168.55,125,86.46
11429,1333698,62.25,125,87.13
11430,1333800,150.0,125,88.36
11431,1333818,-2.15,105,87.17
11432,1334052,109.46,125,86.67
11433,1334076,86.54,125,86.58
11434,1334352,78.95,125,87.4
11435,1334448,40.06,125,86.82
11436,1334550,196.3,125,87.87
11437,1334568,135.92,125,87.53
11438,1334802,115.83,125,88.35
11439,1334826,173.05,125,88.33
11440,1334952,-18.46,100,88.19
11441,1335168,-49.52,100,86.87
11442,1335198,49.5,125,86.48
11443,1335300,78.57,125,87.02
11444,1335552,160.42,125,87.99
11445,1335576,204.0,125,88.6
11446,1335702,92.31,125,89.5
11447,1335918,73.22,125,89.03
11448,1335948,186.76,125,89.63
11449,1336050,58.05,125,88.2
11450,1336152,-11.27,100,86.65
11451,1336326,71.62,125,87.2
11452,1336332,-4.69,105,85.76
11453,1336668,178.2,125,87.42
11454,1336698,81.53,125,87.9
11455,1336788,-1.78,106,86.84
11456,1336800,102.21,125,85.98
11457,1336926,-24.64,100,84.23
11458,1336932,-29.82,100,82.2
11459,1337418,207.98,125,84.37
11460,1337448,128.68,125,85.97
11461,1337502,6.4,117,85.13
11462,1337538,235.88,125,87.51
11463,1337592,4.83,111,87.55
11464,1337682,131.51,125,89.27
11465,1338168,155.32,125,90.66
11466,1338198,45.27,125,90.19
11467,1338252,188.89,125,91.99
11468,1338288,113.56,125,92.05
11469,1338342,51.62,125,92.67
11470,1338432,90.94,125,91.94
11471,1338852,-25.39,100,91.88
11472,1338918,123.3,125,91.98
11473,1338948,188.07,125,93.8
11474,1339038,187.2,125,95.69
11475,1339092,148.39,125,95.81
11476,1339182,18.4,125,96.04
11477,1339488,-2.07,106,93.83
11478,1339668,125.0,125,93.98
11479,1339698,35.23,125,93.19
11480,1339788,42.86,125,93.05
11481,1339842,145.67,125,92.84
11482,1339932,33.55,125,91.93
11483,1340238,128.01,125,93.08
11484,1340418,200.0,125,93.27
11485,1340448,140.46,125,94.7
11486,1340532,-39.75,100,92.84
11487,1340538,182.39,125,93.74
11488,1340592,133.58,125,93.86
11489,1340988,44.44,125,92.72
11490,1341138,-36.69,100,91.46
11491,1341168,172.43,125,93.5
11492,1341192,-23.89,100,93.42
11493,1341198,117.99,125,93.03
11494,1341282,141.76,125,94.41
11495,1341738,135.69,125,94.78
11496,1341768,-28.33,100,94.03
11497,1341852,8.39,110,93.95
11498,1341888,91.88,125,94.82
11499,1341900,5.38,117,95.25
11500,1341942,0.24,110,93.83
11501,1342458,16.33,120,93.42
11502,1342500,-31.22,100,90.54
11503,1342518,182.61,125,91.1
11504,1342602,92.69,125,91.73
11505,1342638,155.24,125,91.26
11506,1342692,153.47,125,91.43
11507,1343208,79.42,125,90.61
11508,1343208,7.7,115,89.41
11509,1343250,164.81,125,89.53
11510,1343334,-0.91,107,87.86
11511,1343352,150.0,125,88.93
11512,1343388,85.71,125,89.08
11513,1343958,146.75,125,89.3
11514,1343958,169.37,125,90.49
11515,1344000,169.9,125,90.54
11516,1344084,178.57,125,90.37
11517,1344102,61.5,125,89.63
11518,1344138,9.93,125,89.72
11519,1344594,-3.53,106,88.47
11520,1344708,142.11,125,88.57
11521,1344750,193.68,125,88.69
11522,1344816,9.95,113,88.41
11523,1344834,104.22,125,87.51
11524,1344852,85.57,125,87.34
11525,1345344,170.07,125,87.86
11526,1345458,110.19,125,88.99
11527,1345500,179.35,125,90.5
11528,1345566,160.73,125,90.42
11529,1345584,41.87,125,90.21
11530,1345602,39.61,125,89.11
11531,1346094,216.36,125,91.29
11532,1346208,43.32,125,90.63
11533,1346226,8.15,121,89.85
11534,1346316,158.06,125,90.64
11535,1346334,145.06,125,91.69
11536,1346352,109.73,125,90.82
11537,1346844,107.95,125,90.54
11538,1346850,-1.14,107,89.38
11539,1346976,164.49,125,89.29
11540,1347066,152.4,125,91.0
11541,1347084,123.24,125,92.73
11542,1347102,127.27,125,93.5
11543,1347594,130.0,125,94.02
11544,1347600,64.95,125,93.06
11545,1347726,138.85,125,92.41
11546,1347816,84.82,125,92.34
11547,1347834,94.35,125,92.55
11548,1347852,40.15,125,91.08
11549,1348344,213.73,125,92.64
11550,1348350,89.37,125,93.64
11551,1348452,-52.75,100,92.4
11552,1348476,15.15,125,92.6
11553,1348566,18.24,125,91.0
11554,1348584,57.09,125,90.76
11555,1349094,98.11,125,91.75
11556,1349100,93.66,125,91.67
11557,1349202,153.47,125,93.45
11558,1349226,55.3,125,94.3
11559,1349316,117.08,125,93.39
11560,1349334,141.61,125,93.52
11561,1349760,1.55,110,93.47
11562,1349844,120.82,125,92.32
11563,1349934,-42.83,100,91.85
11564,1349952,169.78,125,92.23
11565,1349976,125.4,125,91.93
11566,1350066,145.06,125,92.93
11567,1350510,131.79,125,92.36
11568,1350594,215.79,125,93.38
11569,1350612,4.86,110,92.91
11570,1350684,139.34,125,93.4
11571,1350726,119.59,125,94.85
11572,1350816,141.01,125,95.02
11573,1351194,-10.23,100,93.04
11574,1351260,57.9,125,91.75
11575,1351344,17.85,122,90.44
11576,1351434,77.4,125,91.03
11577,1351476,28.44,125,91.34
11578,1351566,141.5,125,91.5
11579,1351794,-38.0,100,90.77
11580,1352010,168.14,125,92.02
11581,1352094,131.01,125,91.87
11582,1352184,123.0,125,92.77
11583,1352226,176.6,125,93.26
11584,1352316,149.19,125,92.75
11585,1352544,58.42,125,91.93
11586,1352652,-4.61,107,92.28
11587,1352814,15.11,120,90.61
11588,1352934,29.63,125,89.57
11589,1352976,84.67,125,89.97
11590,1353066,27.74,125,90.61
11591,1353294,27.15,125,89.16
11592,1353402,138.56,125,90.78
11593,1353564,106.29,125,90.67
11594,1353684,82.1,125,90.07
11595,1353726,50.68,125,89.22
11596,1353816,85.97,125,90.36
11597,1353894,-39.6,100,89.88
11598,1354008,-9.63,101,88.87
11599,1354314,129.24,125,90.11
11600,1354434,79.64,125,90.9
11601,1354476,43.7,125,91.17
11602,1354566,187.23,125,93.36
11603,1354644,112.7,125,92.66
11604,1354758,175.74,125,93.49
11605,1355034,-17.35,100,91.76
11606,1355064,170.07,125,91.93
11607,1355226,155.03,125,92.69
11608,1355316,56.15,125,93.17
11609,1355394,123.83,125,92.76
11610,1355406,-1.15,108,92.76
11611,1355784,139.86,125,92.66
11612,1355814,161.32,125,93.41
11613,1355976,131.94,125,93.27
11614,1356066,97.13,125,92.54
11615,1356144,48.41,125,91.33
11616,1356156,166.89,125,91.21
11617,1356534,122.22,125,91.82
11618,1356564,119.51,125,92.91
11619,1356726,159.74,125,94.55
11620,1356750,-7.91,101,93.05
11621,1356816,88.19,125,91.99
11622,1356906,139.34,125,93.29
11623,1357284,84.82,125,93.09
11624,1357314,119.81,125,93.43
11625,1357416,-37.85,100,91.36
11626,1357470,10.9,120,90.36
11627,1357476,117.26,125,89.74
11628,1357656,177.96,125,89.91
11629,1357992,1.23,113,89.51
11630,1358034,147.15,125,90.58
11631,1358166,49.5,125,88.91
11632,1358220,181.69,125,90.3
11633,1358226,135.29,125,91.57
11634,1358406,135.48,125,91.34
11635,1358742,25.89,125,90.15
11636,1358784,130.77,125,90.36
11637,1358826,-34.69,100,88.94
11638,1358916,173.72,125,90.68
11639,1358970,18.9,125,89.23
11640,1359156,102.72,125,88.73
11641,1359384,-15.71,100,87.34
11642,1359426,-33.3,100,85.74
11643,1359492,153.38,125,85.97
11644,1359666,180.16,125,87.12
11645,1359720,68.38,125,86.42
11646,1359816,2.91,110,85.6
11647,1360056,2.99,112,84.68
11648,1360176,17.96,125,84.46
11649,1360242,185.71,125,84.18
11650,1360416,144.76,125,84.74
11651,1360470,112.54,125,86.39
11652,1360566,109.02,125,87.33
11653,1360806,177.58,125,88.92
11654,1360926,79.58,125,89.15
11655,1360992,135.11,125,89.52
11656,1361166,164.29,125,90.22
11657,1361220,116.72,125,89.86
11658,1361316,124.76,125,90.55
11659,1361526,-15.01,100,89.23
11660,1361556,160.59,125,89.42
11661,1361742,118.95,125,90.59
11662,1361862,2.54,107,89.41
11663,1361916,75.57,125,90.59
11664,1361946,-2.88,105,88.87
11665,1362156,-49.21,100,87.12
11666,1362276,88.36,125,86.55
11667,1362492,84.52,125,86.08
11668,1362612,144.15,125,85.37
11669,1362642,47.83,121,85.79
11670,1362696,97.18,125,85.37
11671,1362906,62.42,125,84.8
11672,1363026,20.7,125,83.6
11673,1363242,158.99,125,85.29
11674,1363296,-20.1,100,84.51
11675,1363362,75.72,125,85.09
11676,1363392,47.77,125,84.79
11677,1363656,129.89,125,85.81
11678,1363776,156.51,125,85.96
11679,1363992,100.63,125,87.34
11680,1364022,-0.5,110,85.66
11681,1364046,129.85,125,85.65
11682,1364142,118.12,125,85.6
11683,1364406,54.73,125,84.38
11684,1364526,140.13,125,84.29
11685,1364742,188.19,125,85.59
11686,1364772,202.72,125,87.66
11687,1364796,157.23,125,89.08
11688,1364892,194.34,125,90.73
11689,1365066,-2.71,110,89.85
11690,1365276,138.67,125,90.96
11691,1365492,138.27,125,92.07
11692,1365522,88.76,125,91.58
11693,1365546,54.68,125,91.06
11694,1365642,153.47,125,91.77
11695,1365816,145.55,125,92.72
11696,1366026,220.0,125,94.06
11697,1366158,0.31,106,94.46
11698,1366242,70.21,125,95.26
11699,1366296,49.64,125,94.46
11700,1366392,165.87,125,95.33
11701,1366566,68.58,125,95.57
11702,1366776,92.93,125,94.63
11703,1366908,117.7,125,94.68
11704,1366992,95.58,125,93.88
11705,1366992,11.96,116,94.17
11706,1367142,172.73,125,94.2
11707,1367214,-2.94,108,92.62
11708,1367526,165.02,125,93.71
11709,1367658,109.68,125,93.57
11710,1367742,175.09,125,95.33
11711,1367742,162.8,125,95.56
11712,1367892,77.84,125,94.72
11713,1367964,120.45,125,94.61
11714,1368186,-4.2,110,93.6
11715,1368408,166.67,125,94.78
11716,1368426,15.32,114,93.26
11717,1368492,55.57,125,92.6
11718,1368642,136.92,125,92.77
11719,1368714,114.72,125,92.32
11720,1368936,144.68,125,93.85
11721,1369158,42.56,125,93.39
11722,1369176,137.29,125,93.37
11723,1369242,138.75,125,93.91
11724,1369392,27.09,125,92.98
11725,1369464,130.52,125,94.67
11726,1369536,-16.05,100,94.4
11727,1369908,60.99,125,93.83
11728,1369926,240.58,125,94.46
11729,1369992,103.39,125,95.48
11730,1370142,173.97,125,95.75
11731,1370178,11.67,119,95.37
11732,1370286,150.0,125,95.05
11733,1370652,3.19,110,93.73
11734,1370658,84.93,125,93.23
11735,1370676,38.41,125,93.35
11736,1370892,109.3,125,93.14
11737,1370928,130.51,125,94.79
11738,1371036,125.59,125,94.31
11739,1371354,22.19,117,94.34
11740,1371408,159.14,125,94.91
11741,1371426,220.75,125,97.27
11742,1371492,-12.87,100,97.47
11743,1371678,96.3,125,96.9
11744,1371750,11.94,119,95.22
11745,1371954,-48.49,100,94.05
11746,1372158,185.71,125,95.88
11747,1372176,73.61,125,96.59
11748,1372242,138.1,125,97.79
11749,1372428,33.13,125,96.26
11750,1372500,135.49,125,96.17
11751,1372554,-46.87,100,94.58
11752,1372908,134.32,125,94.83
11753,1372926,138.6,125,94.44
11754,1372938,9.02,116,93.73
11755,1373178,154.39,125,93.93
11756,1373250,134.18,125,93.63
11757,1373304,94.44,125,93.4
11758,1373508,-44.6,100,91.71
11759,1373676,123.73,125,93.1
11760,1373688,167.4,125,93.16
11761,1373856,4.89,113,92.02
11762,1373994,7.28,115,92.07
11763,1374000,112.33,125,92.44
11764,1374258,155.38,125,94.02
11765,1374426,49.84,125,95.01
11766,1374438,137.04,125,95.5
11767,1374594,-16.89,100,94.48
11768,1374606,140.14,125,94.44
11769,1374750,108.2,125,95.05
11770,1375008,103.33,125,95.11
11771,1375176,117.08,125,95.66
11772,1375188,186.79,125,97.32
11773,1375302,23.46,118,95.96
11774,1375356,172.06,125,97.88
11775,1375500,94.81,125,98.07
11776,1375758,144.44,125,99.04
11777,1375902,-21.77,100,97.52
11778,1375926,129.45,125,97.25
11779,1375938,120.69,125,97.45
11780,1376106,104.27,125,98.5
11781,1376250,158.3,125,98.79
11782,1376508,166.67,125,99.27
11783,1376652,166.9,125,100.39
11784,1376676,49.75,125,99.49
11785,1376688,173.06,125,99.34
11786,1376856,144.68,125,98.76
11787,1377000,156.14,125,98.75
11788,1377108,-47.02,100,96.33
11789,1377402,125.81,125,97.62
11790,1377426,84.0,125,97.07
11791,1377438,122.22,125,96.91
11792,1377606,85.65,125,96.88
11793,1377750,140.42,125,97.74
11794,1377858,163.89,125,97.84
11795,1378002,-20.82,100,96.18
11796,1378176,140.0,125,95.38
11797,1378188,33.59,125,95.71
11798,1378206,-66.19,100,94.35
11799,1378392,7.83,107,93.93
11800,1378608,182.05,125,94.09
11801,1378752,32.2,125,93.73
11802,1378794,-8.64,101,92.71
11803,1378926,115.81,125,92.69
11804,1378956,94.14,125,92.68
11805,1379142,201.04,125,94.57
11806,1379358,57.72,125,93.42
11807,1379502,81.82,125,94.27
11808,1379544,123.64,125,93.85
11809,1379556,-23.22,100,92.52
11810,1379676,122.59,125,92.0
11811,1379892,53.31,125,90.9
11812,1380108,185.71,125,91.98
11813,1380162,0.22,110,90.78
11814,1380162,-5.64,101,90.77
11815,1380234,25.19,115,89.35
11816,1380426,45.57,125,89.65
11817,1380642,48.93,125,89.59
11818,1380858,70.48,125,88.92
11819,1380900,30.75,123,88.08
11820,1380912,196.3,125,88.6
11821,1380984,154.42,125,89.72
11822,1381176,187.16,125,90.22
11823,1381350,9.37,118,88.92
11824,1381608,81.23,125,89.46
11825,1381650,88.89,125,89.05
11826,1381662,178.01,125,90.99
11827,1381734,159.52,125,91.97
11828,1381914,12.8,123,89.7
11829,1382100,137.79,125,90.04
11830,1382208,-51.93,100,87.78
11831,1382256,-9.37,101,87.57
11832,1382412,195.72,125,88.03
11833,1382484,179.72,125,89.79
11834,1382664,163.89,125,90.58
11835,1382850,150.88,125,91.71
11836,1382958,115.15,125,91.77
11837,1383006,134.96,125,91.81
11838,1383084,-30.88,100,90.25
11839,1383162,166.21,125,91.69
11840,1383264,-20.77,100,89.89
11841,1383600,84.9,125,88.53
11842,1383708,235.91,125,91.02
11843,1383756,191.19,125,91.97
11844,1383768,-4.49,101,91.8
11845,1383834,129.17,125,93.58
11846,1384014,164.29,125,93.36
11847,1384350,132.14,125,93.95
11848,1384458,114.08,125,93.71
11849,1384506,203.45,125,95.41
11850,1384518,178.63,125,95.84
11851,1384584,125.56,125,97.57
11852,1384764,71.21,125,96.94
11853,1384950,-23.18,100,95.32
11854,1385208,158.99,125,96.82
11855,1385256,165.31,125,96.93
11856,1385268,167.4,125,97.26
11857,1385334,95.12,125,97.27
11858,1385514,71.83,125,98.43
11859,1385700,210.08,125,99.29
11860,1385808,-37.53,100,97.24
11861,1385856,-55.18,100,96.64
11862,1385952,-2.26,103,96.55
11863,1386018,192.68,125,97.35
11864,1386234,8.28,120,95.88
11865,1386300,-36.81,100,95.01
11866,1386558,159.4,125,95.24
11867,1386606,163.54,125,97.04
11868,1386618,-54.92,100,95.09
11869,1386696,15.3,124,94.16
11870,1386984,26.0,125,93.39
11871,1387050,141.13,125,93.63
11872,1387218,-55.61,100,91.21
11873,1387296,-34.17,100,90.63
11874,1387308,10.47,125,89.01
11875,1387356,178.91,125,89.86
11876,1387632,3.7,108,88.45
11877,1387800,201.89,125,90.68
11878,1387818,-43.86,100,88.95
11879,1387956,-39.88,100,87.35
11880,1388028,17.14,120,86.47
11881,1388046,187.77,125,86.77
11882,1388382,20.69,125,85.31
11883,1388550,47.44,125,84.11
11884,1388568,25.0,125,83.87
11885,1388706,155.17,125,83.69
11886,1388778,175.86,125,84.0
11887,1388796,151.68,125,83.96
11888,1388982,-57.7,100,83.85
11889,1389300,129.45,125,83.88
11890,1389318,83.1,125,83.88
11891,1389456,153.42,125,84.19
11892,1389480,11.19,114,83.44
11893,1389528,265.15,125,84.69
11894,1389666,10.11,114,83.15
11895,1389918,-52.48,100,82.84
11896,1390050,96.88,125,82.4
11897,1390134,6.98,113,82.14
11898,1390230,132.79,125,84.13
11899,1390278,179.25,125,85.84
11900,1390416,176.75,125,85.79
11901,1390650,-39.46,100,85.07
11902,1390668,104.62,125,86.21
11903,1390884,221.17,125,87.26
11904,1390890,-3.82,102,86.28
11905,1390980,161.36,125,85.88
11906,1391166,124.56,125,86.55
11907,1391400,40.15,125,86.13
11908,1391418,123.0,125,86.13
11909,1391580,-59.21,100,85.77
11910,1391634,31.27,125,84.86
11911,1391640,10.52,125,84.43
11912,1391916,131.79,125,83.89
11913,1392150,130.5,125,85.19
11914,1392168,96.77,125,86.21
11915,1392330,66.13,125,86.62
11916,1392384,23.24,125,86.4
11917,1392390,145.51,125,87.37
11918,1392666,154.83,125,88.21
11919,1392750,-31.37,100,87.59
11920,1392888,-2.09,120,85.61
11921,1392984,-41.27,100,83.65
11922,1393038,13.44,118,81.91
11923,1393140,100.0,125,82.82
11924,1393416,105.48,125,83.06
11925,1393500,59.48,125,82.77
11926,1393548,7.71,110,81.06
11927,1393584,-52.66,100,78.94
11928,1393788,180.44,125,80.62
11929,1393890,74.38,125,79.98
11930,1394166,108.46,125,81.59
11931,1394250,44.37,125,82.12
11932,1394298,189.68,125,82.06
11933,1394334,236.03,125,82.63
11934,1394526,-2.29,106,80.97
11935,1394538,117.95,125,80.64
11936,1394916,19.72,125,79.68
11937,1395000,120.0,125,79.53
11938,1395048,44.66,125,80.29
11939,1395084,32.26,125,78.95
11940,1395126,-62.57,100,78.53
11941,1395288,96.91,125,78.65
11942,1395666,133.9,125,77.63
11943,1395750,66.09,125,76.38
11944,1395798,167.48,125,78.1
11945,1395834,125.09,125,78.06
11946,1395876,146.91,125,77.88
11947,1396038,116.22,125,77.73
11948,1396416,176.22,125,78.35
11949,1396464,11.82,119,76.43
11950,1396548,112.93,125,75.77
11951,1396584,48.15,125,75.0
11952,1396626,134.73,125,75.63
11953,1396788,112.96,125,77.0
11954,1397136,26.92,120,75.68
11955,1397196,3.06,108,74.05
11956,1397214,46.26,125,72.84
11957,1397334,58.78,125,72.48
11958,1397376,123.27,125,72.99
11959,1397388,-36.6,100,70.53
11960,1397886,58.73,125,71.49
11961,1397946,32.26,125,72.36
11962,1397964,154.13,125,73.93
11963,1398018,-1.93,105,71.98
11964,1398030,6.55,109,71.96
11965,1398084,115.23,125,73.48
11966,1398564,-64.5,100,71.24
11967,1398636,46.58,125,70.07
11968,1398696,139.73,125,72.02
11969,1398750,9.68,111,71.97
11970,1398768,91.56,125,72.62
11971,1398780,55.93,125,71.77
11972,1399164,-35.13,100,71.97
11973,1399308,-1.94,112,72.3
11974,1399446,130.0,125,73.49
11975,1399500,46.67,125,72.17
11976,1399518,134.66,125,73.48
11977,1399530,55.23,125,72.01
11978,1399908,-27.57,100,72.17
11979,1399914,17.02,125,72.74
11980,1400058,-4.68,102,72.53
11981,1400148,-4.17,103,70.61
11982,1400250,117.39,125,71.57
11983,1400268,177.03,125,72.87
11984,1400562,2.21,108,72.64
11985,1400658,169.62,125,72.79
11986,1400808,165.31,125,72.68
11987,1400898,78.1,125,71.94
11988,1401000,118.75,125,73.71
11989,1401018,32.89,125,72.74
11990,1401312,40.35,125,72.32
11991,1401408,36.69,125,71.15
11992,1401558,201.47,125,73.05
11993,1401624,-8.28,101,70.32
11994,1401648,100.0,125,71.22
11995,1401738,28.65,123,72.03
11996,1402056,3.1,108,71.09
11997,1402062,109.3,125,72.11
11998,1402224,-35.63,100,70.43
11999,1402308,96.23,125,69.6
12000,1402374,38.15,121,68.21
12001,1402488,38.53,125,68.99
12002,1402662,-52.79,100,67.42
12003,1402806,143.24,125,66.64
12004,1402908,-49.18,100,66.19
12005,1402974,149.13,125,66.06
12006,1402974,-22.31,100,64.59
12007,1403238,80.56,125,65.0
12008,1403412,106.52,125,64.83
12009,1403526,-2.85,103,65.4
12010,1403556,87.74,125,65.96
12011,1403700,8.46,121,65.94
12012,1403724,128.01,125,65.9
12013,1403988,26.62,125,64.86
12014,1404096,-0.01,114,63.9
12015,1404156,-51.25,100,62.72
12016,1404234,13.61,118,62.63
12017,1404330,-2.64,105,61.15
12018,1404474,97.84,125,60.58
12019,1404738,200.0,125,62.89
12020,1404750,0.64,109,62.92
12021,1404756,-26.84,100,63.06
12022,1404984,21.57,125,63.14
12023,1405080,122.22,125,63.36
12024,1405224,31.76,125,62.63
12025,1405356,-51.53,100,61.52
12026,1405488,68.35,125,62.12
12027,1405500,109.52,125,63.74
12028,1405734,199.6,125,63.94
12029,1405830,43.75,125,63.63
12030,1405860,-2.56,106,62.52
12031,1405956,-20.35,100,61.87
12032,1406100,-38.22,100,59.59
12033,1406238,30.16,125,57.54
12034,1406454,12.55,120,57.68
12035,1406580,41.84,125,56.92
12036,1406610,56.03,125,57.29
12037,1406706,93.77,125,57.02
12038,1406850,97.08,125,57.55
12039,1406988,63.72,125,57.86
12040,1407120,11.85,111,58.61
12041,1407216,-8.9,101,57.55
12042,1407330,40.58,125,56.61
12043,1407456,134.2,125,57.3
12044,1407516,-1.36,111,55.61
12045,1407738,114.29,125,55.5
12046,1407858,11.53,123,54.15
12047,1407966,16.2,125,53.15
12048,1408080,66.67,125,52.05
12049,1408164,-4.29,108,51.89
12050,1408206,121.34,125,51.97
12051,1408458,-14.62,100,51.35
12052,1408488,67.24,125,50.67
12053,1408716,137.59,125,50.92
12054,1408830,144.97,125,52.1
12055,1408908,9.75,124,52.16
12056,1408956,111.92,125,52.82
12057,1409208,34.06,125,52.57
12058,1409238,128.87,125,52.63
12059,1409436,38.28,120,53.38
12060,1409580,65.05,125,53.44
12061,1409652,17.21,116,53.29
12062,1409658,22.58,125,51.98
12063,1409958,153.47,125,53.53
12064,1409988,142.65,125,54.89
12065,1410186,16.04,125,53.9
12066,1410330,127.72,125,55.82
12067,1410402,118.75,125,56.54
12068,1410408,44.93,125,55.59
12069,1410708,9.68,125,55.59
12070,1410738,77.99,125,55.46
12071,1410936,154.75,125,56.45
12072,1411080,51.85,125,57.32
12073,1411152,90.65,125,58.24
12074,1411158,100.63,125,57.95
12075,1411458,129.17,125,58.77
12076,1411488,63.14,125,58.06
12077,1411686,142.21,125,58.93
12078,1411758,-31.22,100,58.89
12079,1411830,158.68,125,60.31
12080,1411902,89.66,125,61.25
12081,1412088,-57.47,100,60.72
12082,1412208,127.42,125,60.82
12083,1412436,55.71,125,59.61
12084,1412508,157.25,125,61.16
12085,1412580,91.18,125,60.37
12086,1412652,35.66,125,59.08
12087,1412688,-14.52,100,58.15
12088,1412928,33.96,120,57.3
12089,1413186,121.86,125,58.19
12090,1413258,48.15,125,58.27
12091,1413330,126.62,125,59.17
12092,1413336,3.26,108,57.19
12093,1413402,187.82,125,59.15
12094,1413678,130.24,125,59.45
12095,1413936,52.74,125,59.69
12096,1414008,82.86,125,60.49
12097,1414080,137.62,125,60.77
12098,1414086,108.33,125,62.21
12099,1414092,10.82,115,61.36
12100,1414428,104.3,125,62.02
12101,1414686,93.15,125,62.56
12102,1414758,119.51,125,64.29
12103,1414794,6.11,117,62.92
12104,1414830,93.33,125,64.34
12105,1414836,80.81,125,63.66
12106,1415178,113.11,125,65.01
12107,1415436,123.6,125,65.44
12108,1415508,104.89,125,65.43
12109,1415544,56.72,125,66.02
12110,1415580,146.95,125,66.61
12111,1415586,205.65,125,68.59
12112,1415928,187.27,125,69.18
12113,1416150,13.19,119,69.04
12114,1416180,-38.04,100,68.66
12115,1416228,21.78,120,69.39
12116,1416270,24.7,114,69.51
12117,1416294,25.4,125,69.79
12118,1416678,79.93,125,69.61
12119,1416828,-38.48,100,67.22
12120,1416870,-57.42,100,66.64
12121,1416900,88.86,125,67.8
12122,1416930,100.0,125,68.58
12123,1417044,49.8,125,67.86
12124,1417278,-11.56,100,67.43
12125,1417488,-0.59,110,67.93
12126,1417602,-1.76,112,67.23
12127,1417620,100.69,125,67.15
12128,1417650,157.04,125,66.72
12129,1417794,110.7,125,67.39
12130,1418028,82.84,125,68.24
12131,1418238,61.87,125,69.07
12132,1418292,-0.19,107,69.45
12133,1418352,178.57,125,70.93
12134,1418370,125.26,125,72.06
12135,1418544,220.9,125,73.85
12136,1418778,96.61,125,74.25
12137,1418862,-1.64,104,73.3
12138,1419042,128.19,125,73.61
12139,1419102,87.3,125,73.85
12140,1419120,46.5,125,74.19
12141,1419294,193.71,125,76.22
12142,1419528,94.44,125,76.76
12143,1419612,43.36,125,75.85
12144,1419642,-14.85,100,75.71
12145,1419852,184.7,125,76.42
12146,1419870,154.34,125,77.85
12147,1419894,-25.65,100,77.43
12148,1420278,93.15,125,77.69
12149,1420362,150.78,125,79.24
12150,1420392,184.05,125,79.87
12151,1420470,-18.46,100,79.83
12152,1420494,-17.5,100,78.98
12153,1420602,88.41,125,78.49
12154,1420962,12.25,114,77.17
12155,1421112,144.22,125,78.51
12156,1421142,93.65,125,78.33
12157,1421160,-0.78,111,77.98
12158,1421184,15.12,119,76.84
12159,1421202,-40.84,100,76.05
12160,1421562,-12.36,100,75.28
12161,1421742,-23.52,100,74.87
12162,1421862,189.96,125,76.54
12163,1421910,80.27,125,75.81
12164,1421934,128.4,125,75.67
12165,1421952,139.88,125,76.91
12166,1422312,76.27,125,76.39
12167,1422390,1.26,108,75.22
12168,1422558,-8.34,101,74.68
12169,1422612,84.56,125,75.43
12170,1422660,121.15,125,75.87
12171,1422684,88.46,125,75.2
12172,1423062,178.17,125,76.47
12173,1423140,131.54,125,76.87
12174,1423218,-6.73,101,75.8
12175,1423296,1.41,106,74.52
12176,1423308,18.59,125,74.08
12177,1423434,18.64,125,72.84
12178,1423740,-74.95,100,72.4
12179,1423812,131.03,125,72.13
12180,1423908,-18.93,100,71.04
12181,1423968,101.81,125,72.64
12182,1424040,27.01,124,71.63
12183,1424094,-2.63,110,71.05
12184,1424412,-14.85,100,69.33
12185,1424490,146.58,125,69.88
12186,1424646,-8.14,101,69.44
12187,1424658,124.14,125,70.83
12188,1424718,38.69,125,70.88
12189,1424844,173.08,125,71.39
12190,1425138,18.71,121,71.09
12191,1425240,119.86,125,71.03
12192,1425258,-45.41,100,70.54
12193,1425396,123.78,125,69.9
12194,1425468,60.54,125,69.2
12195,1425594,138.6,125,70.06
12196,1425888,188.03,125,71.11
12197,1425900,-1.99,107,69.72
12198,1425990,69.81,125,69.33
12199,1426146,160.7,125,70.83
12200,1426194,20.55,121,69.99
12201,1426344,49.09,125,69.55
12202,1426590,20.45,117,68.56
12203,1426650,49.74,125,69.0
12204,1426698,7.84,118,68.14
12205,1426896,129.45,125,68.63
12206,1426944,162.8,125,69.13
12207,1427094,158.9,125,69.48
12208,1427340,142.62,125,69.86
12209,1427400,197.39,125,71.26
12210,1427448,168.29,125,71.48
12211,1427646,75.82,125,70.18
12212,1427694,-42.14,100,67.88
12213,1427694,124.2,125,68.99
12214,1428000,-33.85,100,69.04
12215,1428054,-6.73,101,68.75
12216,1428084,8.18,124,68.59
12217,1428348,18.22,117,68.51
12218,1428444,151.72,125,69.23
12219,1428444,42.43,125,70.04
12220,1428600,-40.66,100,70.21
12221,1428804,140.63,125,70.73
12222,1428834,138.43,125,71.11
12223,1429098,88.93,125,71.5
12224,1429194,26.81,125,71.89
12225,1429194,45.57,125,72.35
12226,1429338,4.34,123,72.41
12227,1429554,37.7,125,71.78
12228,1429584,146.53,125,71.67
12229,1429848,169.35,125,72.26
12230,1429944,91.54,125,72.35
12231,1429944,129.1,125,73.02
12232,1430088,130.0,125,74.32
12233,1430160,-6.35,101,72.47
12234,1430334,134.88,125,72.57
12235,1430598,221.3,125,72.57
12236,1430694,206.77,125,73.67
12237,1430694,105.3,125,74.74
12238,1430838,3.25,113,73.49
12239,1430838,17.44,125,72.8
12240,1431084,136.3,125,73.69
12241,1431300,-5.53,101,71.7
12242,1431348,251.15,125,73.27
12243,1431444,20.4,125,73.04
12244,1431588,186.23,125,75.05
12245,1431588,205.26,125,75.25
12246,1431834,93.31,125,74.64
12247,1431900,-20.35,100,74.7
12248,1432098,104.95,125,74.82
12249,1432194,184.17,125,75.15
12250,1432338,201.12,125,75.32
12251,1432338,140.0,125,76.9
12252,1432584,92.31,125,78.0
12253,1432650,54.61,125,77.66
12254,1432794,-56.51,100,76.98
12255,1432848,83.39,125,76.37
12256,1432992,2.73,109,75.46
12257,1433088,204.51,125,77.51
12258,1433184,-30.33,100,77.06
12259,1433400,164.15,125,79.11
12260,1433496,6.72,108,79.3
12261,1433544,59.17,125,80.13
12262,1433688,-50.59,100,77.72
12263,1433742,110.53,125,78.02
12264,1433934,188.52,125,78.62
12265,1434150,162.77,125,78.85
12266,1434210,12.84,111,78.22
12267,1434246,118.75,125,79.39
12268,1434438,120.45,125,80.68
12269,1434492,134.43,125,81.18
12270,1434684,25.0,125,80.22
12271,1434750,-17.64,100,79.16
12272,1434810,-21.18,100,77.16
12273,1434996,175.54,125,77.6
12274,1435188,116.13,125,78.83
12275,1435242,201.89,125,80.84
12276,1435410,7.24,110,80.72
12277,1435434,100.0,125,81.54
12278,1435512,3.39,117,82.32
12279,1435746,143.15,125,82.44
12280,1435842,-12.57,100,82.51
12281,1435932,39.54,124,81.88
12282,1436010,-15.3,100,81.46
12283,1436184,48.78,125,81.97
12284,1436262,26.05,125,82.38
12285,1436400,-3.09,109,80.89
12286,1436532,-45.03,100,80.52
12287,1436592,118.35,125,80.46
12288,1436610,-29.69,100,79.78
12289,1436820,-2.26,106,78.02
12290,1436862,-22.95,100,77.61
12291,1437150,130.77,125,77.71
12292,1437270,30.34,123,78.47
12293,1437342,52.73,125,77.76
12294,1437360,134.9,125,78.51
12295,1437540,0.51,113,77.12
12296,1437570,117.39,125,76.42
12297,1437900,25.58,125,76.69
12298,1437996,1.69,109,76.01
12299,1438020,124.72,125,75.65
12300,1438110,53.31,125,75.98
12301,1438290,163.7,125,77.13
12302,1438320,79.88,125,77.72
12303,1438650,115.43,125,78.38
12304,1438710,-31.22,100,77.99
12305,1438710,7.63,115,76.77
12306,1438746,43.25,125,75.57
12307,1438890,-38.99,100,73.59
12308,1439070,133.23,125,73.5
12309,1439400,119.23,125,72.72
12310,1439460,99.3,125,72.03
12311,1439460,23.89,125,71.51
12312,1439496,97.99,125,72.91
12313,1439640,165.52,125,73.32
12314,1439820,111.54,125,74.78
12315,1440048,6.32,108,74.91
12316,1440060,-52.61,100,74.3
12317,1440210,58.58,125,74.7
12318,1440240,-18.51,100,73.0
12319,1440246,154.03,125,74.12
12320,1440570,142.11,125,75.95
12321,1440720,3.12,112,74.57
12322,1440810,157.14,125,74.76
12323,1440876,-3.37,106,73.83
12324,1440960,120.69,125,74.77
12325,1440996,185.2,125,76.17
12326,1441176,-7.08,101,76.06
12327,1441332,-3.82,102,75.64
12328,1441410,-21.75,100,73.96
12329,1441476,-21.36,100,72.05
12330,1441710,55.17,125,71.69
12331,1441746,161.98,125,72.02
12332,1441782,-7.71,101,70.64
12333,1442010,-30.0,100,70.4
12334,1442082,184.64,125,70.9
12335,1442226,145.03,125,70.14
12336,1442310,-34.25,100,67.73
12337,1442496,9.97,125,66.77
12338,1442514,34.18,122,67.08
12339,1442760,37.97,125,67.29
12340,1442778,5.61,116,65.98
12341,1442976,135.09,125,67.39
12342,1443060,51.16,125,65.39
12343,1443096,-41.69,100,64.77
12344,1443210,6.63,116,62.97
12345,1443366,-6.42,101,60.85
12346,1443528,54.08,125,60.46
12347,1443708,7.84,122,60.74
12348,1443810,-24.91,100,59.44
12349,1443810,13.92,125,57.74
12350,1443846,138.1,125,57.11
12351,1444068,8.09,117,55.79
12352,1444278,157.58,125,56.45
12353,1444308,-44.17,100,55.46
12354,1444446,-17.82,100,55.84
12355,1444452,2.35,107,55.03
12356,1444560,119.14,125,56.2
12357,1444818,32.26,125,54.48
12358,1444878,-12.37,100,54.66
12359,1445046,-12.62,100,52.89
12360,1445052,-51.54,100,52.31
12361,1445058,48.01,125,52.19
12362,1445160,-18.62,100,52.51
12363,1445538,4.0,120,51.45
12364,1445628,59.26,125,50.16
12365,1445664,-6.17,101,48.47
12366,1445796,40.41,125,48.74
12367,1445802,64.12,125,48.2
12368,1445910,40.72,125,47.4
12369,1446138,-10.23,100,45.95
12370,1446228,-35.72,100,45.34
12371,1446414,98.14,125,46.5
12372,1446438,0.78,107,46.72
12373,1446552,25.79,125,45.22
12374,1446660,51.29,125,44.58
12375,1446888,88.19,125,43.44
12376,1446978,140.0,125,44.77
12377,1447038,-54.6,100,43.22
12378,1447164,110.33,125,44.29
12379,1447260,-17.5,100,42.68
12380,1447302,63.57,125,43.44
12381,1447614,-3.09,106,43.02
12382,1447638,116.49,125,44.34
12383,1447770,14.52,122,43.99
12384,1447914,80.89,125,44.54
12385,1448010,107.84,125,45.65
12386,1448052,24.05,125,46.34
12387,1448214,-25.85,100,44.9
12388,1448388,61.54,125,45.81
12389,1448514,-34.41,100,45.49
12390,1448520,140.55,125,47.13
12391,1448694,-1.61,107,45.8
12392,1448760,91.73,125,46.42
12393,1448886,1.01,112,45.9
12394,1449120,-35.06,100,44.2
12395,1449138,55.72,125,44.75
12396,1449186,1.88,112,43.6
12397,1449420,5.67,121,43.4
12398,1449486,-56.9,100,42.81
12399,1449510,18.18,125,41.75
12400,1449786,-14.26,100,41.07
12401,1449870,42.86,125,39.86
12402,1449888,54.8,125,39.61
12403,1450164,-0.78,109,38.45
12404,1450170,4.05,125,38.8
12405,1450188,-1.01,117,38.72
12406,1450536,94.54,125,39.23
12407,1450554,12.13,114,39.74
12408,1450638,77.12,125,39.18
12409,1450860,8.65,112,38.07
12410,1450902,-3.6,123,37.04
12411,1450920,162.59,125,38.43
12412,1451238,-38.62,100,37.06
12413,1451286,75.0,125,36.16
12414,1451304,36.94,125,35.41
12415,1451502,-22.31,100,35.13
12416,1451532,-2.33,112,35.63
12417,1451670,22.81,125,35.27
12418,1451886,-48.2,100,34.98
12419,1451988,83.33,125,34.27
12420,1452054,67.66,125,33.52
12421,1452252,91.34,125,34.41
12422,1452270,-21.94,100,32.62
12423,1452282,110.53,125,33.75
12424,1452486,-31.17,100,32.24
12425,1452600,-1.74,102,30.37
12426,1452804,144.15,125,31.88
12427,1452852,-64.13,100,31.28
12428,1453020,67.22,125,32.17
12429,1453032,70.65,125,33.09
12430,1453092,-6.86,101,32.47
12431,1453350,91.04,125,31.76
12432,1453452,-55.15,100,31.28
12433,1453554,99.3,125,32.57
12434,1453632,-4.41,102,30.68
12435,1453782,156.92,125,30.8
12436,1453842,11.11,125,31.26
12437,1454052,-40.99,100,30.75
12438,1454100,105.13,125,31.46
12439,1454232,-11.41,100,30.96
12440,1454304,171.38,125,32.62
12441,1454442,-25.58,100,31.01
12442,1454532,20.0,125,30.7
12443,1454652,-30.41,100,30.81
12444,1454706,-6.85,101,30.68
12445,1454982,10.45,125,30.85
12446,1455042,34.47,123,30.65
12447,1455192,116.03,125,31.73
12448,1455282,158.96,125,33.57
12449,1455300,3.57,108,33.47
12450,1455306,-40.89,100,31.68
12451,1455678,-4.15,116,31.56
12452,1455792,30.74,125,30.29
12453,1455906,-22.57,100,30.5
12454,1455942,108.48,125,31.77
12455,1456032,102.02,125,32.76
12456,1456050,54.88,125,32.12
12457,1456428,35.48,125,32.15
12458,1456542,-57.87,100,31.7
12459,1456542,16.97,125,31.99
12460,1456632,-17.7,100,32.33
12461,1456656,18.6,125,32.04
12462,1456692,-1.14,107,32.21
12463,1457178,73.78,125,32.91
12464,1457238,-5.46,101,32.26
12465,1457292,54.72,125,32.87
12466,1457292,71.62,125,33.19
12467,1457358,2.43,117,32.57
12468,1457442,83.87,125,33.0
12469,1457886,-1.71,108,33.09
12470,1457892,-55.86,100,32.88
12471,1457928,30.0,125,32.2
12472,1458024,3.86,111,32.23
12473,1458042,54.93,125,32.52
12474,1458192,16.9,125,32.18
12475,1458492,-14.36,100,31.16
12476,1458558,-3.87,105,29.72
12477,1458636,51.61,125,30.78
12478,1458642,-21.58,100,29.46
12479,1458774,36.19,125,30.0
12480,1458942,132.08,125,30.68
12481,1459218,17.95,121,30.89
12482,1459248,-2.65,102,29.7
12483,1459266,1.45,118,29.57
12484,1459374,-17.09,100,28.59
12485,1459392,37.02,125,27.88
12486,1459692,48.47,125,28.13
12487,1459866,-24.15,100,28.14
12488,1459944,5.31,121,27.58
12489,1459992,-30.39,100,27.62
12490,1459998,72.73,125,26.94
12491,1460124,33.06,125,27.29
12492,1460442,47.37,125,26.85
12493,1460466,-19.39,100,26.64
12494,1460592,-16.22,100,26.83
12495,1460646,2.04,108,26.29
12496,1460694,64.84,125,26.92
12497,1460724,-26.69,100,26.6
12498,1461042,-20.59,100,26.96
12499,1461198,-5.33,101,26.73
12500,1461216,77.58,125,27.65
12501,1461246,-23.22,100,26.98
12502,1461294,-24.25,100,26.19
12503,1461474,78.86,125,26.99
12504,1461792,16.13,125,27.11
12505,1461852,-5.97,101,27.06
12506,1461858,0.02,107,26.12
12507,1461948,110.91,125,27.1
12508,1462044,42.86,125,26.76
12509,1462224,94.54,125,27.62
12510,1462398,-4.68,101,27.61
12511,1462464,-5.09,101,25.93
12512,1462602,128.13,125,27.6
12513,1462614,11.2,111,26.96
12514,1462728,13.49,114,26.73
12515,1462824,-21.39,100,26.74
12516,1463064,-26.87,100,26.49
12517,1463076,0.23,113,26.27
12518,1463202,-34.41,100,26.4
12519,1463280,11.2,111,25.68
12520,1463478,106.67,125,26.07
12521,1463574,74.45,125,25.9
12522,1463814,170.99,125,27.83
12523,1463826,73.5,125,27.46
12524,1463952,36.21,125,28.14
12525,1464030,22.19,125,28.38
12526,1464210,24.02,122,27.17
12527,1464324,113.71,125,28.95
12528,1464414,-13.55,100,28.15
12529,1464426,-12.75,100,27.31
12530,1464702,92.03,125,28.3
12531,1464780,32.91,125,27.72
12532,1464960,101.95,125,29.29
12533,1465014,-27.96,100,28.02
12534,1465074,91.78,125,28.98
12535,1465176,124.49,125,28.66
12536,1465392,-1.46,102,28.53
12537,1465452,160.71,125,30.55
12538,1465680,-9.64,101,29.4
12539,1465710,64.84,125,30.16
12540,1465764,102.02,125,29.47
12541,1465926,130.47,125,31.03
12542,1466142,25.95,125,31.09
12543,1466202,81.82,125,32.21
12544,1466280,-15.69,100,32.12
12545,1466310,-14.48,100,31.87
12546,1466424,-1.33,110,31.51
12547,1466676,183.58,125,32.19
12548,1466892,69.01,125,31.29
12549,1466952,117.71,125,32.43
12550,1467024,-45.52,100,32.39
12551,1467030,89.78,125,33.32
12552,1467060,124.72,125,34.26
12553,1467426,106.41,125,35.55
12554,1467630,-20.49,100,34.26
12555,1467642,26.28,125,33.51
12556,1467702,59.38,125,33.55
12557,1467774,31.67,125,33.51
12558,1467810,140.42,125,35.5
12559,1468176,64.38,125,35.97
12560,1468230,-57.86,100,35.57
12561,1468374,-40.0,100,34.98
12562,1468386,25.39,124,35.25
12563,1468452,90.16,125,35.41
12564,1468560,117.71,125,36.64
12565,1468830,-30.0,100,35.8
12566,1468926,101.44,125,36.1
12567,1468986,-16.76,100,35.9
12568,1469118,-2.54,111,35.04
12569,1469124,88.45,125,35.94
12570,1469262,8.04,117,36.58
12571,1469580,87.28,125,37.15
12572,1469676,52.6,125,37.64
12573,1469736,68.79,125,37.78
12574,1469844,15.22,120,37.76
12575,1469868,109.84,125,39.0
12576,1470012,122.63,125,40.27
12577,1470330,109.62,125,40.85
12578,1470426,129.68,125,42.36
12579,1470486,84.03,125,42.84
12580,1470594,123.64,125,42.76
12581,1470612,-17.72,100,42.4
12582,1470618,49.68,125,42.92
12583,1471080,36.69,125,43.27
12584,1471176,46.95,125,43.91
12585,1471236,55.04,125,44.1
12586,1471344,54.12,125,44.15
12587,1471362,78.29,125,45.18
12588,1471368,170.55,125,46.83
12589,1471680,-50.39,100,46.63
12590,1471836,-24.95,100,45.65
12591,1471926,119.86,125,46.52
12592,1472022,-2.23,109,46.02
12593,1472094,184.17,125,48.06
12594,1472112,142.06,125,49.64
12595,1472370,-2.83,115,49.59
12596,1472460,-2.5,104,48.92
12597,1472622,6.14,116,49.25
12598,1472712,-31.14,100,49.14
12599,1472772,5.99,113,49.26
12600,1472772,114.77,125,49.63
12601,1472970,-23.68,100,49.62
12602,1473210,161.02,125,51.48
12603,1473372,83.75,125,51.52
12604,1473372,-27.55,100,51.09
12605,1473462,118.86,125,52.34
12606,1473522,152.56,125,53.86
12607,1473720,55.48,125,53.31
12608,1473960,93.1,125,53.81
12609,1473990,-3.19,103,52.83
12610,1474122,62.16,125,53.5
12611,1474212,132.32,125,54.87
12612,1474272,102.49,125,54.62
12613,1474320,-46.29,100,54.04
12614,1474710,28.68,125,54.2
12615,1474722,-45.73,100,53.95
12616,1474740,40.0,125,54.62
12617,1474866,-1.06,109,54.61
12618,1475004,8.12,114,55.03
12619,1475022,86.05,125,55.78
12620,1475460,44.44,125,55.16
12621,1475472,152.63,125,55.94
12622,1475490,68.64,125,54.92
12623,1475616,67.86,125,54.86
12624,1475754,106.19,125,55.56
12625,1475772,20.13,125,55.54
12626,1476210,82.76,125,56.13
12627,1476222,136.93,125,56.36
12628,1476240,63.57,125,57.13
12629,1476366,53.61,125,57.79
12630,1476504,78.45,125,57.66
12631,1476522,115.02,125,58.48
12632,1476960,160.22,125,59.06
12633,1476972,132.08,125,60.66
12634,1476990,21.41,125,59.96
12635,1477116,149.17,125,60.21
12636,1477254,37.81,125,60.6
12637,1477272,51.61,125,59.51
12638,1477710,76.21,125,60.37
12639,1477722,92.55,125,60.64
12640,1477740,142.91,125,61.05
12641,1477866,52.82,125,60.28
12642,1477914,1.61,110,60.03
12643,1477926,-1.18,109,59.2
12644,1478322,-14.07,100,59.22
12645,1478460,96.37,125,60.33
12646,1478490,146.43,125,61.81
12647,1478616,44.83,125,60.42
12648,1478664,85.19,125,60.58
12649,1478676,110.53,125,60.51
12650,1479072,133.58,125,62.3
12651,1479210,48.79,125,61.89
12652,1479222,-5.04,101,60.59
12653,1479240,102.02,125,60.55
12654,1479276,-11.95,100,60.63
12655,1479414,92.53,125,61.29
12656,1479780,29.69,118,61.0
12657,1479822,-32.71,100,60.35
12658,1479918,6.47,113,59.01
12659,1479960,157.25,125,59.94
12660,1480014,-14.21,100,60.38
12661,1480026,91.64,125,61.7
12662,1480530,89.0,125,62.33
12663,1480572,80.12,125,62.23
12664,1480650,7.66,122,61.13
12665,1480662,-3.99,106,61.39
12666,1480710,136.49,125,61.74
12667,1480764,33.38,125,62.24
12668,1481280,136.75,125,63.64
12669,1481322,64.56,125,63.4
12670,1481364,-39.46,100,62.92
12671,1481400,105.7,125,63.11
12672,1481412,131.88,125,63.9
12673,1481460,122.95,125,64.44
12674,1482000,-54.07,100,63.75
12675,1482030,136.49,125,64.01
12676,1482072,53.61,125,63.32
12677,1482114,75.08,125,62.98
12678,1482162,18.64,125,61.87
12679,1482210,54.1,125,61.57
12680,1482750,35.31,125,60.69
12681,1482780,150.0,125,62.36
12682,1482822,107.12,125,62.94
12683,1482864,35.14,125,62.92
12684,1482864,3.08,109,62.48
12685,1482888,20.42,121,62.14
12686,1483350,-45.87,100,61.14
12687,1483488,-17.5,100,60.18
12688,1483530,118.62,125,59.66
12689,1483542,7.64,113,60.24
12690,1483572,65.41,125,61.14
12691,1483614,51.52,125,60.46
12692,1483950,-40.29,100,60.08
12693,1484142,-10.15,100,58.14
12694,1484214,-29.32,100,56.42
12695,1484238,66.67,125,57.12
12696,1484280,104.46,125,58.19
12697,1484322,181.95,125,59.95
12698,1484556,-7.08,101,60.19
12699,1484838,-35.13,100,59.77
12700,1484892,143.15,125,60.06
12701,1484964,60.58,125,60.9
12702,1485006,9.17,114,59.38
12703,1485030,30.11,125,58.85
12704,1485306,86.21,125,59.98
12705,1485588,39.46,125,59.19
12706,1485612,-5.09,101,57.61
12707,1485636,2.99,112,57.09
12708,1485642,14.29,125,56.3
12709,1485780,90.64,125,57.24
12710,1485978,6.55,112,56.68
12711,1486212,-47.11,100,54.89
12712,1486242,-26.67,100,53.6
12713,1486296,2.28,110,54.08
12714,1486338,86.27,125,54.66
12715,1486380,-54.64,100,54.57
12716,1486728,50.38,125,54.67
12717,1486842,-66.09,100,54.02
12718,1486938,-25.85,100,53.68
12719,1486962,14.17,125,52.96
12720,1487046,50.54,125,53.03
12721,1487130,23.42,125,51.73
12722,1487424,14.07,116,51.19
12723,1487574,19.68,122,50.71
12724,1487688,112.21,125,50.77
12725,1487712,11.11,125,50.68
12726,1487796,34.02,125,50.19
12727,1487880,105.88,125,49.88
12728,1488054,-4.38,105,49.2
12729,1488318,-5.41,101,48.61
12730,1488324,94.84,125,48.77
12731,1488438,117.39,125,48.8
12732,1488546,119.33,125,48.39
12733,1488606,11.67,121,47.18
12734,1488654,-25.86,100,46.71
12735,1489068,69.49,125,45.91
12736,1489074,97.41,125,46.51
12737,1489092,0.57,109,46.0
12738,1489260,-3.54,101,45.2
12739,1489296,35.05,125,44.63
12740,1489356,20.81,125,43.41
12741,1489692,-29.67,100,42.58
12742,1489818,127.12,125,43.84
12743,1489824,92.05,125,44.77
12744,1489914,-5.48,103,44.85
12745,1490010,76.74,125,44.66
12746,1490106,25.0,125,43.44
12747,1490424,6.09,122,43.06
12748,1490568,80.51,125,43.01
12749,1490574,21.0,125,42.11
12750,1490610,-42.96,100,40.35
12751,1490664,107.27,125,40.93
12752,1490856,146.21,125,42.45
12753,1491174,47.83,125,41.9
12754,1491318,60.71,125,42.63
12755,1491324,114.69,125,42.85
12756,1491360,115.55,125,43.71
12757,1491414,85.61,125,44.89
12758,1491456,-43.49,100,44.39
12759,1491864,3.54,115,42.86
12760,1491918,-34.14,100,42.66
12761,1491924,-16.51,100,41.58
12762,1491960,-40.0,100,40.29
12763,1492164,141.76,125,40.9
12764,1492206,66.67,125,41.49
12765,1492536,-4.91,102,41.48
12766,1492608,19.11,115,40.31
12767,1492614,116.78,125,41.14
12768,1492710,142.75,125,41.2
12769,1492764,-33.9,100,40.22
12770,1492956,30.14,125,40.92
12771,1493184,2.64,108,39.88
12772,1493208,-22.37,100,38.34
12773,1493364,-28.22,100,36.83
12774,1493364,66.1,125,38.03
12775,1493460,18.52,125,36.85
12776,1493706,103.28,125,37.35
12777,1493874,4.35,115,36.64
12778,1493958,61.76,125,37.07
12779,1493964,-14.03,100,36.39
12780,1493964,-17.06,100,35.87
12781,1494060,-30.25,100,34.07
12782,1494306,-28.55,100,32.71
12783,1494558,-40.73,100,31.95
12784,1494600,-1.22,106,31.91
12785,1494624,147.39,125,33.18
12786,1494660,-12.43,100,33.51
12787,1494714,12.1,125,33.81
12788,1495056,98.63,125,33.61
12789,1495164,-10.01,101,33.43
12790,1495200,-38.96,100,32.39
12791,1495320,-5.71,116,31.82
12792,1495398,13.11,123,32.35
12793,1495464,148.25,125,33.93
12794,1495806,55.84,125,34.78
12795,1495914,47.34,125,34.59
12796,1495920,-40.78,100,33.14
12797,1495950,52.69,125,31.85
12798,1496076,6.82,113,31.99
12799,1496082,-2.4,103,32.31
12800,1496550,-31.98,100,30.56
12801,1496556,65.05,125,30.61
12802,1496664,33.33,125,30.85
12803,1496670,119.35,125,31.74
12804,1496748,1.54,111,30.89
12805,1496826,66.04,125,31.16
12806,1497252,6.4,117,31.27
12807,1497306,69.33,125,31.94
12808,1497342,-4.14,113,31.75
12809,1497342,2.17,112,30.87
12810,1497468,16.45,120,30.97
12811,1497576,102.29,125,32.46
12812,1497942,-39.46,100,32.33
12813,1497960,4.89,118,32.36
12814,1498056,83.8,125,32.34
12815,1498092,38.79,125,33.27
12816,1498128,13.17,110,32.9
12817,1498326,13.5,125,33.69
12818,1498644,6.7,114,34.02
12819,1498692,114.72,125,35.02
12820,1498806,56.72,125,35.09
12821,1498842,49.25,125,35.34
12822,1498878,30.91,125,35.51
12823,1499076,88.89,125,36.2
12824,1499328,1.9,114,35.1
12825,1499388,13.58,116,35.13
12826,1499526,5.02,114,34.84
12827,1499556,90.28,125,34.68
12828,1499628,37.93,125,35.1
12829,1499826,84.21,125,36.0
12830,1500012,-3.06,114,35.02
12831,1500138,58.06,125,34.43
12832,1500156,-41.29,100,32.82
12833,1500186,-1.04,110,32.69
12834,1500240,-4.42,102,32.91
12835,1500576,67.27,125,32.89
12836,1500762,98.65,125,32.9
12837,1500828,5.82,112,32.95
12838,1500840,-23.86,100,32.75
12839,1500846,14.97,118,32.55
12840,1500936,38.3,125,32.72
12841,1501266,4.99,115,33.07
12842,1501362,-49.59,100,31.3
12843,1501440,-20.35,100,30.18
12844,1501446,-40.71,100,29.83
12845,1501536,-30.14,100,28.76
12846,1501578,127.64,125,29.78
12847,1501962,-26.03,100,29.46
12848,1502016,42.86,125,29.09
12849,1502190,26.65,125,29.14
12850,1502196,60.31,125,30.17
12851,1502286,36.9,125,29.47
12852,1502328,30.95,125,28.32
12853,1502610,-4.16,108,27.8
12854,1502616,-23.14,100,26.96
12855,1502790,-27.02,100,25.54
12856,1502796,-44.84,100,23.94
12857,1503036,38.97,125,23.47
12858,1503078,45.11,125,24.36
12859,1503210,-31.85,100,24.0
12860,1503312,1.61,116,24.36
12861,1503402,-1.74,102,24.51
12862,1503546,27.66,125,25.19
12863,1503690,-0.39,109,23.76
12864,1503792,16.3,119,23.26
12865,1503816,-5.8,101,23.25
12866,1504062,108.49,125,24.15
12867,1504092,1.19,115,22.99
12868,1504146,-38.8,100,21.17
12869,1504290,-10.43,100,21.41
12870,1504494,1.8,113,21.13
12871,1504542,60.0,125,21.7
12872,1504704,-3.82,102,21.88
12873,1504746,-24.83,100,21.92
12874,1504812,30.11,125,21.56
12875,1504944,-0.87,109,21.36
12876,1505142,-17.5,100,20.16
12877,1505244,30.95,125,20.42
12878,1505310,-4.14,101,19.76
12879,1505418,-6.12,101,19.84
12880,1505496,100.0,125,21.01
12881,1505568,-5.29,104,21.26
12882,1505742,-47.51,100,21.07
12883,1505862,-0.98,103,21.47
12884,1505910,-12.58,100,21.36
12885,1506036,-3.63,103,19.85
12886,1506096,-34.98,100,19.62
12887,1506318,46.18,125,19.96
12888,1506462,-44.2,100,18.53
12889,1506492,89.47,125,19.53
12890,1506660,15.65,125,20.08
12891,1506744,5.18,108,20.18
12892,1506786,37.25,125,20.43
12893,1507068,23.67,125,19.18
12894,1507092,-34.55,100,18.28
12895,1507098,0.82,106,17.81
12896,1507290,-2.09,105,18.2
12897,1507494,77.26,125,18.44
12898,1507536,34.55,125,18.72
12899,1507668,-35.02,100,18.39
12900,1507692,-18.18,100,18.53
12901,1507698,-34.55,100,17.54
12902,1507902,-0.46,102,17.2
12903,1508136,-31.56,100,15.69
12904,1508244,107.47,125,16.75
12905,1508292,-37.93,100,15.71
12906,1508388,1.75,115,15.66
12907,1508418,15.15,125,15.12
12908,1508502,-31.22,100,14.85
12909,1508742,-5.14,101,14.78
12910,1508844,-29.22,100,14.32
12911,1508988,-14.93,100,13.15
12912,1509042,19.05,125,13.73
12913,1509060,-3.46,107,13.65
12914,1509102,-41.9,100,12.39
12915,1509444,-16.6,100,11.84
12916,1509492,61.87,125,12.33
12917,1509588,-31.05,100,11.88
12918,1509702,-26.24,100,11.55
12919,1509786,8.65,121,10.49
12920,1509792,67.88,125,10.6
12921,1510050,-10.26,101,10.01
12922,1510092,-34.06,100,9.36
12923,1510230,-2.27,107,8.45
12924,1510308,-6.17,101,8.36
12925,1510392,-36.35,100,7.87
12926,1510536,23.75,125,8.05
12927,1510698,3.26,108,7.18
12928,1510740,-0.58,108,6.8
12929,1510914,-7.47,101,5.88
12930,1510956,4.18,121,5.95
12931,1510992,-25.86,100,5.11
12932,1511178,-3.41,107,5.49
12933,1511448,65.05,125,6.15
12934,1511490,77.63,125,6.97
12935,1511556,-66.55,100,5.64
12936,1511592,-21.58,100,4.43
12937,1511664,18.17,125,4.56
12938,1511778,-11.03,100,4.68
12939,1512054,-6.95,101,4.47
12940,1512102,-3.23,102,4.05
12941,1512198,-4.41,101,3.96
12942,1512306,12.63,125,4.58
12943,1512348,8.8,114,4.87
12944,1512384,-9.85,101,5.18
12945,1512702,-30.62,100,5.17
12946,1512798,-22.65,100,3.67
12947,1512804,54.93,125,4.48
12948,1512906,-24.03,100,3.81
12949,1513098,37.55,125,3.92
12950,1513134,13.64,125,3.45
12951,1513374,4.6,112,3.13
12952,1513464,-1.49,110,2.81
12953,1513548,46.52,125,3.31
12954,1513656,69.81,125,4.24
12955,1513848,109.79,125,5.61
12956,1513884,83.45,125,6.89
12957,1514064,-43.93,100,6.06
12958,1514124,17.86,125,5.79
12959,1514166,-2.67,103,6.08
12960,1514406,14.48,125,6.21
12961,1514484,-51.12,100,5.72
12962,1514532,3.54,114,5.48
12963,1514724,-32.38,100,5.16
12964,1514814,35.14,125,5.35
12965,1514916,34.19,125,5.75
12966,1515006,-16.71,100,4.49
12967,1515084,-25.39,100,4.23
12968,1515138,-6.61,101,4.55
12969,1515444,-2.44,105,4.63
12970,1515474,5.44,125,4.67
12971,1515558,-0.17,107,4.06
12972,1515606,-13.33,100,3.97
12973,1515684,-11.03,100,4.11
12974,1515888,107.14,125,4.88
12975,1516074,-17.98,100,4.71
12976,1516194,33.11,125,5.21
12977,1516236,-1.27,105,4.89
12978,1516302,-1.81,103,4.91
12979,1516308,38.18,125,5.36
12980,1516488,-23.82,100,4.12
12981,1516680,-6.6,101,4.11
12982,1516908,-5.64,101,4.52
12983,1516926,2.04,115,4.55
12984,1516944,23.46,125,4.92
12985,1517052,22.09,124,5.17
12986,1517088,-35.93,100,5.16
12987,1517352,-4.19,112,4.66
12988,1517514,-8.43,101,5.02
12989,1517610,6.98,114,4.19
12990,1517688,-32.23,100,3.71
12991,1517694,49.09,125,4.15
12992,1517802,12.98,125,3.91
12993,1517958,-6.34,101,3.61
12994,1518264,59.57,125,4.55
12995,1518294,-31.92,100,4.22
12996,1518360,129.03,125,5.53
12997,1518390,16.81,117,4.93
12998,1518402,-41.29,100,4.17
12999,1518708,21.95,125,4.74
13000,1518882,-3.19,103,4.89
13001,1518894,-39.04,100,4.85
13002,1519098,4.28,118,4.89
13003,1519110,87.88,125,6.09
13004,1519152,19.23,125,5.21
13005,1519314,-4.32,101,5.54
13006,1519482,-25.65,100,5.27
13007,1519500,-7.54,101,5.04
13008,1519764,-2.49,102,5.33
13009,1519848,52.32,125,5.9
13010,1519860,26.13,125,6.46
13011,1519926,-0.62,102,6.6
13012,1520154,2.46,112,6.43
13013,1520214,1.57,119,6.48
13014,1520382,-4.33,103,6.86
13015,1520454,-6.0,101,6.97
13016,1520526,-42.5,100,5.92
13017,1520544,-2.23,114,6.21
13018,1520754,-29.61,100,6.18
13019,1520820,-7.37,101,6.02
13020,1520982,-53.43,100,4.8
13021,1521138,-1.89,102,4.89
13022,1521204,63.64,125,5.86
13023,1521294,32.58,125,6.21
13024,1521354,-10.16,100,6.17
13025,1521570,51.71,125,7.05
13026,1521594,-4.68,102,6.77
13027,1521756,-4.43,103,6.69
13028,1521840,-3.02,106,6.67
13029,1522044,36.67,125,7.11
13030,1522104,22.3,125,7.29
13031,1522320,117.23,125,8.72
13032,1522344,17.44,125,8.93
13033,1522362,-4.89,101,8.23
13034,1522446,-4.16,101,7.41
13035,1522704,-41.65,100,7.66
13036,1522704,8.77,110,7.96
13037,1522932,-2.29,102,7.76
13038,1522944,-14.71,100,7.72
13039,1523046,-41.68,100,7.38
13040,1523112,65.61,125,8.06
13041,1523304,-42.38,100,7.68
13042,1523310,-7.71,101,7.48
13043,1523544,-14.87,100,7.24
13044,1523568,-3.72,106,7.31
13045,1523646,-29.22,100,7.32
13046,1523796,-1.5,114,7.53
13047,1523922,-1.18,102,6.97
13048,1524054,25.9,125,7.47
13049,1524192,5.23,108,7.15
13050,1524300,-1.7,109,6.99
13051,1524318,19.4,125,7.14
13052,1524402,-5.14,101,7.1
13053,1524522,-40.0,100,6.24
13054,1524774,10.94,120,5.65
13055,1524918,-46.1,100,4.09
13056,1524942,44.98,125,3.71
13057,1525014,-1.6,102,4.13
13058,1525050,58.08,125,4.53
13059,1525122,-14.36,100,4.42
13060,1525380,-7.47,101,4.2
13061,1525638,-0.01,120,4.71
13062,1525644,0.25,105,4.67
13063,1525650,-42.84,100,4.57
13064,1525686,41.27,124,4.63
13065,1525734,-4.39,102,4.25
13066,1526130,23.87,125,4.65
13067,1526238,-12.89,100,4.78
13068,1526256,-4.39,101,4.8
13069,1526394,48.55,125,5.31
13070,1526406,7.56,120,5.33
13071,1526484,70.54,125,6.04
13072,1526838,-13.73,100,6.03
13073,1526880,23.08,125,6.37
13074,1526946,8.69,115,5.39
13075,1526994,-20.56,100,5.36
13076,1527090,-8.7,101,4.95
13077,1527156,127.27,125,6.23
13078,1527438,-13.54,100,6.11
13079,1527480,-20.83,100,5.52
13080,1527558,-1.6,102,5.75
13081,1527648,-4.6,109,5.77
13082,1527702,-1.6,102,5.81
13083,1527774,-2.26,103,5.76
13084,1528158,-23.61,100,5.29
13085,1528188,38.05,125,5.45
13086,1528230,62.16,125,6.43
13087,1528374,-16.4,100,6.31
13088,1528392,-2.66,115,6.37
13089,1528398,33.12,125,6.63
13090,1528758,-49.23,100,6.46
13091,1528872,-3.04,107,5.94
13092,1528938,79.15,125,6.6
13093,1528992,-29.04,100,6.37
13094,1528998,-39.26,100,5.38
13095,1529124,30.57,125,6.01
13096,1529478,-8.64,101,4.63
13097,1529508,65.02,125,5.12
13098,1529538,-38.04,100,5.15
13099,1529592,-42.55,100,4.5
13100,1529664,3.61,111,4.57
13101,1529724,-43.82,100,4.52
13102,1530132,-0.82,109,4.47
13103,1530144,-9.61,101,3.5
13104,1530228,-0.29,106,3.3
13105,1530258,35.85,125,3.7
13106,1530264,-25.85,100,3.7
13107,1530324,-28.29,100,3.49
13108,1530744,-25.58,100,3.26
13109,1530828,-31.72,100,2.42
13110,1530858,-20.68,100,1.95
13111,1530864,-27.02,100,1.69
13112,1530882,77.12,125,2.44
13113,1530924,-46.17,100,1.96
13114,1531386,-1.09,107,1.99
13115,1531464,-29.3,100,1.76
13116,1531482,-23.89,100,1.95
13117,1531524,-11.6,100,1.85
13118,1531566,5.97,118,2.21
13119,1531578,11.8,125,2.4
13120,1532064,-40.71,100,2.53
13121,1532082,-15.15,100,2.39
13122,1532094,1.22,118,1.77
13123,1532130,-8.39,101,1.36
13124,1532178,-3.43,102,1.43
13125,1532208,-2.22,105,0.89
13126,1532796,18.33,119,1.12
13127,1532814,58.62,125,1.75
13128,1532844,35.12,125,2.13
13129,1532880,38.06,125,2.14
13130,1532928,3.98,125,1.96
13131,1532958,50.5,125,1.29
13132,1533396,-41.94,100,0.7
13133,1533450,-6.91,101,0.68
13134,1533498,4.88,114,0.77
13135,1533534,-1.29,109,1.17
13136,1533564,-10.25,101,0.98
13137,1533678,32.2,125,1.33
13138,1534050,-17.72,100,1.3
13139,1534116,23.72,120,1.95
13140,1534194,1.11,105,1.31
13141,1534248,91.34,125,2.64
13142,1534278,-43.7,100,2.28
13143,1534284,29.34,125,2.73
13144,1534800,34.06,125,3.1
13145,1534830,5.61,119,3.45
13146,1534926,-0.79,107,3.46
13147,1534944,7.64,125,3.55
13148,1534998,8.11,125,3.37
13149,1535028,33.33,125,3.65
13150,1535496,0.39,116,3.67
13151,1535526,-44.74,100,3.03
13152,1535544,18.13,119,3.26
13153,1535598,-53.6,100,3.13
13154,1535694,47.91,125,3.5
13155,1535778,36.53,125,4.32
13156,1536126,-44.66,100,3.43
13157,1536144,-16.03,100,3.28
13158,1536204,-7.44,101,2.63
13159,1536246,17.85,125,2.95
13160,1536384,-7.22,101,2.95
13161,1536444,24.03,125,3.19
13162,1536876,32.0,125,3.51
13163,1536894,15.58,125,4.09
13164,1536900,6.44,116,3.75
13165,1536996,37.32,125,4.16
13166,1537056,-4.68,102,3.88
13167,1537134,36.2,125,4.37
13168,1537476,-41.27,100,4.0
13169,1537500,-19.21,100,3.32
13170,1537572,-0.74,113,3.24
13171,1537602,-8.16,101,2.45
13172,1537806,24.62,125,2.83
13173,1537884,46.95,125,3.07
13174,1538082,-6.73,101,2.92
13175,1538118,-1.0,103,3.11
13176,1538172,-12.43,100,3.08
13177,1538214,-3.69,102,1.77
13178,1538472,3.73,111,1.94
13179,1538484,-29.21,100,1.86
13180,1538772,-52.22,100,1.35
13181,1538772,-0.09,109,1.4
13182,1538832,60.84,125,2.02
13183,1538964,96.55,125,3.01
13184,1539126,-2.52,107,3.22
13185,1539222,41.77,125,3.26
13186,1539408,-4.1,106,2.59
13187,1539432,-40.43,100,2.35
13188,1539522,63.27,125,3.01
13189,1539630,2.11,111,2.7
13190,1539822,-54.97,100,2.65
13191,1539858,5.73,122,2.73
13192,1540038,-6.27,101,1.88
13193,1540056,0.31,108,2.17
13194,1540122,-18.08,100,2.38
13195,1540380,15.79,125,2.24
13196,1540428,-9.88,101,2.22
13197,1540470,-1.6,102,1.56
13198,1540644,-6.37,101,1.87
13199,1540656,-40.0,100,1.9
13200,1540722,-15.15,100,1.71
13201,1540980,-44.86,100,1.7
13202,1541034,-10.1,101,1.61
13203,1541220,92.44,125,2.63
13204,1541250,-6.29,101,2.57
13205,1541274,-4.7,103,2.16
13206,1541322,-17.5,100,2.25
13207,1541586,-6.27,101,2.47
13208,1541730,1.54,116,2.74
13209,1541850,-55.16,100,2.5
13210,1541874,-38.76,100,2.32
13211,1541922,-11.6,100,2.48
13212,1541970,28.71,125,1.99
13213,1542186,-24.77,100,2.21
13214,1542336,-8.68,101,2.13
13215,1542456,-5.33,101,2.37
13216,1542474,-17.24,100,2.44
13217,1542522,-17.93,100,2.37
13218,1542720,47.91,125,2.79
13219,1542786,-23.62,100,2.44
13220,1543056,11.38,120,2.96
13221,1543056,-10.23,100,3.01
13222,1543092,-3.36,103,2.96
13223,1543272,58.45,125,3.63
13224,1543326,-6.5,101,3.6
13225,1543386,-22.31,100,3.4
13226,1543656,-54.84,100,2.67
13227,1543692,-24.1,100,1.84
13228,1543728,-4.16,112,1.45
13229,1543920,-0.23,108,1.07
13230,1543926,-10.6,100,0.92
13231,1544136,20.0,125,0.62
13232,1544328,-20.98,100,0.83
13233,1544406,13.71,125,1.03
13234,1544442,60.0,125,1.58
13235,1544520,-14.55,100,1.45
13236,1544526,-55.31,100,1.0
13237,1544736,-28.81,100,0.39
13238,1544934,-10.42,101,0.46
13239,1545006,-15.81,100,0.07
13240,1545042,-26.36,100,-0.21
13241,1545168,-0.26,108,-1.12
13242,1545198,3.26,112,-0.65
13243,1545342,-5.09,101,-1.0
13244,1545534,-26.31,100,-1.6
13245,1545612,-5.14,101,-1.71
13246,1545642,-10.15,100,-1.8
13247,1545768,-52.7,100,-2.41
13248,1545942,-20.81,100,-2.7
13249,1545948,34.97,125,-2.68
13250,1546218,-8.67,101,-2.77
13251,1546224,8.36,115,-2.24
13252,1546368,-20.98,100,-2.63
13253,1546392,32.26,125,-1.77
13254,1546548,-10.93,101,-2.36
13255,1546698,44.98,125,-2.27
13256,1546824,-58.51,100,-2.41
13257,1546968,96.61,125,-1.29
13258,1546980,-1.46,102,-1.23
13259,1546998,-10.77,101,-1.51
13260,1547280,25.98,122,-1.18
13261,1547322,-2.45,104,-1.45
13262,1547454,-1.27,105,-1.78
13263,1547610,-2.83,105,-1.96
13264,1547634,-4.3,106,-2.07
13265,1547718,68.92,125,-1.75
13266,1547880,-29.49,100,-2.0
13267,1547922,-20.71,100,-2.57
13268,1548180,4.65,121,-2.11
13269,1548234,-40.29,100,-2.32
13270,1548360,44.26,125,-1.87
13271,1548468,120.15,125,-0.59
13272,1548480,-28.82,100,-1.12
13273,1548522,-42.15,100,-2.02
13274,1548780,-29.83,100,-2.25
13275,1548846,-5.17,102,-2.29
13276,1549110,44.44,125,-1.72
13277,1549116,-2.79,108,-1.71
13278,1549122,-17.35,100,-1.92
13279,1549230,36.36,125,-1.27
13280,1549446,-23.52,100,-0.98
13281,1549530,66.67,125,-0.31
13282,1549710,-49.8,100,-1.42
13283,1549722,-13.93,100,-2.52
13284,1549770,-3.59,109,-2.53
13285,1549830,-35.27,100,-3.3
13286,1550046,-10.31,100,-3.37
13287,1550130,-29.42,100,-3.26
13288,1550310,-16.09,100,-4.05
13289,1550376,-9.16,101,-4.16
13290,1550472,29.69,125,-3.31
13291,1550508,4.19,113,-3.33
13292,1550646,-37.19,100,-3.64
13293,1550880,63.27,125,-3.01
13294,1550910,-56.19,100,-3.39
13295,1550976,-11.62,100,-3.67
13296,1551144,-2.95,106,-3.6
13297,1551222,12.24,125,-3.46
13298,1551390,8.44,124,-3.31
13299,1551552,-4.17,107,-2.95
13300,1551576,-53.68,100,-3.34
13301,1551630,109.74,125,-1.79
13302,1551756,-1.6,102,-1.71
13303,1551822,-50.68,100,-3.14
13304,1551990,-35.1,100,-3.42
13305,1552176,-34.25,100,-3.72
13306,1552230,-28.72,100,-3.83
13307,1552302,12.21,125,-3.65
13308,1552356,-23.29,100,-3.9
13309,1552572,21.41,125,-3.13
13310,1552692,19.36,117,-2.55
13311,1552776,-28.98,100,-2.72
13312,1552872,-0.79,107,-3.02
13313,1552956,-25.34,100,-3.02
13314,1553004,5.38,117,-2.88
13315,1553172,-44.29,100,-3.27
13316,1553322,0.62,105,-3.09
13317,1553388,-3.11,102,-2.95
13318,1553484,-4.2,102,-3.47
13319,1553610,-10.29,101,-3.33
13320,1553646,4.55,115,-3.4
13321,1553898,21.06,121,-3.09
13322,1553988,-12.89,100,-3.18
13323,1554072,79.49,125,-2.97
13324,1554084,-17.5,100,-3.08
13325,1554210,-25.58,100,-3.12
13326,1554246,-29.81,100,-2.87
13327,1554594,-3.06,116,-2.66
13328,1554684,-47.84,100,-3.09
13329,1554714,-2.27,107,-3.11
13330,1554738,32.87,125,-2.68
13331,1554852,-3.88,101,-2.92
13332,1554960,21.71,125,-2.49
13333,1555290,-4.13,101,-2.67
13334,1555290,6.44,116,-3.2
13335,1555368,-3.61,109,-3.09
13336,1555410,-1.55,112,-2.56
13337,1555602,14.65,125,-2.12
13338,1555638,7.34,113,-1.95
13339,1555890,-17.0,100,-1.96
13340,1555896,-7.95,101,-1.77
13341,1555968,-26.97,100,-2.04
13342,1556082,1.31,112,-2.06
13343,1556244,-6.22,101,-2.07
13344,1556310,5.27,118,-1.76
13345,1556496,-3.88,101,-1.74
13346,1556502,-9.12,101,-1.73
13347,1556568,-10.89,100,-1.31
13348,1556832,62.71,125,-0.48
13349,1556844,-34.98,100,-1.18
13350,1556910,-43.33,100,-1.53
13351,1557102,-8.67,101,-1.7
13352,1557168,-14.64,100,-1.63
13353,1557252,22.87,125,-1.73
13354,1557510,-52.15,100,-2.14
13355,1557582,45.57,125,-2.13
13356,1557594,58.09,125,-0.97
13357,1557702,-36.36,100,-2.3
13358,1557774,-7.37,101,-2.36
13359,1557900,-0.96,108,-2.26
13360,1558128,-4.96,103,-2.57
13361,1558302,-41.15,100,-2.95
13362,1558332,96.91,125,-1.97
13363,1558344,63.33,125,-1.31
13364,1558374,-34.55,100,-1.61
13365,1558506,-10.29,101,-2.4
13366,1558728,-48.75,100,-2.6
13367,1558902,-46.22,100,-2.85
13368,1558950,-2.26,103,-2.92
13369,1559046,-2.22,112,-2.54
13370,1559094,20.16,125,-2.78
13371,1559112,-6.07,101,-4.04
13372,1559328,-22.91,100,-3.98
13373,1559502,-10.4,100,-3.67
13374,1559550,-35.48,100,-3.72
13375,1559646,-28.15,100,-3.95
13376,1559814,3.87,117,-4.36
13377,1559844,106.64,125,-3.26
13378,1559928,-41.23,100,-3.5
13379,1560108,-4.41,101,-3.91
13380,1560264,-2.26,103,-3.7
13381,1560300,60.0,125,-3.77
13382,1560414,-38.76,100,-3.65
13383,1560594,42.41,125,-3.09
13384,1560678,9.63,125,-2.96
13385,1560858,28.47,125,-2.32
13386,1560864,-11.46,100,-2.33
13387,1560978,13.45,113,-1.9
13388,1561164,33.99,125,-1.4
13389,1561284,-7.55,101,-1.39
13390,1561344,6.8,125,-1.62
13391,1561464,-27.13,100,-1.93
13392,1561500,3.29,107,-1.53
13393,1561578,-12.28,100,-2.28
13394,1561782,-5.18,103,-1.77
13395,1561884,-32.73,100,-1.98
13396,1561974,-1.86,105,-1.97
13397,1562070,-7.41,101,-2.17
13398,1562178,-24.75,100,-2.5
13399,1562250,23.42,125,-2.22
13400,1562454,1.98,112,-1.67
13401,1562484,-36.95,100,-3.13
13402,1562574,-50.33,100,-3.62
13403,1562670,-36.0,100,-3.47
13404,1562850,-36.83,100,-3.49
13405,1562928,91.57,125,-2.23
13406,1563054,-36.48,100,-2.31
13407,1563084,-15.81,100,-2.59
13408,1563276,-9.14,101,-2.45
13409,1563288,4.43,119,-2.62
13410,1563450,-35.88,100,-3.17
13411,1563606,-0.79,113,-2.89
13412,1563804,28.81,125,-2.59
13413,1563834,27.59,125,-2.06
13414,1563918,-3.97,107,-2.16
13415,1564038,112.01,125,-0.59
13416,1564050,-43.75,100,-1.04
13417,1564206,-23.26,100,-1.24
13418,1564464,1.7,110,-1.18
13419,1564464,-2.44,105,-1.1
13420,1564518,-20.4,100,-1.35
13421,1564776,7.05,123,-1.49
13422,1564800,53.02,125,-0.83
13423,1564914,3.07,118,-1.6
13424,1565166,17.92,117,-1.24
13425,1565214,21.95,125,-0.77
13426,1565268,30.14,125,-0.17
13427,1565472,-1.76,112,-0.16
13428,1565514,-38.33,100,-0.06
13429,1565526,29.63,125,0.26
13430,1565856,-3.97,115,-0.11
13431,1565868,-28.55,100,-0.36
13432,1565964,28.92,125,-0.28
13433,1566114,-33.49,100,-0.58
13434,1566114,-1.68,107,-0.66
13435,1566276,37.14,125,-0.25
13436,1566546,-3.35,115,-0.27
13437,1566618,46.34,125,0.05
13438,1566714,-19.5,100,-0.22
13439,1566714,102.25,125,0.97
13440,1566726,-4.42,102,1.01
13441,1567026,102.48,125,2.3
13442,1567224,-8.73,101,2.2
13443,1567296,77.36,125,3.04
13444,1567464,53.28,125,3.52
13445,1567464,58.23,125,4.14
13446,1567476,8.91,125,4.32
13447,1567776,86.57,125,5.29
13448,1567830,-6.4,101,4.6
13449,1567956,1.22,110,4.96
13450,1568064,-39.71,100,5.0
13451,1568064,-41.4,100,4.67
13452,1568076,-15.11,100,4.67
13453,1568424,0.24,108,4.44
13454,1568520,1.45,115,4.98
13455,1568628,1.64,112,4.54
13456,1568784,9.26,120,4.05
13457,1568814,71.53,125,5.13
13458,1568826,35.76,125,5.56
13459,1569174,90.3,125,6.47
13460,1569270,43.36,125,6.96
13461,1569378,20.69,125,7.57
13462,1569534,110.36,125,7.71
13463,1569564,17.86,125,7.25
13464,1569576,16.56,125,7.77
13465,1569774,-24.08,100,7.63
13466,1569978,5.91,118,8.17
13467,1570056,2.93,113,8.67
13468,1570164,-15.21,100,8.54
13469,1570176,-50.37,100,8.05
13470,1570284,10.59,125,7.96
13471,1570422,0.11,108,8.02
13472,1570590,-0.3,102,8.25
13473,1570698,-0.57,107,8.35
13474,1570800,-2.97,106,8.67
13475,1570824,-5.86,108,8.89
13476,1570884,-40.57,100,8.45
13477,1571058,-5.0,106,7.33
13478,1571280,-4.95,115,7.7
13479,1571304,-4.95,101,7.69
13480,1571424,-15.94,100,7.55
13481,1571550,100.7,125,7.96
13482,1571622,7.83,123,8.43
13483,1571706,-3.07,108,7.97
13484,1571880,-33.9,100,7.54
13485,1572054,9.27,125,7.34
13486,1572174,36.36,125,7.82
13487,1572222,-11.82,100,7.57
13488,1572300,61.4,125,7.84
13489,1572456,83.91,125,8.76
13490,1572480,-10.6,100,8.58
13491,1572804,29.03,125,9.15
13492,1572822,-43.86,100,8.67
13493,1572828,-0.69,109,8.79
13494,1572930,-2.75,105,8.81
13495,1573080,-49.88,100,8.64
13496,1573206,20.23,125,8.86
13497,1573428,-9.88,101,8.84
13498,1573554,55.41,125,9.64
13499,1573572,-5.47,107,9.35
13500,1573578,36.53,125,9.7
13501,1573680,-24.5,100,9.82
13502,1573956,136.93,125,11.69
13503,1574094,-3.69,111,12.02
13504,1574274,-2.69,117,12.36
13505,1574280,-56.19,100,10.88
13506,1574304,23.87,125,11.48
13507,1574328,42.86,125,12.07
13508,1574556,-19.02,100,11.97
13509,1574844,70.21,125,12.63
13510,1575018,22.01,124,13.21
13511,1575030,103.64,125,14.25
13512,1575054,25.46,125,14.22
13513,1575078,41.79,125,14.36
13514,1575288,10.61,122,14.51
13515,1575444,-53.42,100,12.85
13516,1575678,-35.13,100,12.94
13517,1575744,-1.42,115,13.16
13518,1575768,21.14,125,13.35
13519,1575780,45.39,125,13.83
13520,1575888,-12.09,100,13.91
13521,1576164,12.87,120,13.97
13522,1576410,0.24,111,13.44
13523,1576428,98.68,125,14.4
13524,1576476,6.65,118,14.29
13525,1576500,-0.62,120,14.06
13526,1576524,-2.33,106,13.74
13527,1576908,9.82,124,13.85
13528,1577028,-36.79,100,13.87
13529,1577112,3.29,117,13.6
13530,1577124,-32.86,100,13.32
13531,1577226,102.13,125,14.62
13532,1577250,17.26,125,14.51
13533,1577526,-4.03,103,14.8
13534,1577634,-6.4,101,14.75
13535,1577724,-36.68,100,14.02
13536,1577808,4.86,116,14.1
13537,1577886,10.31,110,13.74
13538,1578000,51.72,125,14.45
13539,1578276,9.97,125,13.53
13540,1578384,71.82,125,14.29
13541,1578408,-39.06,100,12.87
13542,1578474,7.26,125,13.03
13543,1578636,72.66,125,12.99
13544,1578750,32.2,125,12.78
13545,1578882,-7.71,101,12.12
13546,1579002,-4.91,103,11.98
13547,1579092,1.34,114,11.13
13548,1579224,29.15,125,11.48
13549,1579386,56.78,125,12.04
13550,1579500,35.04,125,12.78
13551,1579632,41.38,125,13.61
13552,1579692,-34.82,100,13.42
13553,1579752,10.78,125,13.52
13554,1579890,4.22,111,13.55
13555,1580136,115.95,125,14.69
13556,1580250,83.75,125,15.44
13557,1580382,36.69,125,15.09
13558,1580412,12.21,120,14.85
13559,1580490,-13.14,100,13.82
13560,1580496,1.12,124,13.4
13561,1580886,78.57,125,13.97
13562,1581000,54.64,125,13.42
13563,1581096,-28.22,100,12.96
13564,1581132,67.65,125,13.47
13565,1581162,53.58,125,14.24
13566,1581240,28.11,125,14.47
13567,1581486,-38.46,100,14.05
13568,1581750,80.77,125,15.01
13569,1581762,-19.16,100,15.32
13570,1581846,95.29,125,16.17
13571,1581882,44.88,125,16.62
13572,1581990,53.28,125,17.15
13573,1582092,-9.88,101,17.06
13574,1582446,-37.32,100,16.72
13575,1582446,5.17,116,16.83
13576,1582482,-27.74,100,16.96
13577,1582512,3.68,125,17.04
13578,1582740,27.87,125,17.37
13579,1582842,50.38,125,17.92
13580,1583082,-50.0,100,17.58
13581,1583178,19.84,122,16.78
13582,1583196,93.92,125,17.64
13583,1583262,115.33,125,18.82
13584,1583340,-29.58,100,18.86
13585,1583592,69.28,125,19.46
13586,1583688,-4.44,101,19.06
13587,1583808,-3.17,102,19.14
13588,1583928,68.42,125,19.21
13589,1584012,38.89,125,18.76
13590,1584090,69.28,125,19.56
13591,1584342,38.05,125,19.65
13592,1584438,39.93,125,20.49
13593,1584486,0.51,113,20.5
13594,1584672,15.66,124,20.68
13595,1584762,114.52,125,22.33
13596,1584840,32.08,125,22.45
13597,1585092,152.96,125,24.08
13598,1585188,94.21,125,24.46
13599,1585236,100.0,125,25.52
13600,1585374,-3.29,102,25.12
13601,1585398,12.04,121,25.49
13602,1585440,-34.29,100,23.77
13603,1585836,-20.52,100,23.61
13604,1585842,15.65,125,23.79
13605,1585884,3.14,116,24.38
13606,1586124,61.87,125,24.76
13607,1586136,-1.12,123,24.32
13608,1586190,97.83,125,25.49
13609,1586442,-22.57,100,24.56
13610,1586484,-24.26,100,24.1
13611,1586586,119.93,125,24.26
13612,1586874,16.88,125,24.18
13613,1586886,18.08,125,23.94
13614,1586940,107.36,125,24.91
13615,1587084,-46.67,100,24.98
13616,1587186,-10.03,100,25.23
13617,1587192,75.9,125,26.0
13618,1587492,-8.43,101,25.7
13619,1587600,2.59,110,25.28
13620,1587624,98.56,125,26.38
13621,1587684,-18.11,100,26.07
13622,1587936,68.38,125,26.75
13623,1587942,16.44,125,25.93
13624,1588092,-23.13,100,25.63
13625,1588266,5.84,111,25.7
13626,1588284,-14.78,100,25.57
13627,1588374,53.31,125,26.01
13628,1588572,-2.77,106,26.35
13629,1588692,15.24,125,26.47
13630,1588842,37.58,125,27.17
13631,1588884,-12.66,100,26.03
13632,1589016,41.99,125,26.27
13633,1589052,-5.67,113,26.26
13634,1589322,51.52,125,26.84
13635,1589442,57.26,125,27.77
13636,1589592,67.19,125,28.4
13637,1589622,-6.37,101,28.23
13638,1589634,72.64,125,28.44
13639,1589802,29.63,125,28.64
13640,1589922,-45.32,100,27.47
13641,1590192,48.39,125,28.34
13642,1590192,-42.98,100,27.84
13643,1590372,53.02,125,27.64
13644,1590384,17.46,125,27.49
13645,1590522,-33.18,100,27.24
13646,1590552,163.94,125,28.93
13647,1590804,-1.01,102,28.9
13648,1590924,3.63,122,28.65
13649,1590972,-11.55,100,27.97
13650,1590984,-15.71,100,27.46
13651,1591272,119.78,125,28.24
13652,1591302,123.83,125,29.83
13653,1591524,-27.57,100,29.45
13654,1591554,68.87,125,30.09
13655,1591626,-5.64,109,28.88
13656,1591734,96.67,125,29.0
13657,1592022,32.4,125,28.96
13658,1592034,11.55,122,28.96
13659,1592124,-17.96,100,28.91
13660,1592304,107.02,125,29.97
13661,1592364,24.12,123,29.42
13662,1592460,11.4,121,28.99
13663,1592724,-42.38,100,28.85
13664,1592772,137.76,125,29.55
13665,1592784,112.12,125,30.13
13666,1592916,-3.72,102,29.82
13667,1593114,15.24,125,30.35
13668,1593210,70.49,125,30.25
13669,1593384,-33.56,100,30.11
13670,1593474,53.57,125,29.69
13671,1593522,52.84,125,29.77
13672,1593666,44.09,125,29.68
13673,1593810,-56.19,100,29.21
13674,1593864,49.83,125,30.09
13675,1594122,-21.9,100,29.81
13676,1594134,71.53,125,30.81
13677,1594152,-4.14,113,30.73
13678,1594266,-55.82,100,29.89
13679,1594560,131.34,125,30.7
13680,1594614,39.07,125,31.59
13681,1594722,-13.47,100,31.26
13682,1594872,-10.29,101,30.22
13683,1594884,6.01,125,29.12
13684,1594902,114.29,125,30.56
13685,1595298,14.87,123,30.02
13686,1595334,-4.24,102,30.02
13687,1595364,18.06,125,30.23
13688,1595622,35.59,125,29.9
13689,1595634,26.98,125,29.79
13690,1595652,128.07,125,30.37
13691,1595898,-17.5,100,29.82
13692,1596084,95.73,125,30.38
13693,1596114,86.05,125,31.23
13694,1596372,56.55,125,31.64
13695,1596384,80.89,125,31.3
13696,1596402,47.37,125,31.46
13697,1596498,-46.67,100,29.46
13698,1596834,125.26,125,29.77
13699,1596864,21.41,125,28.98
13700,1596978,-4.16,101,28.98
13701,1597110,10.34,121,28.96
13702,1597152,0.34,109,29.31
13703,1597152,90.81,125,30.42
13704,1597584,88.36,125,31.15
13705,1597614,70.65,125,31.82
13706,1597728,90.48,125,32.11
13707,1597752,-14.78,100,31.97
13708,1597752,-51.61,100,30.48
13709,1597860,193.88,125,32.64
13710,1598184,-32.9,100,32.55
13711,1598214,-60.45,100,30.75
13712,1598340,-2.49,102,30.56
13713,1598352,-12.86,100,30.25
13714,1598502,49.35,125,29.67
13715,1598568,7.79,118,30.21
13716,1598820,-7.08,101,30.24
13717,1598826,-2.87,107,29.45
13718,1598958,-5.97,101,29.48
13719,1598958,-2.72,103,29.42
13720,1599102,-30.0,100,28.14
13721,1599300,6.93,122,28.39
13722,1599420,-31.54,100,27.39
13723,1599486,0.24,110,27.23
13724,1599570,-2.22,102,27.44
13725,1599708,62.96,125,28.01
13726,1599852,84.78,125,29.0
13727,1600020,-47.95,100,27.99
13728,1600050,44.74,125,28.47
13729,1600086,-34.54,100,27.97
13730,1600296,6.52,121,27.66
13731,1600314,-5.33,101,27.73
13732,1600500,5.91,108,27.37
13733,1600716,5.46,111,27.48
13734,1600740,-2.99,109,26.94
13735,1600770,43.36,125,26.8
13736,1600896,-38.06,100,25.75
13737,1600914,-11.68,100,25.69
13738,1601238,-1.97,123,24.95
13739,1601316,-12.91,100,24.52
13740,1601340,-30.94,100,24.66
13741,1601370,-36.04,100,23.82
13742,1601496,-13.11,100,24.12
13743,1601532,-2.82,103,23.56
13744,1601838,-42.33,100,22.96
13745,1601916,-34.55,100,22.95
13746,1601946,-7.32,101,21.24
13747,1601970,-36.52,100,20.88
13748,1602096,-16.84,100,20.68
13749,1602132,-14.85,100,20.64
13750,1602444,-9.13,101,20.71
13751,1602522,-8.64,101,19.43
13752,1602552,-9.88,101,18.09
13753,1602570,-27.57,100,18.09
13754,1602696,-12.84,100,17.27
13755,1602732,-26.04,100,17.07
13756,1603050,-9.63,101,16.0
13757,1603122,-17.5,100,15.51
13758,1603152,-17.29,100,15.22
13759,1603170,-41.17,100,14.98
13760,1603296,-12.14,100,13.79
13761,1603332,-14.21,100,13.41
13762,1603656,-9.8,101,13.2
13763,1603722,-59.83,100,13.02
13764,1603758,-10.57,101,11.54
13765,1603770,-32.94,100,10.09
13766,1603896,-40.43,100,9.72
13767,1604082,42.31,125,9.99
13768,1604280,-0.47,104,9.28
13769,1604322,-12.48,100,9.49
13770,1604364,-10.44,101,8.85
13771,1604370,-10.46,100,8.22
13772,1604508,-3.78,102,7.74
13773,1604682,-11.65,100,8.19
13774,1604922,-10.56,100,7.58
13775,1604964,-38.33,100,7.42
13776,1604970,-19.29,100,6.51
13777,1605018,1.93,123,6.57
13778,1605126,-3.75,103,7.09
13779,1605282,-13.99,100,5.64
13780,1605528,-4.75,101,5.2
13781,1605570,-15.28,100,5.18
13782,1605618,-31.31,100,4.97
13783,1605714,18.42,125,5.1
13784,1605726,-12.86,100,3.83
13785,1606032,32.57,125,4.0
13786,1606146,-4.11,103,4.0
13787,1606212,-4.61,107,3.78
13788,1606218,-18.91,100,3.23
13789,1606314,-24.19,100,2.72
13790,1606326,-25.26,100,1.19
13791,1606638,-8.34,101,1.28
13792,1606746,-14.21,100,0.18
13793,1606824,-4.19,101,-0.72
13794,1606926,-23.93,100,-1.53
13795,1606962,36.67,125,-1.97
13796,1607064,28.76,125,-2.16
13797,1607238,-38.48,100,-2.07
13798,1607346,-25.83,100,-3.58
13799,1607430,-10.13,101,-3.9
13800,1607562,-19.85,100,-4.06
13801,1607568,-5.33,107,-4.21
13802,1607664,-39.51,100,-4.61
13803,1607838,-50.59,100,-6.03
13804,1608006,-1.19,110,-6.92
13805,1608030,-13.97,100,-7.77
13806,1608162,-20.81,100,-8.88
13807,1608168,-40.0,100,-9.13
13808,1608264,-36.68,100,-8.98
13809,1608438,-25.05,100,-11.17
13810,1608606,-10.92,100,-10.95
13811,1608630,-15.81,100,-10.51
13812,1608762,-35.97,100,-10.84
13813,1608768,-16.67,100,-10.88
13814,1609014,17.06,125,-11.2
13815,1609038,-21.61,100,-11.5
13816,1609206,-25.86,100,-11.68
13817,1609230,-16.03,100,-11.82
13818,1609362,-15.29,100,-11.91
13819,1609368,-20.59,100,-12.09
13820,1609620,-10.62,101,-11.89
13821,1609638,-10.4,100,-12.07
13822,1609806,-37.1,100,-12.12
13823,1609968,-18.51,100,-12.31
13824,1609968,-5.04,101,-12.34
13825,1609980,19.6,125,-12.77
13826,1610220,-12.66,100,-13.75
13827,1610322,-2.16,114,-13.29
13828,1610406,-18.98,100,-13.93
13829,1610568,-16.62,100,-13.75
13830,1610580,-11.97,100,-13.93
13831,1610718,34.06,125,-13.54
13832,1610820,-40.43,100,-14.0
13833,1610922,-12.43,100,-14.18
13834,1611006,-17.89,100,-14.33
13835,1611168,-10.91,100,-14.87
13836,1611186,-7.81,101,-14.57
13837,1611372,-2.95,109,-14.48
13838,1611522,-58.13,100,-15.04
13839,1611570,39.29,125,-14.52
13840,1611606,-40.66,100,-14.62
13841,1611786,-10.8,100,-14.37
13842,1611918,28.68,125,-13.95
13843,1611972,-37.58,100,-14.3
13844,1612122,-18.98,100,-14.06
13845,1612170,-12.32,100,-13.84
13846,1612356,18.42,125,-13.58
13847,1612398,-0.35,102,-13.22
13848,1612524,-9.85,101,-13.15
13849,1612572,-40.49,100,-13.41
13850,1612722,-31.39,100,-13.63
13851,1612770,-40.24,100,-13.95
13852,1612962,-7.85,101,-13.93
13853,1613100,-1.23,117,-13.66
13854,1613130,-9.12,101,-13.63
13855,1613244,-2.06,112,-13.39
13856,1613322,-14.71,100,-13.44
13857,1613370,-21.98,100,-13.48
13858,1613562,-19.3,100,-13.5
13859,1613706,-8.43,101,-13.17
13860,1613730,-27.02,100,-13.32
13861,1613844,-22.31,100,-13.4
13862,1613922,-19.94,100,-13.51
13863,1613970,-28.01,100,-13.19
13864,1614162,-40.85,100,-13.49
13865,1614312,-5.8,101,-13.22
13866,1614330,-18.93,100,-13.0
13867,1614444,-15.94,100,-13.59
13868,1614522,-28.45,100,-13.87
13869,1614720,24.14,125,-13.5
13870,1614768,-8.99,101,-13.49
13871,1614912,-26.84,100,-13.65
13872,1614948,-1.98,103,-13.63
13873,1615122,-15.48,100,-13.67
13874,1615194,24.63,125,-13.32
13875,1615320,-11.4,100,-13.05
13876,1615368,-19.1,100,-13.05
13877,1615512,-50.68,100,-13.57
13878,1615548,-16.67,100,-13.7
13879,1615728,-8.19,101,-13.64
13880,1615920,-13.55,100,-13.73
13881,1615944,19.4,125,-13.39
13882,1615968,-10.69,100,-13.18
13883,1616112,-29.04,100,-13.65
13884,1616148,-39.6,100,-13.92
13885,1616328,-28.21,100,-14.53
13886,1616520,-16.03,100,-14.65
13887,1616550,-9.85,101,-14.7
13888,1616568,-20.14,100,-14.71
13889,1616718,-5.33,101,-14.52
13890,1616754,-8.64,101,-14.36
13891,1616928,-42.73,100,-14.7
13892,1617156,-4.71,101,-14.61
13893,1617270,13.15,125,-14.43
13894,1617318,15.27,125,-14.04
13895,1617318,-39.32,100,-14.8
13896,1617396,-1.83,107,-15.11
13897,1617528,-13.8,100,-14.86
13898,1617756,-46.91,100,-15.07
13899,1617876,-6.73,101,-15.04
13900,1617924,-8.83,101,-14.93
13901,1617990,1.31,112,-14.86
13902,1617996,-32.83,100,-14.79
13903,1618134,-5.04,101,-14.34
13904,1618362,-6.58,101,-14.39
13905,1618476,-29.81,100,-14.55
13906,1618524,-19.87,100,-14.54
13907,1618590,-14.55,100,-14.29
13908,1618596,-12.94,100,-14.05
13909,1618734,-18.71,100,-13.99
13910,1618962,-13.8,100,-14.01
13911,1619076,-16.08,100,-14.02
13912,1619124,-51.15,100,-14.17
13913,1619190,-25.76,100,-14.26
13914,1619244,3.2,108,-14.4
13915,1619334,-19.16,100,-14.37
13916,1619562,-19.87,100,-14.31
13917,1619676,-10.0,100,-14.25
13918,1619724,-14.03,100,-14.24
13919,1619796,-6.73,101,-14.1
13920,1619844,-41.81,100,-14.41
13921,1619940,-9.93,101,-14.41
13922,1620228,2.44,111,-14.01
13923,1620276,-22.53,100,-14.05
13924,1620324,-15.06,100,-14.15
13925,1620396,-14.21,100,-14.49
13926,1620540,-33.18,100,-14.7
13927,1620540,-1.56,116,-14.69
13928,1620828,-18.84,100,-14.69
13929,1620918,-1.14,107,-14.54
13930,1620924,-13.99,100,-14.56
13931,1621116,17.45,120,-14.72
13932,1621140,-16.24,100,-14.48
13933,1621290,47.29,125,-13.88
13934,1621434,-4.14,101,-13.75
13935,1621518,-41.66,100,-14.05
13936,1621524,-37.65,100,-14.35
13937,1621716,-25.51,100,-14.58
13938,1621746,-7.12,101,-14.07
13939,1621890,-40.0,100,-14.86
13940,1622040,-8.86,101,-14.54
13941,1622118,-43.21,100,-14.87
13942,1622124,-44.16,100,-15.59
13943,1622316,-23.52,100,-15.45
13944,1622346,-40.11,100,-15.67
13945,1622490,-47.53,100,-16.02
13946,1622646,-6.07,101,-16.26
13947,1622724,-15.71,100,-16.42
13948,1622808,4.89,115,-16.27
13949,1622916,-19.87,100,-16.06
13950,1622946,-15.81,100,-15.91
13951,1623096,-9.13,101,-15.6
13952,1623264,-2.69,103,-15.54
13953,1623324,-27.71,100,-15.81
13954,1623408,-42.12,100,-16.14
13955,1623516,-10.8,100,-16.23
13956,1623552,-9.64,101,-16.18
13957,1623696,-14.26,100,-16.1
13958,1623864,-26.43,100,-16.17
13959,1623924,-51.43,100,-16.6
13960,1624008,-12.04,100,-16.45
13961,1624134,-3.89,103,-16.27
13962,1624152,-28.91,100,-16.36
13963,1624296,-13.54,100,-16.21
13964,1624470,-4.14,101,-15.84
13965,1624530,-10.09,101,-15.89
13966,1624734,-25.95,100,-15.96
13967,1624758,-4.16,101,-15.84
13968,1624758,22.38,125,-15.33
13969,1624968,3.42,112,-15.54
13970,1625070,-16.67,100,-15.61
13971,1625136,-6.61,101,-15.41
13972,1625334,-41.81,100,-15.81
13973,1625358,-46.33,100,-16.12
13974,1625430,7.04,112,-16.29
13975,1625670,2.62,117,-16.15
13976,1625670,-22.45,100,-16.19
13977,1625772,-0.51,106,-15.69
13978,1625958,-16.51,100,-15.68
13979,1626030,-14.58,100,-15.75
13980,1626084,52.78,125,-15.08
13981,1626270,-55.27,100,-15.83
13982,1626276,-10.86,101,-15.83
13983,1626372,-28.82,100,-15.83
13984,1626630,-12.72,100,-15.56
13985,1626684,3.55,121,-15.24
13986,1626684,-28.88,100,-15.37
13987,1626876,-8.34,101,-15.36
13988,1626972,-48.75,100,-15.64
13989,1626996,-4.0,120,-15.63
13990,1627236,-4.89,101,-15.59
13991,1627284,-14.21,100,-15.31
13992,1627308,-5.08,104,-15.31
13993,1627476,-26.52,100,-15.71
13994,1627572,-25.25,100,-16.11
13995,1627602,-9.97,101,-15.82
13996,1627836,-54.52,100,-16.35
13997,1627884,-49.51,100,-16.7
13998,1627908,-13.33,100,-16.37
13999,1628076,-50.78,100,-16.81
14000,1628178,-5.89,101,-16.78
14001,1628202,-13.99,100,-16.93
14002,1628436,-27.37,100,-16.88
14003,1628484,-17.28,100,-17.0
14004,1628508,-23.0,100,-17.16
14005,1628676,-14.26,100,-17.01
14006,1628778,-30.17,100,-17.11
14007,1628802,-24.29,100,-17.21
14008,1629036,-37.52,100,-17.46
14009,1629084,-12.48,100,-17.39
14010,1629108,-11.35,100,-17.37
14011,1629276,-12.2,100,-17.33
14012,1629378,-22.48,100,-17.04
14013,1629402,-18.36,100,-16.97
14014,1629636,-48.25,100,-17.48
14015,1629690,-7.3,101,-17.36
14016,1629708,-38.71,100,-17.55
14017,1629876,-22.31,100,-17.68
14018,1629978,-16.75,100,-17.7
14019,1630002,-39.46,100,-18.03
14020,1630236,-16.75,100,-17.78
14021,1630296,-10.17,101,-17.78
14022,1630308,-49.28,100,-18.3
14023,1630524,-3.38,108,-18.11
14024,1630584,-3.59,101,-17.99
14025,1630602,-22.95,100,-18.08
14026,1630836,-35.97,100,-18.11
14027,1630908,-17.29,100,-18.27
14028,1630908,-1.46,102,-18.09
14029,1631124,-15.37,100,-18.23
14030,1631184,-18.11,100,-18.28
14031,1631208,-9.61,101,-18.55
14032,1631448,-5.12,102,-18.44
14033,1631508,-31.84,100,-19.23
14034,1631658,29.31,125,-18.89
14035,1631724,-34.55,100,-18.82
14036,1631796,-3.48,102,-18.48
14037,1631808,-55.0,100,-18.77
14038,1632054,-7.55,101,-18.78
14039,1632108,-13.96,100,-18.52
14040,1632258,-27.04,100,-18.7
14041,1632324,-38.48,100,-18.65
14042,1632408,-19.49,100,-18.41
14043,1632414,-2.85,103,-18.2
14044,1632732,4.46,113,-17.75
14045,1632744,-4.53,106,-17.32
14046,1632858,-17.06,100,-17.43
14047,1632930,-10.33,101,-17.38
14048,1633014,-11.46,100,-17.54
14049,1633068,4.05,110,-17.3
14050,1633332,-16.88,100,-17.31
14051,1633350,-8.83,101,-17.31
14052,1633530,-14.78,100,-17.43
14053,1633608,48.55,125,-16.67
14054,1633614,-55.46,100,-16.8
14055,1633674,-5.61,101,-16.75
14056,1633938,-7.0,101,-16.73
14057,1633956,-5.53,101,-16.64
14058,1634130,-23.28,100,-16.61
14059,1634208,-12.26,100,-16.21
14060,1634250,-2.56,106,-16.12
14061,1634274,-17.25,100,-16.25
14062,1634538,-12.91,100,-16.09
14063,1634574,-4.48,103,-16.0
14064,1634730,-22.37,100,-16.19
14065,1634808,-14.26,100,-16.23
14066,1634874,-16.45,100,-16.13
14067,1635000,24.5,125,-15.85
14068,1635138,-50.68,100,-16.58
14069,1635180,-7.16,101,-16.68
14070,1635336,-10.09,101,-16.62
14071,1635414,-7.08,101,-16.62
14072,1635492,-3.75,103,-16.24
14073,1635600,-50.49,100,-16.28
14074,1635738,-14.21,100,-16.49
14075,1635780,-53.1,100,-17.05
14076,1635936,-27.74,100,-17.1
14077,1636014,-20.96,100,-17.31
14078,1636098,-4.71,101,-17.19
14079,1636206,-5.61,101,-17.1
14080,1636338,-11.03,100,-17.74
14081,1636386,-5.79,101,-17.24
14082,1636536,-16.42,100,-17.3
14083,1636614,-42.96,100,-17.44
14084,1636848,3.2,125,-17.28
14085,1636926,3.01,120,-17.29
14086,1636938,-21.56,100,-17.21
14087,1636986,-41.17,100,-17.54
14088,1637154,-5.48,103,-17.11
14089,1637220,-10.38,101,-17.17
14090,1637454,-5.8,101,-17.18
14091,1637532,-7.81,101,-17.12
14092,1637580,-4.94,107,-17.12
14093,1637586,-27.48,100,-17.13
14094,1637754,-43.64,100,-17.31
14095,1637826,-9.37,101,-17.3
14096,1638132,-55.03,100,-17.31
14097,1638150,-0.02,116,-16.82
14098,1638180,-10.46,100,-16.79
14099,1638336,13.43,125,-16.14
14100,1638354,-41.94,100,-16.5
14101,1638462,-2.73,106,-16.39
14102,1638732,-30.0,100,-16.42
14103,1638750,-31.85,100,-16.56
14104,1638780,-31.89,100,-16.65
14105,1638936,-48.75,100,-17.0
14106,1638954,-14.93,100,-16.85
14107,1639062,-23.94,100,-16.84
14108,1639332,-15.9,100,-16.63
14109,1639350,-32.21,100,-16.82
14110,1639398,-4.71,103,-16.76
14111,1639536,-20.44,100,-16.84
14112,1639554,-10.31,100,-16.72
14113,1639662,-12.2,100,-16.66
14114,1639932,-13.77,100,-16.31
14115,1639956,-4.64,101,-16.28
14116,1640136,-10.46,100,-16.0
14117,1640148,25.0,125,-15.53
14118,1640154,-21.39,100,-15.58
14119,1640262,-10.8,100,-15.29
14120,1640532,-34.06,100,-15.46
14121,1640562,-9.9,101,-15.46
14122,1640742,-8.64,101,-15.05
14123,1640748,-16.31,100,-15.18
14124,1640754,-20.98,100,-15.36
14125,1640868,-4.39,101,-15.17
14126,1641132,-21.18,100,-15.02
14127,1641162,-40.91,100,-15.26
14128,1641348,-26.37,100,-15.51
14129,1641354,-23.14,100,-15.59
14130,1641474,-9.12,101,-15.5
14131,1641492,16.84,125,-15.23
14132,1641738,-6.85,101,-15.25
14133,1641822,-0.16,110,-14.93
14134,1641948,-46.22,100,-15.69
14135,1641990,-1.77,106,-15.36
14136,1642080,-10.43,101,-15.43
14137,1642092,-50.7,100,-15.39
14138,1642338,-13.55,100,-15.45
14139,1642428,-5.64,101,-15.36
14140,1642554,-5.97,101,-15.15
14141,1642602,-0.83,102,-14.78
14142,1642692,-28.15,100,-14.86
14143,1642704,-1.93,104,-14.85
14144,1642938,-44.29,100,-15.34
14145,1643028,-36.66,100,-15.66
14146,1643160,-5.53,101,-15.55
14147,1643208,-10.57,101,-15.55
14148,1643292,-38.96,100,-15.82
14149,1643310,-8.77,101,-15.95
14150,1643544,-10.57,101,-15.89
14151,1643634,-5.39,101,-15.85
14152,1643766,-9.12,101,-15.8
14153,1643808,-30.53,100,-16.59
14154,1643910,-10.82,100,-16.14
14155,1644042,8.91,125,-16.0
14156,1644144,-37.1,100,-16.3
14157,1644234,-33.74,100,-16.58
14158,1644366,-12.48,100,-16.47
14159,1644510,-11.41,100,-16.46
14160,1644558,21.08,125,-16.23
14161,1644642,-13.77,100,-16.19
14162,1644744,-39.42,100,-16.46
14163,1644840,-8.47,101,-16.5
14164,1644966,-31.7,100,-16.59
14165,1645158,-13.72,100,-16.58
14166,1645248,-5.97,101,-16.48
14167,1645260,34.87,125,-16.38
14168,1645344,-38.96,100,-16.26
14169,1645446,-10.38,101,-16.29
14170,1645626,-1.36,110,-16.2
14171,1645848,-36.52,100,-16.5
14172,1645860,-35.48,100,-16.82
14173,1645908,46.15,125,-15.85
14174,1645944,-33.8,100,-16.04
14175,1646052,-6.48,101,-15.58
14176,1646226,-10.92,100,-15.41
14177,1646460,-3.53,102,-15.24
14178,1646460,-19.62,100,-15.39
14179,1646658,18.52,125,-15.14
14180,1646694,28.11,125,-14.75
14181,1646754,11.84,117,-14.58
14182,1646832,-3.88,101,-14.45
14183,1647066,-5.7,101,-14.08
14184,1647072,-4.14,102,-14.15
14185,1647258,-12.89,100,-14.31
14186,1647300,-6.45,101,-14.16
14187,1647354,-15.78,100,-13.91
14188,1647444,-1.75,102,-13.87
14189,1647708,-3.37,106,-13.8
14190,1647768,8.59,117,-13.65
14191,1647900,-20.35,100,-13.78
14192,1647954,-21.38,100,-13.94
14193,1647996,6.86,123,-13.6
14194,1648050,-8.6,101,-13.25
14195,1648308,-16.62,100,-13.32
14196,1648416,-6.53,108,-12.84
14197,1648554,-51.1,100,-13.35
14198,1648602,-6.48,101,-13.31
14199,1648650,37.68,125,-13.07
14200,1648650,-15.77,100,-12.8
14201,1648908,-10.31,100,-12.88
14202,1649016,-13.99,100,-12.72
14203,1649154,-11.9,100,-12.52
14204,1649202,-10.15,100,-12.3
14205,1649256,-8.43,101,-11.9
14206,1649328,0.85,113,-11.74
14207,1649508,-22.45,100,-11.73
14208,1649670,-3.58,109,-11.6
14209,1649760,-8.64,101,-11.37
14210,1649802,-25.53,100,-11.58
14211,1649856,-21.72,100,-11.59
14212,1649928,-13.26,100,-11.62
14213,1650126,-4.7,103,-11.54
14214,1650270,-15.81,100,-11.56
14215,1650402,-43.46,100,-11.95
14216,1650462,-9.37,101,-11.94
14217,1650486,2.1,121,-12.17
14218,1650582,-0.99,109,-11.97
14219,1650876,45.39,125,-11.4
14220,1650888,-3.98,103,-11.1
14221,1651002,-41.94,100,-11.42
14222,1651068,-5.53,101,-11.39
14223,1651182,-27.92,100,-11.51
14224,1651236,16.67,125,-11.13
14225,1651476,-17.5,100,-11.26
14226,1651530,-1.68,107,-11.07
14227,1651602,-22.57,100,-10.89
14228,1651668,-14.38,100,-10.77
14229,1651782,-17.91,100,-10.71
14230,1651836,-49.37,100,-11.12
14231,1652076,-11.82,100,-11.4
14232,1652166,-3.44,106,-11.37
14233,1652202,-45.84,100,-11.82
14234,1652280,-2.43,102,-11.39
14235,1652388,-8.34,101,-11.45
14236,1652436,-20.35,100,-11.55
14237,1652676,-24.26,100,-11.29
14238,1652766,-36.67,100,-11.52
14239,1652850,-2.68,108,-11.49
14240,1652880,-21.58,100,-11.65
14241,1652994,-10.62,101,-11.74
14242,1653042,-5.14,101,-11.51
14243,1653276,-21.58,100,-11.71
14244,1653366,-28.57,100,-11.55
14245,1653450,-10.56,100,-11.29
14246,1653480,-12.26,100,-11.36
14247,1653594,-10.31,100,-11.36
14248,1653792,9.63,125,-10.87
14249,1653876,-13.99,100,-10.92
14250,1653972,-10.62,101,-10.92
14251,1654056,-3.88,101,-10.91
14252,1654086,-5.14,101,-10.87
14253,1654200,-6.17,101,-10.62
14254,1654428,-0.86,106,-10.52
14255,1654482,-9.83,101,-10.71
14256,1654572,-21.94,100,-10.56
14257,1654656,-10.92,100,-10.33
14258,1654686,-34.86,100,-10.56
14259,1654800,-36.92,100,-10.81
14260,1655028,-44.14,100,-11.46
14261,1655202,4.75,120,-11.28
14262,1655256,-19.1,100,-11.08
14263,1655286,-34.55,100,-11.34
14264,1655322,7.02,125,-10.95
14265,1655400,-10.8,100,-10.92
14266,1655646,-4.11,103,-10.9
14267,1655808,-9.13,101,-11.34
14268,1655856,-31.3,100,-11.26
14269,1655904,-1.98,103,-11.18
14270,1655922,-12.86,100,-11.3
14271,1656000,-17.5,100,-11.11
14272,1656258,-1.01,102,-10.76
14273,1656408,-33.27,100,-11.55
14274,1656456,-19.6,100,-11.41
14275,1656510,-9.13,101,-11.44
14276,1656522,-48.05,100,-11.81
14277,1656600,-11.97,100,-11.9
14278,1656858,-11.97,100,-11.82
14279,1657008,-16.45,100,-12.17
14280,1657056,-33.33,100,-12.78
14281,1657110,-34.23,100,-13.24
14282,1657206,-8.28,101,-13.29
14283,1657272,11.48,125,-13.12
14284,1657458,-17.5,100,-13.25
14285,1657608,-50.3,100,-13.62
14286,1657656,-22.68,100,-13.79
14287,1657716,-4.14,101,-13.67
14288,1657890,-4.22,103,-13.69
14289,1657896,1.86,115,-13.64
14290,1658058,-23.14,100,-13.96
14291,1658208,-11.6,100,-13.87
14292,1658262,-9.83,101,-13.76
14293,1658316,-14.87,100,-13.97
14294,1658532,-4.12,107,-13.93
14295,1658562,-2.78,111,-13.79
14296,1658676,-2.08,103,-13.75
14297,1658916,-24.62,100,-13.48
14298,1658952,-4.9,115,-13.47
14299,1658958,28.1,125,-13.56
14300,1659162,-12.75,100,-13.53
14301,1659186,-5.18,109,-13.48
14302,1659276,-36.11,100,-13.7
14303,1659558,-40.78,100,-13.99
14304,1659564,-2.65,102,-13.91
14305,1659666,50.58,125,-13.32
14306,1659786,-34.02,100,-13.67
14307,1659912,16.47,125,-13.28
14308,1659918,-1.04,107,-13.26
14309,1660164,-37.52,100,-13.55
14310,1660224,-4.16,111,-13.33
14311,1660386,-14.31,100,-13.26
14312,1660416,16.36,125,-12.96
14313,1660512,-47.97,100,-13.4
14314,1660668,30.14,125,-12.94
14315,1660764,-30.35,100,-12.81
14316,1660824,-19.39,100,-12.91
14317,1660992,-9.14,101,-13.02
14318,1661118,-3.58,101,-13.04
14319,1661166,-0.0,125,-13.5
14320,1661268,-12.26,100,-13.58
14321,1661370,-5.26,101,-13.21
14322,1661478,-1.79,109,-13.18
14323,1661592,-11.27,100,-13.01
14324,1661724,-5.53,101,-13.23
14325,1661772,-7.88,101,-13.14
14326,1661874,-8.14,101,-13.2
14327,1661970,-10.6,100,-13.08
14328,1662084,-5.53,101,-12.99
14329,1662192,-31.7,100,-13.13
14330,1662330,-9.14,101,-12.73
14331,1662408,-0.88,106,-12.62
14332,1662504,-1.32,105,-12.6
14333,1662576,-8.88,101,-12.23
14334,1662792,-39.04,100,-12.59
14335,1662834,18.47,125,-12.33
14336,1663020,-1.74,102,-12.14
14337,1663038,12.74,118,-11.77
14338,1663104,-37.24,100,-11.78
14339,1663176,-14.58,100,-11.89
14340,1663488,11.01,116,-11.57
14341,1663548,-7.36,119,-11.54
14342,1663620,-17.96,100,-11.66
14343,1663686,-0.9,108,-11.46
14344,1663710,-8.9,101,-11.26
14345,1663794,-2.82,103,-11.18
14346,1664088,-11.15,100,-11.17
14347,1664148,-43.41,100,-11.5
14348,1664220,-16.86,100,-11.77
14349,1664286,-12.93,100,-11.76
14350,1664310,-48.25,100,-12.13
14351,1664400,-6.6,101,-12.16
14352,1664688,-14.93,100,-12.26
14353,1664748,-26.37,100,-12.46
14354,1664820,-11.65,100,-12.57
14355,1664928,-2.82,107,-12.5
14356,1664934,-4.25,104,-12.32
14357,1665000,-17.91,100,-12.39
14358,1665288,-47.46,100,-12.52
14359,1665348,-12.26,100,-12.27
14360,1665528,-28.28,100,-12.11
14361,1665570,7.01,125,-12.09
14362,1665576,-3.25,107,-11.93
14363,1665600,-29.81,100,-11.88
14364,1665888,-19.5,100,-12.15
14365,1665990,0.54,107,-12.04
14366,1666170,-30.53,100,-12.3
14367,1666176,-12.48,100,-12.33
14368,1666206,-4.14,101,-12.06
14369,1666230,-4.63,117,-12.09
14370,1666500,-1.74,102,-11.98
14371,1666596,-8.39,101,-11.89
14372,1666770,-14.43,100,-12.02
14373,1666794,-2.56,103,-11.71
14374,1666806,-23.82,100,-11.76
14375,1666872,-1.68,107,-11.68
14376,1667100,-14.38,100,-11.34
14377,1667196,-40.78,100,-11.63
14378,1667370,-15.94,100,-11.67
14379,1667394,-15.78,100,-11.67
14380,1667406,-17.7,100,-11.51
14381,1667556,-1.91,114,-11.19
14382,1667736,-0.88,106,-11.11
14383,1667796,-12.93,100,-11.36
14384,1667970,-12.38,100,-11.3
14385,1667994,-16.31,100,-10.96
14386,1668012,-7.37,101,-10.81
14387,1668258,1.1,117,-10.76
14388,1668336,-14.01,100,-10.86
14389,1668444,-5.7,108,-10.93
14390,1668600,-4.68,101,-10.75
14391,1668612,-33.41,100,-10.97
14392,1668648,2.88,113,-10.84
14393,1668858,-14.43,100,-10.83
14394,1668936,-32.38,100,-11.12
14395,1669044,-14.48,100,-11.23
14396,1669206,-5.56,101,-11.27
14397,1669212,-10.56,100,-11.13
14398,1669248,-32.53,100,-11.4
14399,1669458,-11.97,100,-11.81
14400,1669536,-14.26,100,-11.82
14401,1669644,-12.38,100,-11.89
14402,1669812,-8.34,101,-11.61
14403,1669812,-22.57,100,-11.43
14404,1669866,-2.98,103,-11.44
14405,1670058,-24.93,100,-12.19
14406,1670136,-33.02,100,-12.18
14407,1670244,-22.75,100,-12.57
14408,1670412,-39.71,100,-12.96
14409,1670418,-9.17,101,-12.68
14410,1670466,-11.27,100,-12.75
14411,1670736,-22.76,100,-12.83
14412,1670790,4.03,122,-12.96
14413,1670844,-14.43,100,-12.62
14414,1671030,-2.83,102,-12.95
14415,1671072,-4.41,101,-12.69
14416,1671108,5.24,116,-12.44
14417,1671336,-41.81,100,-12.77
14418,1671420,-6.36,105,-12.8
14419,1671444,-35.93,100,-13.16
14420,1671630,-20.83,100,-13.24
14421,1671672,-26.78,100,-13.46
14422,1671708,-18.46,100,-13.63
14423,1672044,-25.45,100,-13.77
14424,1672062,-3.97,107,-13.75
14425,1672086,15.79,125,-13.51
14426,1672230,-41.29,100,-13.85
14427,1672272,-18.38,100,-13.92
14428,1672368,-3.49,110,-13.9
14429,1672644,-57.27,100,-14.16
14430,1672662,-26.77,100,-14.34
14431,1672692,-8.86,101,-14.42
14432,1672872,-13.57,100,-14.54
14433,1672884,-5.49,109,-14.5
14434,1672968,-13.55,100,-14.25
14435,1673250,-5.89,101,-14.49
14436,1673262,-19.8,100,-14.67
14437,1673400,-3.49,118,-14.84
14438,1673478,-5.89,101,-14.52
14439,1673634,85.61,125,-13.52
14440,1673700,-0.95,122,-13.64
14441,1673856,-8.64,101,-13.65
14442,1673904,-0.49,107,-13.48
14443,1674006,-10.09,101,-13.57
14444,1674114,-0.8,106,-13.49
14445,1674234,-50.33,100,-13.96
14446,1674306,-4.64,101,-13.9
14447,1674456,-11.82,100,-13.58
14448,1674504,-11.82,100,-13.53
14449,1674612,-8.88,101,-13.49
14450,1674840,-9.85,101,-13.11
14451,1674840,3.55,121,-13.01
14452,1674906,-45.25,100,-13.31
14453,1675056,-33.5,100,-13.38
14454,1675164,-1.19,110,-13.28
14455,1675218,-8.88,101,-13.34
14456,1675440,-41.81,100,-13.71
14457,1675440,-32.21,100,-13.86
14458,1675542,-1.74,106,-13.4
14459,1675728,-0.38,112,-13.28
14460,1675836,-5.72,103,-13.05
14461,1675914,11.11,125,-13.01
14462,1676040,-36.95,100,-13.35
14463,1676148,-8.07,101,-13.13
14464,1676190,19.86,125,-12.74
14465,1676328,-15.38,100,-12.9
14466,1676442,-6.48,101,-12.66
14467,1676514,-13.58,100,-12.67
14468,1676640,-13.12,100,-12.76
14469,1676754,-4.71,101,-12.76
14470,1676790,-39.85,100,-13.14
14471,1676976,-1.65,108,-13.07
14472,1677114,-18.11,100,-13.11
14473,1677126,2.19,114,-13.06
14474,1677240,-30.66,100,-13.13
14475,1677354,-23.3,100,-13.35
14476,1677396,-5.46,101,-13.26
14477,1677576,-13.77,100,-12.99
14478,1677714,-11.97,100,-12.95
14479,1677732,-8.56,101,-12.88
14480,1677840,-11.46,100,-12.81
14481,1677954,-16.75,100,-12.96
14482,1677996,-23.52,100,-13.19
14483,1678176,-11.65,100,-13.18
14484,1678314,-45.94,100,-13.51
14485,1678338,-8.7,101,-13.44
14486,1678446,-6.6,101,-13.43
14487,1678554,-36.81,100,-13.81
14488,1678596,-33.02,100,-14.0
14489,1678776,-39.04,100,-14.33
14490,1678938,-46.78,100,-14.75
14491,1679028,7.74,119,-14.34
14492,1679046,-12.62,100,-14.49
14493,1679154,-25.21,100,-14.6
14494,1679196,-13.33,100,-14.41
14495,1679382,-7.27,101,-14.34
14496,1679538,-48.94,100,-14.77
14497,1679634,-5.33,101,-14.72
14498,1679646,-13.12,100,-14.53
14499,1679754,-34.98,100,-14.76
14500,1679946,45.67,125,-14.16
14501,1679982,-53.33,100,-14.57
14502,1680144,-4.85,101,-14.53
14503,1680240,-4.16,101,-14.35
14504,1680246,-20.56,100,-14.52
14505,1680354,-17.28,100,-14.45
14506,1680552,-7.27,101,-14.19
14507,1680582,-15.28,100,-14.12
14508,1680744,-12.26,100,-13.84
14509,1680846,-11.9,100,-13.87
14510,1680852,-1.74,102,-13.77
14511,1680954,-13.11,100,-13.68
14512,1681152,-16.88,100,-13.89
14513,1681200,-2.23,103,-13.76
14514,1681344,-14.43,100,-13.88
14515,1681446,-17.5,100,-14.01
14516,1681488,-3.17,106,-14.09
14517,1681554,-40.85,100,-14.09
14518,1681752,-31.61,100,-14.34
14519,1681806,-6.22,101,-14.04
14520,1681950,-9.37,101,-13.93
14521,1682052,-8.88,101,-13.75
14522,1682088,-28.1,100,-13.84
14523,1682154,-12.48,100,-13.71
14524,1682352,-26.62,100,-13.94
14525,1682406,-12.31,100,-14.22
14526,1682574,-5.08,104,-13.86
14527,1682652,-16.67,100,-13.84
14528,1682688,-38.04,100,-14.19
14529,1682862,-5.84,118,-13.67
14530,1682952,-11.03,100,-13.52
14531,1683156,68.03,125,-12.75
14532,1683252,-18.23,100,-12.79
14533,1683288,-40.57,100,-13.14
14534,1683324,11.5,125,-12.89
14535,1683462,-10.8,100,-12.94
14536,1683624,0.33,112,-12.74
14537,1683888,-23.18,100,-12.94
14538,1683906,16.67,125,-12.71
14539,1683930,-5.8,101,-13.63
14540,1684002,22.81,125,-13.39
14541,1684062,-17.27,100,-13.48
14542,1684230,-6.6,101,-13.54
14543,1684488,-31.67,100,-13.75
14544,1684506,-43.83,100,-14.18
14545,1684530,-21.18,100,-13.89
14546,1684608,-7.63,101,-13.92
14547,1684662,-32.38,100,-14.13
14548,1684854,-3.04,104,-14.04
14549,1685094,-7.88,101,-14.03
14550,1685112,-10.17,101,-14.03
14551,1685136,-7.33,101,-14.14
14552,1685208,-36.36,100,-14.05
14553,1685262,-18.31,100,-13.9
14554,1685574,2.04,120,-13.87
14555,1685700,-5.53,101,-13.83
14556,1685718,-5.53,101,-13.47
14557,1685736,-17.11,100,-13.32
14558,1685862,-16.17,100,-13.47
14559,1685910,0.81,117,-13.45
14560,1686174,-32.73,100,-13.72
14561,1686300,-29.64,100,-14.13
14562,1686318,-28.05,100,-14.04
14563,1686336,-23.26,100,-14.19
14564,1686462,-19.39,100,-14.59
14565,1686516,-7.63,101,-14.51
14566,1686774,-17.7,100,-14.62
14567,1686900,-14.26,100,-14.63
14568,1686930,-3.1,102,-14.53
14569,1686996,3.58,110,-14.44
14570,1687080,-3.75,103,-14.08
14571,1687266,44.68,125,-13.62
14572,1687380,-8.43,101,-13.52
14573,1687500,-14.98,100,-13.7
14574,1687530,-14.31,100,-13.53
14575,1687596,-15.48,100,-13.45
14576,1687680,-11.74,100,-13.52
14577,1688016,23.02,125,-13.15
14578,1688100,-37.6,100,-13.4
14579,1688118,7.66,123,-13.24
14580,1688184,-2.17,109,-13.15
14581,1688196,-38.49,100,-13.37
14582,1688286,-5.71,101,-13.19
14583,1688616,-48.64,100,-13.56
14584,1688700,-12.2,100,-13.22
14585,1688718,-39.75,100,-13.53
14586,1688790,-10.68,101,-13.57
14587,1688796,-15.59,100,-13.36
14588,1688886,-10.8,100,-13.14
14589,1689324,-8.43,101,-12.83
14590,1689366,25.54,125,-12.11
14591,1689396,-8.19,101,-12.27
14592,1689396,-28.62,100,-12.43
14593,1689450,47.06,125,-11.71
14594,1689486,-23.05,100,-11.8
14595,1689972,-7.47,101,-11.8
14596,1689990,-0.8,111,-11.32
14597,1690014,-4.91,103,-11.32
14598,1690032,-1.74,106,-11.21
14599,1690050,-48.31,100,-11.34
14600,1690086,-25.53,100,-12.05
14601,1690572,-38.33,100,-11.9
14602,1690608,-5.02,103,-11.9
14603,1690614,-24.98,100,-12.11
14604,1690632,-10.4,100,-12.01
14605,1690650,-32.05,100,-12.16
14606,1690692,-9.88,101,-12.18
14607,1691184,-2.95,102,-12.06
14608,1691214,-6.86,101,-12.01
14609,1691232,-13.33,100,-12.02
14610,1691250,-11.41,100,-12.12
14611,1691292,-13.33,100,-12.12
14612,1691364,7.91,125,-11.87
14613,1691820,-3.02,106,-11.88
14614,1691832,-34.13,100,-12.08
14615,1691850,-25.21,100,-12.15
14616,1691892,-29.34,100,-12.41
14617,1691946,1.69,122,-11.99
14618,1691964,-30.33,100,-11.98
14619,1692420,-13.77,100,-12.05
14620,1692432,-23.89,100,-12.2
14621,1692450,-12.26,100,-12.23
14622,1692498,-4.16,101,-11.99
14623,1692546,-14.26,100,-12.01
14624,1692570,-9.1,101,-11.83
14625,1693032,-54.92,100,-12.26
14626,1693074,-5.23,104,-12.26
14627,1693098,-30.94,100,-12.4
14628,1693146,-21.56,100,-12.24
14629,1693170,26.76,125,-11.91
14630,1693170,-22.12,100,-12.02
14631,1693632,-12.89,100,-12.83
14632,1693698,-12.14,100,-12.77
14633,1693752,-3.59,101,-12.4
14634,1693770,-22.07,100,-12.74
14635,1693824,26.71,125,-12.36
14636,1693830,-4.32,110,-12.41
14637,1694232,-14.64,100,-12.32
14638,1694298,-24.81,100,-12.74
14639,1694352,-31.49,100,-13.0
14640,1694370,-32.19,100,-13.55
14641,1694430,-8.24,101,-13.46
14642,1694490,-1.49,110,-13.4
14643,1694838,-8.9,101,-13.18
14644,1694898,-30.66,100,-13.05
14645,1694976,-10.57,101,-12.94
14646,1695024,-0.31,112,-12.87
14647,1695036,-4.68,101,-12.59
14648,1695150,3.5,110,-12.52
14649,1695540,-3.75,107,-12.48
14650,1695582,-6.4,101,-12.44
14651,1695588,0.89,125,-12.36
14652,1695624,-21.86,100,-12.22
14653,1695636,-38.6,100,-12.42
14654,1695834,-0.06,114,-12.44
14655,1696140,-46.94,100,-12.86
14656,1696182,-24.64,100,-13.05
14657,1696194,-4.14,101,-12.92
14658,1696224,-17.27,100,-12.93
14659,1696236,-37.89,100,-13.31
14660,1696434,-16.45,100,-13.15
14661,1696782,-18.41,100,-13.04
14662,1696794,-13.54,100,-12.89
14663,1696824,-21.9,100,-12.88
14664,1696836,-13.53,100,-12.82
14665,1696890,14.39,125,-12.6
14666,1697034,-33.74,100,-12.76
14667,1697382,-15.48,100,-12.77
14668,1697412,-3.26,103,-12.78
14669,1697424,-11.55,100,-12.93
14670,1697466,-3.5,105,-12.93
14671,1697640,20.69,125,-13.17
14672,1697640,-8.0,101,-13.16
14673,1698000,-4.94,103,-13.06
14674,1698024,-3.42,102,-12.95
14675,1698066,-11.27,100,-12.91
14676,1698174,25.87,125,-12.53
14677,1698240,-26.33,100,-13.03
14678,1698390,35.59,125,-12.29
14679,1698606,-6.22,101,-12.43
14680,1698630,-4.16,101,-12.45
14681,1698696,-1.53,105,-12.08
14682,1698840,-22.12,100,-12.25
14683,1698870,3.59,116,-11.73
14684,1698990,-36.36,100,-11.97
14685,1699212,-9.59,101,-11.67
14686,1699236,-7.47,101,-11.63
14687,1699446,23.64,125,-11.24
14688,1699458,-4.04,103,-11.17
14689,1699470,-16.31,100,-11.25
14690,1699656,-4.29,111,-11.55
14691,1699962,23.64,125,-11.23
14692,1699986,20.44,125,-10.74
14693,1700058,-26.72,100,-11.48
14694,1700070,-11.03,100,-11.36
14695,1700196,20.16,125,-11.08
14696,1700262,-5.2,101,-11.13
14697,1700562,-15.37,100,-11.23
14698,1700586,-36.92,100,-11.58
14699,1700670,-41.81,100,-11.52
14700,1700796,-57.12,100,-11.83
14701,1700808,-3.73,125,-11.49
14702,1700862,-23.45,100,-11.67
14703,1701162,-33.42,100,-11.76
14704,1701186,-17.09,100,-11.82
14705,1701270,-13.77,100,-11.64
14706,1701396,-20.96,100,-11.75
14707,1701408,-21.72,100,-11.94
14708,1701462,-33.95,100,-12.21
14709,1701762,-19.1,100,-12.27
14710,1701936,23.35,125,-11.92
14711,1702002,6.49,122,-11.72
14712,1702002,-5.46,101,-11.86
14713,1702062,-23.52,100,-12.06
14714,1702158,29.92,125,-11.42
14715,1702368,-8.86,101,-11.26
14716,1702536,-18.63,100,-11.15
14717,1702602,-31.61,100,-11.48
14718,1702662,-10.23,100,-11.28
14719,1702752,-0.36,125,-11.15
14720,1702764,-8.49,101,-10.99
14721,1703040,2.27,112,-10.85
14722,1703136,-13.57,100,-10.94
14723,1703202,-10.66,100,-10.91
14724,1703268,-9.9,101,-10.92
14725,1703352,-14.43,100,-10.51
14726,1703364,-11.41,100,-10.57
14727,1703682,-3.13,107,-10.29
14728,1703742,-8.14,101,-10.16
14729,1703868,-11.37,100,-10.54
14730,1703874,-5.99,112,-10.38
14731,1703958,-9.37,101,-10.34
14732,1704114,5.77,125,-10.17
14733,1704342,-35.92,100,-10.49
14734,1704354,1.31,112,-10.25
14735,1704468,-30.5,100,-10.83
14736,1704474,-36.92,100,-11.15
14737,1704558,-17.09,100,-11.18
14738,1704720,-9.63,101,-11.03
14739,1704942,-16.4,100,-10.87
14740,1704972,-3.87,103,-10.59
14741,1705074,-6.87,101,-10.58
14742,1705110,-3.24,106,-10.59
14743,1705176,-2.93,103,-10.54
14744,1705320,-36.67,100,-10.6
14745,1705542,-11.97,100,-10.61
14746,1705572,-35.39,100,-10.96
14747,1705692,-5.5,103,-10.97
14748,1705710,-24.65,100,-11.25
14749,1705782,-10.0,101,-11.31
14750,1705926,-9.37,101,-11.34
14751,1706142,-26.77,100,-11.62
14752,1706226,-1.58,109,-11.42
14753,1706292,-24.03,100,-11.27
14754,1706310,-42.84,100,-11.7
14755,1706382,-32.86,100,-11.56
14756,1706532,-5.32,101,-11.36
14757,1706748,-8.54,101,-11.41
14758,1706826,-14.17,100,-11.38
14759,1706892,-35.22,100,-11.35
14760,1706928,-5.21,103,-11.24
14761,1707042,-1.36,110,-11.07
14762,1707210,10.25,113,-10.83
14763,1707348,-29.83,100,-10.91
14764,1707444,-2.11,103,-10.79
14765,1707498,-7.37,101,-11.01
14766,1707528,-16.51,100,-10.84
14767,1707642,-15.98,100,-10.84
14768,1707810,-16.62,100,-10.98
14769,1707948,-17.06,100,-11.03
14770,1708146,0.74,117,-10.99
14771,1708248,-3.88,101,-11.24
14772,1708248,11.11,125,-11.05
14773,1708278,31.67,125,-10.68
14774,1708410,-15.9,100,-10.8
14775,1708548,-19.93,100,-10.89
14776,1708752,-3.88,101,-11.19
14777,1708848,-31.46,100,-11.24
14778,1708854,-9.37,101,-11.69
14779,1708878,-14.03,100,-11.77
14780,1709016,-4.94,101,-11.78
14781,1709190,-2.27,107,-11.78
14782,1709352,-37.6,100,-11.94
14783,1709454,-48.85,100,-12.46
14784,1709478,-16.56,100,-12.26
14785,1709598,-2.99,125,-12.2
14786,1709628,-2.65,102,-12.15
14787,1709790,-19.93,100,-12.59
14788,1709958,-7.18,101,-12.62
14789,1710054,-26.81,100,-12.72
14790,1710078,-11.97,100,-12.8
14791,1710216,-5.62,103,-13.09
14792,1710378,11.84,125,-13.18
14793,1710396,-7.21,101,-12.98
14794,1710564,-10.13,101,-12.97
14795,1710654,-13.55,100,-13.31
14796,1710678,-14.93,100,-13.41
14797,1710816,-23.66,100,-13.49
14798,1710996,-19.3,100,-13.31
14799,1711002,0.77,104,-12.89
14800,1711164,-34.37,100,-12.66
14801,1711260,-4.99,101,-12.67
14802,1711278,-40.26,100,-12.84
14803,1711422,-9.85,101,-12.61
14804,1711602,-34.55,100,-12.78
14805,1711644,-1.94,108,-12.66
14806,1711764,-38.94,100,-12.84
14807,1711878,-2.82,103,-12.65
14808,1711884,-6.22,101,-12.38
14809,1712022,-10.23,100,-12.29
14810,1712202,-55.93,100,-13.08
14811,1712364,-12.62,100,-13.27
14812,1712394,37.65,125,-12.84
14813,1712490,-4.64,101,-12.65
14814,1712628,-7.71,101,-13.03
14815,1712628,48.59,125,-12.45
14816,1712802,-49.7,100,-12.76
14817,1712964,-41.54,100,-12.86
14818,1713000,-10.62,101,-12.87
14819,1713090,-16.4,100,-13.03
14820,1713234,-6.86,101,-13.01
14821,1713234,-4.61,101,-13.08
14822,1713552,14.62,125,-12.8
14823,1713564,-14.21,100,-12.83
14824,1713600,-11.74,100,-12.85
14825,1713708,-3.51,103,-12.74
14826,1713840,-8.88,101,-12.72
14827,1713942,1.43,118,-12.67
14828,1714182,-2.15,105,-12.61
14829,1714200,-13.33,100,-12.63
14830,1714266,0.48,117,-12.57
14831,1714308,-17.27,100,-12.65
14832,1714440,-57.35,100,-13.28
14833,1714680,7.66,123,-12.84
14834,1714788,-6.6,101,-12.92
14835,1714800,-15.59,100,-12.77
14836,1714872,-6.33,101,-12.46
14837,1715016,-0.06,118,-12.29
14838,1715040,-14.71,100,-12.35
14839,1715316,-2.14,106,-12.2
14840,1715388,-11.15,100,-12.28
14841,1715400,-13.33,100,-12.34
14842,1715478,-8.43,101,-12.39
14843,1715616,-10.69,100,-12.47
14844,1715790,5.63,125,-12.05
14845,1715922,-9.88,101,-12.03
14846,1715988,-13.96,100,-11.81
14847,1716000,-23.22,100,-11.99
14848,1716138,-0.7,110,-11.75
14849,1716288,-1.69,112,-11.67
14850,1716390,-21.18,100,-11.78
14851,1716522,-19.07,100,-11.71
14852,1716600,-27.54,100,-11.97
14853,1716624,-1.15,106,-11.74
14854,1716786,-0.26,108,-11.31
14855,1716930,-1.6,107,-11.0
14856,1717122,-22.12,100,-11.17
14857,1717140,13.07,125,-10.95
14858,1717218,-2.93,103,-10.84
14859,1717224,-13.57,100,-10.62
14860,1717404,-1.1,103,-10.58
14861,1717572,-3.63,107,-10.6
14862,1717722,-11.37,100,-10.82
14863,1717740,-42.69,100,-10.95
14864,1717842,-1.47,103,-10.94
14865,1717860,-0.57,107,-10.87
14866,1718004,-35.49,100,-11.06
14867,1718172,-16.62,100,-11.07
14868,1718346,-10.57,101,-11.01
14869,1718370,-3.96,108,-10.88
14870,1718460,-30.94,100,-11.2
14871,1718496,-1.51,109,-11.17
14872,1718712,-1.46,118,-11.3
14873,1718778,-7.88,101,-11.69
14874,1718976,-3.59,101,-11.57
14875,1719072,-2.21,121,-11.39
14876,1719096,-43.93,100,-11.79
14877,1719210,50.41,125,-10.98
14878,1719312,-21.58,100,-11.1
14879,1719384,-10.09,101,-11.06
14880,1719576,-25.76,100,-11.27
14881,1719696,-2.24,104,-11.27
14882,1719702,-5.26,101,-10.94
14883,1719810,-32.22,100,-10.78
14884,1719912,-24.62,100,-10.86
14885,1720002,-4.43,103,-10.87
14886,1720176,-33.56,100,-11.18
14887,1720296,-15.69,100,-11.14
14888,1720302,-37.1,100,-11.44
14889,1720512,-13.53,100,-11.3
14890,1720560,23.29,125,-10.95
14891,1720614,-2.75,102,-10.92
14892,1720776,-20.63,100,-11.25
14893,1720896,-40.71,100,-11.58
14894,1720908,-8.43,101,-11.57
14895,1721160,-49.42,100,-11.92
14896,1721214,-1.35,117,-11.79
14897,1721244,1.27,105,-11.54
14898,1721376,-21.98,100,-11.57
14899,1721496,-30.17,100,-11.88
14900,1721508,-18.36,100,-11.72
14901,1721766,-8.0,101,-11.75
14902,1721820,-4.16,101,-11.38
14903,1721844,-16.62,100,-11.45
14904,1721976,-21.58,100,-11.32
14905,1722102,-9.37,101,-11.4
14906,1722114,-9.1,101,-11.1
14907,1722366,-33.24,100,-11.4
14908,1722444,-19.31,100,-11.53
14909,1722480,-2.19,110,-11.45
14910,1722576,-18.24,100,-11.08
14911,1722714,-40.0,100,-11.35
14912,1722762,7.24,110,-11.65
14913,1722966,-40.66,100,-12.01
14914,1723080,-30.57,100,-12.24
14915,1723176,-16.4,100,-12.89
14916,1723194,12.24,125,-12.27
14917,1723362,-14.11,100,-12.0
14918,1723464,4.0,125,-11.85
14919,1723566,-11.41,100,-11.8
14920,1723698,-4.58,103,-11.78
14921,1723782,-8.14,101,-11.82
14922,1723800,-6.86,101,-12.03
14923,1723962,-46.16,100,-12.35
14924,1724076,-2.91,102,-12.26
14925,1724178,-4.91,102,-12.28
14926,1724298,-17.29,100,-12.36
14927,1724382,-18.11,100,-12.55
14928,1724406,-10.13,101,-12.63
14929,1724676,-42.07,100,-12.92
14930,1724712,42.34,125,-12.5
14931,1724784,-7.41,101,-12.4
14932,1724898,-15.02,100,-11.98
14933,1725012,-7.72,101,-12.14
14934,1725078,0.39,116,-12.07
14935,1725282,-3.28,101,-11.94
14936,1725312,-15.37,100,-12.03
14937,1725384,-16.62,100,-12.2
14938,1725498,-56.47,100,-12.62
14939,1725612,-21.38,100,-12.81
14940,1725726,3.49,108,-12.66
14941,1725888,-6.22,101,-12.59
14942,1725990,-8.24,101,-12.59
14943,1726062,54.68,125,-11.94
14944,1726140,0.61,107,-11.99
14945,1726212,-10.66,100,-11.99
14946,1726326,-13.55,100,-11.99
14947,1726488,-12.48,100,-11.88
14948,1726668,-5.53,101,-11.93
14949,1726722,0.71,122,-11.91
14950,1726740,-35.93,100,-12.05
14951,1726818,-4.94,101,-11.91
14952,1726968,-0.28,107,-11.64
14953,1727238,18.77,125,-11.44
14954,1727340,-13.33,100,-11.57
14955,1727358,-0.23,106,-11.56
14956,1727370,3.62,117,-11.3
14957,1727496,-2.06,113,-11.45
14958,1727658,-2.83,115,-11.45
14959,1727856,-4.04,103,-11.36
14960,1727946,-9.13,101,-11.44
14961,1727958,-45.08,100,-11.85
14962,1727976,-7.95,101,-11.82
14963,1728102,-3.82,101,-11.43
14964,1728258,-30.53,100,-11.72
14965,1728456,-32.68,100,-12.04
14966,1728546,-39.46,100,-12.08
14967,1728564,-8.07,101,-11.99
14968,1728576,-13.33,100,-12.02
14969,1728702,-34.37,100,-12.32
14970,1728864,-6.85,101,-12.08
14971,1729056,-18.65,100,-12.26
14972,1729146,-10.69,100,-12.35
14973,1729182,-7.2,101,-12.34
14974,1729182,-3.36,103,-12.34
14975,1729320,-2.69,103,-12.34
14976,1729464,-16.1,100,-12.07
14977,1729656,-11.74,100,-12.69
14978,1729746,-15.59,100,-12.63
14979,1729782,-18.11,100,-12.71
14980,1729782,-15.58,100,-12.6
14981,1729920,-16.67,100,-12.75
14982,1730214,12.54,125,-12.57
14983,1730262,-9.83,101,-12.35
14984,1730346,-14.48,100,-12.25
14985,1730382,-16.84,100,-12.37
14986,1730382,-42.21,100,-12.46
14987,1730526,-8.07,101,-12.38
14988,1730814,-24.26,100,-12.25
14989,1730880,-5.71,103,-12.17
14990,1730946,-16.24,100,-12.57
14991,1730982,-10.69,100,-12.65
14992,1730988,-4.09,101,-12.48
14993,1731132,-7.41,101,-12.15
14994,1731414,-23.52,100,-12.3
14995,1731480,-26.77,100,-12.07
14996,1731588,-4.79,107,-12.11
14997,1731588,-27.57,100,-12.4
14998,1731630,-1.21,108,-12.19
14999,1731744,-2.35,102,-11.91
15000,1732032,-4.11,103,-11.77
15001,1732080,-20.06,100,-11.89
15002,1732188,-12.48,100,-11.97
15003,1732188,-52.05,100,-12.33
15004,1732242,-4.91,102,-12.16
15005,1732344,-21.18,100,-12.28
15006,1732632,-36.95,100,-12.56
15007,1732686,-4.48,101,-12.27
15008,1732788,-37.53,100,-12.45
15009,1732842,-32.42,100,-12.75
15010,1732938,39.78,125,-12.17
15011,1732944,-35.56,100,-12.13
15012,1733232,-12.26,100,-12.32
15013,1733322,-2.4,106,-11.94
15014,1733388,-20.97,100,-11.85
15015,1733442,-21.36,100,-11.9
15016,1733538,-19.76,100,-12.22
15017,1733544,-12.75,100,-12.2
15018,1733832,-17.5,100,-12.42
15019,1733922,-16.23,100,-12.47
15020,1734030,-4.17,107,-12.46
15021,1734138,-17.72,100,-12.56
15022,1734150,-9.37,101,-12.58
15023,1734192,16.47,125,-11.96
15024,1734432,-35.56,100,-12.28
15025,1734624,4.06,117,-12.19
15026,1734636,-8.88,101,-12.11
15027,1734738,-41.34,100,-12.34
15028,1734750,-37.6,100,-12.62
15029,1734822,-0.48,105,-12.2
15030,1735038,-7.63,101,-12.7
15031,1735224,-15.48,100,-12.78
15032,1735242,-4.44,101,-12.67
15033,1735338,-12.04,100,-12.72
15034,1735350,-19.39,100,-12.92
15035,1735422,-45.25,100,-13.33
15036,1735638,-27.0,100,-13.45
15037,1735830,-8.9,101,-13.37
15038,1735854,-4.68,102,-12.86
15039,1735950,-53.6,100,-13.18
15040,1736064,-4.27,107,-13.26
15041,1736088,68.0,125,-12.51
15042,1736238,-32.73,100,-12.76
15043,1736496,-3.69,111,-13.34
15044,1736526,-5.39,112,-13.4
15045,1736550,-28.55,100,-13.58
15046,1736670,-10.67,101,-13.55
15047,1736688,-16.24,100,-13.59
15048,1736838,-31.49,100,-13.85
15049,1737096,-16.31,100,-14.02
15050,1737126,-32.68,100,-13.99
15051,1737156,-5.61,101,-13.99
15052,1737270,-40.0,100,-14.39
15053,1737288,-17.5,100,-14.75
15054,1737486,-4.31,108,-14.66
15055,1737702,-9.63,101,-14.76
15056,1737726,-10.31,100,-14.9
15057,1737858,-2.69,117,-14.9
15058,1737870,-12.33,100,-15.0
15059,1737888,-47.0,100,-15.43
15060,1738104,-5.26,103,-15.39
15061,1738308,-9.14,101,-15.03
15062,1738464,-5.9,101,-15.01
15063,1738470,-10.56,100,-15.08
15064,1738476,10.7,125,-14.66
15065,1738488,-51.43,100,-14.85
15066,1738704,-30.33,100,-14.76
15067,1738908,-14.43,100,-14.82
15068,1739070,-12.91,100,-14.82
15069,1739070,-10.33,101,-14.58
15070,1739082,-10.25,101,-14.61
15071,1739088,-20.96,100,-14.64
15072,1739304,-25.95,100,-14.79
15073,1739514,-8.43,101,-14.8
15074,1739682,-41.9,100,-15.19
15075,1739688,-35.36,100,-15.51
15076,1739700,-0.97,105,-15.36
15077,1739742,-4.19,112,-15.29
15078,1739928,-3.2,104,-15.16
15079,1740114,-17.11,100,-15.15
15080,1740282,-23.71,100,-15.23
15081,1740294,-8.7,101,-15.15
15082,1740300,-14.52,100,-15.42
15083,1740342,-20.4,100,-15.53
15084,1740678,31.41,125,-15.07
15085,1740714,-20.97,100,-15.11
15086,1740882,-15.78,100,-14.85
15087,1740894,-22.75,100,-14.99
15088,1740900,-28.1,100,-15.03
15089,1741008,-3.48,111,-15.01
15090,1741278,-26.75,100,-15.12
15091,1741356,-4.04,107,-15.05
15092,1741488,-10.13,101,-15.11
15093,1741494,-59.52,100,-15.63
15094,1741500,-69.79,100,-16.09
15095,1741710,-0.41,117,-15.83
15096,1741956,-45.4,100,-16.24
15097,1741992,7.85,119,-15.88
15098,1742094,-41.54,100,-16.29
15099,1742094,-4.78,101,-16.31
15100,1742106,-8.51,101,-16.35
15101,1742316,-7.63,101,-16.23
15102,1742556,-54.11,100,-16.65
15103,1742592,-10.46,100,-16.23
15104,1742736,-4.04,107,-16.22
15105,1742748,-3.89,107,-16.05
15106,1742808,1.02,119,-15.67
15107,1742928,-1.01,102,-15.63
15108,1743156,-26.2,100,-15.52
15109,1743192,-32.59,100,-15.52
15110,1743336,-11.51,100,-16.03
15111,1743348,-35.58,100,-16.04
15112,1743414,-3.88,101,-15.95
15113,1743534,-9.37,101,-16.02
15114,1743792,-36.08,100,-16.17
15115,1743798,-5.6,107,-16.01
15116,1743936,-38.08,100,-16.2
15117,1743954,-6.95,101,-16.14
15118,1744014,-23.22,100,-16.2
15119,1744146,-2.29,102,-16.06
15120,1744392,-20.96,100,-16.23
15121,1744398,-25.36,100,-16.3
15122,1744554,-19.94,100,-16.41
15123,1744614,-10.82,100,-16.68
15124,1744686,31.09,125,-16.01
15125,1744746,-15.48,100,-16.21
15126,1744992,-19.21,100,-16.31
15127,1745136,20.73,123,-15.69
15128,1745154,-31.89,100,-15.63
15129,1745244,-2.81,105,-15.66
15130,1745286,-58.65,100,-16.17
15131,1745346,-10.46,100,-16.12
15132,1745592,-23.18,100,-16.31
15133,1745736,-12.58,100,-16.31
15134,1745760,-8.14,101,-16.2
15135,1745844,-27.57,100,-16.02
15136,1745886,-15.61,100,-15.91
15137,1745964,-2.11,103,-15.84
15138,1746336,-51.83,100,-16.31
15139,1746342,37.68,125,-15.4
15140,1746378,-2.4,103,-15.38
15141,1746444,-48.65,100,-16.55
15142,1746606,-0.41,107,-16.22
15143,1746636,30.28,125,-15.88
15144,1746942,-8.96,101,-15.92
15145,1746948,-5.71,101,-15.69
15146,1746984,-5.8,101,-15.64
15147,1747194,8.97,125,-15.39
15148,1747206,-17.3,100,-15.25
15149,1747236,-15.48,100,-15.24
15150,1747542,-56.75,100,-15.48
15151,1747584,-13.75,100,-15.56
15152,1747698,9.59,125,-15.07
15153,1747794,-11.16,100,-15.0
15154,1747806,-19.87,100,-15.16
15155,1747836,-12.66,100,-15.19
15156,1748148,-5.69,101,-15.14
15157,1748190,-6.6,101,-15.18
15158,1748400,-7.81,101,-15.14
15159,1748442,-5.61,101,-14.72
15160,1748448,26.81,125,-14.4
15161,1748556,30.58,125,-14.0
15162,1748754,-4.72,101,-13.99
15163,1748790,-12.56,100,-14.01
15164,1749000,-14.26,100,-14.26
15165,1749042,-49.49,100,-14.24
15166,1749066,-4.66,103,-13.99
15167,1749162,-10.23,101,-13.94
15168,1749360,-5.66,101,-13.87
15169,1749390,-24.25,100,-14.01
15170,1749600,-36.0,100,-14.27
15171,1749642,-25.21,100,-14.31
15172,1749762,-26.81,100,-14.32
15173,1749774,4.14,118,-14.19
15174,1749978,-2.67,103,-13.8
15175,1749990,-19.58,100,-13.64
15176,1750206,-5.71,101,-13.69
15177,1750278,-2.83,106,-13.68
15178,1750362,-10.79,100,-13.75
15179,1750434,-2.09,110,-13.6
15180,1750584,-6.48,101,-13.43
15181,1750590,-11.65,100,-13.46
15182,1750806,-18.84,100,-13.5
15183,1750896,-4.62,103,-13.35
15184,1750968,-9.13,101,-13.75
15185,1751184,31.58,125,-13.23
15186,1751184,-27.0,100,-13.34
15187,1751196,-5.46,101,-13.16
15188,1751406,-10.16,100,-12.99
15189,1751520,-4.15,104,-12.99
15190,1751646,0.84,113,-12.72
15191,1751790,-6.31,101,-12.74
15192,1751790,-6.37,101,-12.7
15193,1751946,6.67,125,-12.04
15194,1752120,-33.18,100,-11.67
15195,1752156,3.7,125,-11.63
15196,1752252,-6.22,101,-11.24
15197,1752408,-3.9,103,-11.36
15198,1752450,0.14,110,-10.94
15199,1752558,-4.41,102,-10.94
15200,1752726,-5.96,101,-10.91
15201,1752768,-4.11,102,-10.88
15202,1752852,-25.62,100,-10.59
15203,1753020,-4.43,102,-10.53
15204,1753116,-3.27,111,-10.52
15205,1753224,-1.7,111,-10.5
15206,1753326,-15.28,100,-10.67
15207,1753452,-12.43,100,-10.78
15208,1753506,-4.32,123,-10.56
15209,1753626,-8.14,101,-10.32
15210,1753716,-16.1,100,-10.36
15211,1753824,-29.82,100,-10.3
15212,1753926,-17.13,100,-10.44
15213,1754052,-13.33,100,-10.48
15214,1754106,-13.75,100,-10.25
15215,1754238,-3.03,102,-10.23
15216,1754460,-4.53,106,-9.89
15217,1754466,35.59,125,-9.47
15218,1754526,-39.85,100,-9.63
15219,1754652,-22.86,100,-9.84
15220,1754712,-4.83,101,-9.68
15221,1754838,-20.2,100,-9.63
15222,1755078,-1.46,102,-9.44
15223,1755144,-3.17,114,-9.36
15224,1755168,-4.61,107,-9.72
15225,1755258,-4.13,101,-9.61
15226,1755324,-1.46,102,-9.43
15227,1755438,-10.16,100,-9.74
15228,1755678,-26.88,100,-9.69
15229,1755750,-7.27,101,-9.73
15230,1755768,-46.44,100,-9.61
15231,1755858,-26.84,100,-9.78
15232,1756014,-0.42,115,-9.55
15233,1756038,-42.84,100,-9.85
15234,1756278,-10.56,100,-9.87
15235,1756350,-20.14,100,-9.8
15236,1756368,-24.64,100,-9.89
15237,1756458,-16.67,100,-10.04
15238,1756614,-46.78,100,-9.99
15239,1756644,-8.39,101,-10.45
15240,1756884,-9.14,101,-10.51
15241,1756950,-45.42,100,-10.48
15242,1756968,-15.93,100,-10.64
15243,1757148,-3.11,115,-10.97
15244,1757364,22.3,125,-10.66
15245,1757394,16.79,125,-10.43
15246,1757520,-2.66,106,-10.4
15247,1757556,-6.61,101,-10.56
15248,1757574,-6.86,101,-10.45
15249,1757748,-49.39,100,-10.79
15250,1757964,-21.82,100,-10.44
15251,1757994,-28.05,100,-10.59
15252,1758120,-16.1,100,-10.84
15253,1758156,-12.24,100,-10.85
15254,1758240,1.48,111,-10.64
15255,1758348,-20.25,100,-10.72
15256,1758564,-24.63,100,-10.91
15257,1758594,-36.25,100,-11.2
15258,1758720,-11.51,100,-11.24
15259,1758768,-1.89,102,-11.2
15260,1758888,-6.01,108,-11.53
15261,1758954,-8.6,101,-11.92
15262,1759170,-8.22,101,-11.96
15263,1759200,-8.39,101,-11.91
15264,1759320,-42.85,100,-12.2
15265,1759368,-10.16,100,-11.81
15266,1759560,-3.59,101,-11.8
15267,1759638,16.61,125,-11.53
15268,1759770,-12.93,100,-11.6
15269,1759800,-44.43,100,-11.8
15270,1759926,-8.6,101,-11.53
15271,1759968,-55.28,100,-11.83
15272,1760166,-4.71,101,-11.61
15273,1760262,-2.81,104,-11.68
15274,1760406,-10.09,101,-11.75
15275,1760418,-4.92,108,-11.61
15276,1760616,5.18,108,-11.5
15277,1760676,45.52,125,-11.01
15278,1760766,-27.55,100,-11.18
15279,1760910,1.19,108,-11.15
15280,1761012,-7.08,101,-11.15
15281,1761024,-8.19,101,-11.12
15282,1761228,-4.41,102,-10.98
15283,1761276,-14.48,100,-11.07
15284,1761372,-3.58,101,-11.02
15285,1761510,-37.06,100,-11.7
15286,1761612,-13.11,100,-11.57
15287,1761624,-31.05,100,-11.82
15288,1761834,-6.33,101,-11.78
15289,1761876,-13.12,100,-11.87
15290,1761972,-12.38,100,-12.01
15291,1762110,-17.28,100,-12.12
15292,1762224,-18.63,100,-12.24
15293,1762242,-1.32,105,-12.32
15294,1762434,-40.24,100,-12.39
15295,1762476,-31.92,100,-12.74
15296,1762572,-27.19,100,-12.95
15297,1762710,-49.28,100,-13.41
15298,1762830,-7.47,101,-13.48
15299,1762860,-4.17,103,-13.48
15300,1763040,-7.63,101,-13.5
15301,1763076,-13.11,100,-13.59
15302,1763316,-4.46,101,-13.38
15303,1763316,-1.04,124,-13.34
15304,1763430,-14.87,100,-13.46
15305,1763460,-25.51,100,-13.7
15306,1763652,-1.92,102,-13.56
15307,1763826,-2.03,125,-13.46
15308,1763916,-29.48,100,-13.71
15309,1763952,-2.61,106,-13.66
15310,1764030,-10.15,100,-13.6
15311,1764060,-11.82,100,-13.42
15312,1764402,22.22,125,-13.02
15313,1764426,-28.63,100,-13.18
15314,1764516,-27.31,100,-13.31
15315,1764552,-45.52,100,-13.74
15316,1764636,-5.8,101,-13.75
15317,1764702,-1.35,107,-14.12
15318,1765002,-40.66,100,-14.13
15319,1765152,-53.78,100,-14.44
15320,1765164,3.76,108,-14.35
15321,1765176,26.92,125,-13.88
15322,1765236,-12.69,100,-13.99
15323,1765320,-4.03,103,-14.0
15324,1765602,-12.66,100,-14.08
15325,1765764,-27.37,100,-14.31
15326,1765776,-34.72,100,-14.64
15327,1765896,-2.4,110,-14.57
15328,1765902,11.48,125,-14.18
15329,1765920,-13.09,100,-14.24
15330,1766202,-40.0,100,-14.18
15331,1766370,-9.1,101,-14.0
15332,1766382,-6.12,101,-14.06
15333,1766496,-22.03,100,-13.85
15334,1766502,-15.98,100,-13.9
15335,1766526,-6.03,101,-13.76
15336,1766820,-3.03,103,-13.55
15337,1766970,-17.91,100,-13.56
15338,1766982,-12.1,100,-13.21
15339,1767102,-11.89,100,-13.25
15340,1767108,-3.03,102,-13.19
15341,1767126,-11.45,100,-12.85
15342,1767426,-7.37,101,-12.76
15343,1767576,-9.1,101,-12.82
15344,1767582,-45.03,100,-13.49
15345,1767708,-4.71,101,-13.71
15346,1767714,-4.41,101,-13.73
15347,1767726,-10.23,100,-13.76
15348,1768026,-45.64,100,-14.15
15349,1768176,-11.65,100,-13.77
15350,1768182,-24.98,100,-13.8
15351,1768308,-13.63,100,-13.66
15352,1768332,-5.11,103,-13.55
15353,1768476,27.27,125,-13.16
15354,1768632,-7.63,101,-13.25
15355,1768788,-6.73,101,-13.11
15356,1768848,-3.22,112,-12.9
15357,1768908,-46.89,100,-13.0
15358,1768968,-1.78,106,-12.91
15359,1769184,-1.93,118,-12.91
15360,1769238,-5.64,101,-12.9
15361,1769448,-4.93,110,-12.87
15362,1769454,-7.88,101,-12.86
15363,1769514,-6.56,101,-12.84
15364,1769568,-31.05,100,-12.73
15365,1769784,-36.52,100,-12.99
15366,1769838,-10.92,100,-13.06
15367,1770114,-34.4,100,-13.57
15368,1770168,-14.43,100,-13.59
15369,1770180,-2.1,121,-13.17
15370,1770198,8.84,125,-12.99
15371,1770438,-34.84,100,-12.79
15372,1770456,-5.99,112,-12.8
15373,1770714,-17.98,100,-12.95
15374,1770768,-10.38,100,-12.95
15375,1770786,-10.29,101,-13.01
15376,1770876,3.58,113,-13.02
15377,1771044,-8.6,101,-13.56
15378,1771056,-22.45,100,-13.51
15379,1771332,-4.73,103,-13.57
15380,1771386,-32.22,100,-13.82
15381,1771488,-3.62,102,-13.78
15382,1771494,-0.03,121,-13.73
15383,1771644,-38.73,100,-13.98
15384,1771656,-17.84,100,-14.12
15385,1771968,-1.16,106,-13.76
15386,1771986,-32.86,100,-13.96
15387,1772094,-6.73,101,-13.71
15388,1772100,-3.59,101,-13.69
15389,1772244,-12.66,100,-13.68
15390,1772256,-15.28,100,-13.71
15391,1772622,-3.81,106,-13.58
15392,1772700,-30.82,100,-13.7
15393,1772700,-4.17,101,-13.73
15394,1772718,22.14,125,-13.1
15395,1772844,-38.9,100,-13.17
15396,1772898,-3.75,107,-12.94
15397,1773222,-18.18,100,-12.63
15398,1773300,-30.35,100,-12.86
15399,1773306,-6.73,101,-12.88
15400,1773438,-2.72,120,-12.83
15401,1773444,-18.51,100,-12.89
15402,1773498,-18.41,100,-13.03
15403,1773858,0.14,106,-13.01
15404,1773900,-10.8,100,-12.97
15405,1773918,-3.86,102,-12.76
15406,1774044,-6.29,101,-12.8
15407,1774044,-13.33,100,-12.91
15408,1774104,-3.88,101,-12.66
15409,1774458,-28.72,100,-12.92
15410,1774506,-4.99,101,-12.87
15411,1774524,-5.63,101,-12.81
15412,1774644,-10.92,100,-13.14
15413,1774644,-12.48,100,-12.98
15414,1774704,-18.41,100,-12.89
15415,1775064,-10.13,101,-12.53
15416,1775130,-6.17,101,-12.54
15417,1775148,-4.04,107,-12.56
15418,1775244,-37.24,100,-12.53
15419,1775250,-6.86,101,-12.06
15420,1775304,-11.34,100,-12.21
15421,1775730,-34.98,100,-12.83
15422,1775754,-7.71,101,-12.78
15423,1775790,7.45,121,-12.67
15424,1775844,-27.71,100,-12.82
15425,1775850,-15.19,100,-12.69
15426,1775904,-23.57,100,-12.58
15427,1776330,-21.9,100,-12.78
15428,1776354,-20.52,100,-13.1
15429,1776444,-4.38,109,-13.01
15430,1776468,-3.26,103,-12.64
15431,1776510,-8.14,101,-12.63
15432,1776540,0.06,116,-12.57
15433,1776954,-17.5,100,-12.53
15434,1777014,-3.06,114,-12.4
15435,1777050,-3.88,101,-12.38
15436,1777116,-10.69,101,-12.45
15437,1777218,-2.44,125,-12.3
15438,1777290,-0.79,125,-12.19
15439,1777554,-50.7,100,-12.57
15440,1777614,-16.45,100,-12.71
15441,1777650,-20.3,100,-12.8
15442,1777716,-22.07,100,-12.94
15443,1777830,-2.39,102,-12.88
15444,1777890,-16.33,100,-12.59
15445,1778214,-4.93,110,-12.59
15446,1778250,-18.63,100,-12.73
15447,1778256,-3.63,107,-12.67
15448,1778316,-25.79,100,-12.47
15449,1778436,-6.12,101,-12.41
15450,1778490,-52.22,100,-12.69
15451,1778814,-44.57,100,-13.0
15452,1778874,-2.69,103,-12.97
15453,1778922,-7.88,101,-13.32
15454,1779000,29.82,125,-12.95
15455,1779054,-3.45,103,-12.92
15456,1779174,-2.68,114,-12.91
15457,1779414,-30.76,100,-12.75
15458,1779474,-48.21,100,-13.21
15459,1779564,-0.23,107,-13.2
15460,1779600,-14.55,100,-13.28
15461,1779666,-3.42,102,-13.27
15462,1779780,-6.6,101,-13.26
15463,1780056,-0.35,107,-13.19
15464,1780164,-41.29,100,-13.3
15465,1780200,-19.1,100,-13.12
15466,1780224,9.49,125,-12.92
15467,1780296,-2.57,105,-12.6
15468,1780386,-5.2,101,-12.51
15469,1780686,0.29,105,-12.48
15470,1780764,-15.07,100,-12.72
15471,1780800,-13.96,100,-12.51
15472,1780824,-11.51,100,-12.57
15473,1780896,-14.62,100,-12.54
15474,1780992,-9.85,101,-12.53
15475,1781292,-4.16,101,-12.47
15476,1781364,-11.41,100,-12.62
15477,1781400,-16.45,100,-12.7
15478,1781430,-7.88,101,-12.55
15479,1781562,-1.53,111,-12.52
15480,1781598,-4.89,101,-12.25
15481,1781892,-12.43,100,-12.34
15482,1781982,-1.52,103,-12.35
15483,1782030,-16.05,100,-12.12
15484,1782042,-5.21,107,-12.0
15485,1782162,-12.52,100,-12.11
15486,1782198,-19.68,100,-11.98
15487,1782498,-4.44,101,-11.96
15488,1782588,-3.88,101,-11.96
15489,1782762,-15.59,100,-11.99
15490,1782780,15.38,125,-11.68
15491,1782792,-4.19,125,-11.69
15492,1782798,-20.14,100,-11.58
15493,1783098,-24.66,100,-11.78
15494,1783194,-10.43,101,-12.11
15495,1783392,-12.91,100,-11.85
15496,1783476,-0.65,116,-11.82
15497,1783488,-3.97,115,-11.68
15498,1783512,23.6,125,-11.14
15499,1783782,-0.97,114,-11.08
15500,1783794,-10.92,100,-11.16
15501,1783992,-32.55,100,-11.3
15502,1784076,-29.32,100,-11.41
15503,1784094,-10.8,101,-11.52
15504,1784112,-29.04,100,-11.7
15505,1784388,-8.67,101,-11.75
15506,1784544,16.84,125,-11.52
15507,1784598,-7.81,101,-11.46
15508,1784676,-48.0,100,-11.91
15509,1784706,-0.63,102,-11.62
15510,1784712,-20.97,100,-11.78
15511,1785138,9.85,125,-11.63
15512,1785150,-6.12,101,-11.58
15513,1785198,-21.0,100,-11.67
15514,1785318,-7.18,101,-11.55
15515,1785426,4.58,125,-11.41
15516,1785456,5.8,125,-11.29
15517,1785768,-0.94,105,-11.26
15518,1785846,-4.62,108,-10.93
15519,1785900,11.11,125,-10.75
15520,1785918,-38.04,100,-11.02
15521,1786056,-23.75,100,-10.91
15522,1786068,-3.57,107,-10.86
15523,1786368,-32.53,100,-11.26
15524,1786500,-20.0,100,-11.19
15525,1786596,38.58,125,-10.65
15526,1786656,-22.57,100,-10.64
15527,1786668,3.94,125,-10.38
15528,1786686,-1.94,103,-10.19
15529,1786974,-9.37,101,-10.24
15530,1787100,-12.94,100,-10.34
15531,1787196,-28.64,100,-10.55
15532,1787256,-12.48,100,-10.67
15533,1787268,-13.8,100,-10.64
15534,1787286,-21.64,100,-10.82
15535,1787586,-1.9,102,-10.8
15536,1787706,-8.51,101,-10.78
15537,1787796,-14.93,100,-10.9
15538,1787856,-21.75,100,-11.11
15539,1787892,-8.47,101,-10.69
15540,1787910,0.96,107,-10.52
15541,1788186,-29.37,100,-10.61
15542,1788306,-15.25,100,-10.54
15543,1788402,-9.37,101,-10.61
15544,1788462,-8.64,101,-10.53
15545,1788510,-20.44,100,-10.69
15546,1788564,-1.08,112,-10.51
15547,1788786,-20.56,100,-10.68
15548,1788960,-6.41,109,-10.49
15549,1789002,-10.38,100,-10.53
15550,1789116,1.84,109,-9.99
15551,1789176,-2.56,102,-9.57
15552,1789176,-4.91,111,-9.59
15553,1789536,-0.0,125,-9.51
15554,1789608,-5.13,108,-9.86
15555,1789608,-4.68,101,-9.87
15556,1789716,-35.78,100,-10.21
15557,1789776,-14.78,100,-10.05
15558,1789848,-5.73,112,-9.62
15559,1790136,-13.54,100,-9.75
15560,1790208,-16.77,100,-9.78
15561,1790250,-5.47,107,-9.8
15562,1790316,-14.64,100,-9.88
15563,1790376,-37.45,100,-10.25
15564,1790598,13.88,125,-9.7
15565,1790736,-25.39,100,-9.76
15566,1790850,-19.39,100,-10.05
15567,1790916,-10.07,100,-10.12
15568,1790958,13.28,125,-9.94
15569,1790976,-17.5,100,-10.12
15570,1791198,-34.84,100,-10.31
15571,1791342,-4.85,101,-10.22
15572,1791468,-4.22,103,-10.15
15573,1791522,-5.97,101,-10.06
15574,1791558,-41.94,100,-10.38
15575,1791576,-10.8,100,-10.45
15576,1791846,-2.48,108,-10.36
15577,1791942,-46.01,100,-10.66
15578,1792074,-8.07,101,-10.66
15579,1792176,-28.63,100,-10.93
15580,1792194,0.97,112,-10.87
15581,1792200,-0.86,107,-10.76
15582,1792446,-11.27,100,-10.85
15583,1792542,-28.05,100,-10.97
15584,1792674,-16.24,100,-11.08
15585,1792782,-5.33,101,-11.01
15586,1792800,-5.89,101,-10.87
15587,1792800,-15.9,100,-10.99
15588,1793178,-3.09,106,-10.98
15589,1793196,17.65,125,-10.65
15590,1793280,-7.08,101,-10.87
15591,1793382,-11.15,100,-10.94
15592,1793400,-32.83,100,-11.07
15593,1793406,-6.33,101,-10.89
15594,1793778,-11.9,100,-10.9
15595,1793796,-11.65,100,-10.89
15596,1794006,-9.13,101,-10.97
15597,1794012,-8.34,101,-11.02
15598,1794030,20.44,125,-11.05
15599,1794108,-4.55,121,-11.08
15600,1794396,-11.03,100,-11.09
15601,1794528,27.12,125,-10.49
15602,1794630,-4.77,104,-10.24
15603,1794630,-12.39,100,-10.26
15604,1794654,-5.6,107,-10.02
15605,1794714,-9.85,101,-10.04
15606,1794996,-12.48,100,-10.33
15607,1795128,-35.33,100,-10.6
15608,1795236,-9.25,101,-10.22
15609,1795254,-16.24,100,-10.37
15610,1795332,-5.72,103,-10.22
15611,1795380,7.41,125,-10.25
15612,1795596,-17.5,100,-10.36
15613,1795788,-1.04,110,-10.16
15614,1795842,-5.09,101,-10.14
15615,1795860,-6.95,101,-10.25
15616,1795968,-2.71,106,-10.34
15617,1795986,-4.68,101,-10.38
15618,1796202,-9.93,101,-10.43
15619,1796388,-11.6,100,-10.66
15620,1796448,-9.13,101,-10.37
15621,1796526,-0.66,111,-10.14
15622,1796568,-14.55,100,-10.25
15623,1796586,-34.69,100,-10.27
15624,1796802,-32.05,100,-10.39
15625,1797000,-3.1,102,-10.81
15626,1797048,-29.15,100,-10.87
15627,1797132,-6.0,101,-10.97
15628,1797168,-58.95,100,-11.54
15629,1797186,-16.51,100,-11.61
15630,1797408,-7.22,101,-11.55
15631,1797600,-13.33,100,-11.4
15632,1797654,-9.37,101,-11.37
15633,1797732,-15.15,100,-11.38
15634,1797768,-19.68,100,-11.36
15635,1797798,-1.75,102,-11.36
15636,1798128,3.32,120,-11.24
15637,1798200,-37.65,100,-11.47
15638,1798320,-2.16,111,-11.28
15639,1798332,-40.91,100,-11.6
15640,1798374,-5.97,101,-11.67
15641,1798410,-3.48,102,-11.41
15642,1798746,-3.83,103,-11.3
15643,1798830,-5.15,105,-11.25
15644,1798932,-37.3,100,-11.54
15645,1798944,-3.83,104,-11.37
15646,1798974,-45.94,100,-11.82
15647,1799010,-23.61,100,-11.85
15648,1799346,-10.07,100,-11.89
15649,1799430,-21.52,100,-12.0
15650,1799538,-4.89,101,-12.07
15651,1799598,-6.81,109,-12.11
15652,1799610,-16.03,100,-12.22
15653,1799682,1.19,118,-12.21
15654,1800018,-2.33,112,-12.18
15655,1800078,-0.38,108,-12.14
15656,1800204,-8.14,101,-11.86
15657,1800222,-1.46,102,-11.73
15658,1800288,14.86,125,-11.52
15659,1800330,-1.65,108,-11.41
15660,1800624,-3.59,101,-11.27
15661,1800732,-0.09,109,-11.22
15662,1800804,-15.48,100,-11.23
15663,1800822,-15.02,100,-11.0
15664,1800930,-12.2,100,-11.27
15665,1801038,0.36,125,-11.01
15666,1801332,-11.73,100,-10.93
15667,1801362,-1.12,123,-10.84
15668,1801410,-9.61,101,-11.07
15669,1801536,-7.37,101,-10.97
15670,1801572,17.19,125,-10.45
15671,1801638,-24.44,100,-10.64
15672,1801932,-48.66,100,-11.09
15673,1802010,-0.58,108,-11.04
15674,1802136,-16.03,100,-10.78
15675,1802160,7.36,125,-10.59
15676,1802190,-4.96,103,-10.62
15677,1802238,-18.51,100,-10.34
15678,1802532,-22.77,100,-10.49
15679,1802610,-30.17,100,-10.51
15680,1802736,-10.31,100,-10.62
15681,1802760,-35.72,100,-10.97
15682,1802790,-25.83,100,-11.11
15683,1802838,-17.27,100,-11.01
15684,1803132,-21.9,100,-11.06
15685,1803216,-5.53,101,-11.06
15686,1803336,-43.77,100,-11.44
15687,1803360,-21.61,100,-11.5
15688,1803390,-18.36,100,-11.65
15689,1803444,-6.73,101,-11.9
15690,1803822,-6.73,101,-11.89
15691,1803882,2.34,125,-11.76
15692,1803960,-36.08,100,-11.79
15693,1804032,-1.09,107,-11.74
15694,1804038,-3.02,117,-11.65
15695,1804050,-5.04,101,-11.58
15696,1804422,-37.52,100,-11.87
15697,1804494,-3.03,102,-11.81
15698,1804602,-5.73,107,-12.08
15699,1804638,-4.94,101,-12.08
15700,1804704,-5.01,109,-12.02
15701,1804704,-1.21,111,-12.3
15702,1805022,-26.43,100,-12.52
15703,1805094,-36.99,100,-12.77
15704,1805220,-4.31,103,-12.75
15705,1805238,-30.7,100,-12.96
15706,1805310,-5.8,101,-12.89
15707,1805322,-4.41,103,-12.59
15708,1805700,-6.12,101,-12.55
15709,1805772,29.45,125,-12.1
15710,1805820,-22.03,100,-12.26
15711,1805838,-10.69,100,-12.44
15712,1805922,-4.16,102,-12.31
15713,1805934,-4.16,102,-12.34
15714,1806300,-26.31,100,-12.55
15715,1806420,-30.92,100,-12.79
15716,1806438,-13.54,100,-12.9
15717,1806462,-6.97,115,-12.92
15718,1806522,-17.09,100,-12.99
15719,1806534,-17.96,100,-13.06
15720,1806900,-10.38,100,-13.07
15721,1807020,-22.94,100,-13.29
15722,1807044,-4.46,101,-13.19
15723,1807122,-25.02,100,-13.09
15724,1807134,-36.38,100,-13.14
15725,1807212,3.09,125,-13.08
15726,1807506,-8.14,101,-12.87
15727,1807620,-24.25,100,-13.05
15728,1807650,-5.88,101,-12.52
15729,1807722,-24.26,100,-12.6
15730,1807740,-10.42,101,-12.63
15731,1807824,-3.31,102,-12.53
15732,1808112,-3.93,101,-12.47
15733,1808220,-37.2,100,-12.69
15734,1808250,-23.71,100,-12.73
15735,1808328,-5.04,101,-12.77
15736,1808346,-9.13,101,-12.89
15737,1808424,-15.15,100,-12.67
15738,1808712,-12.06,100,-12.76
15739,1808820,-13.24,100,-12.49
15740,1808850,-12.89,100,-12.56
15741,1808934,-6.73,101,-12.59
15742,1808952,-8.24,101,-12.63
15743,1809024,-11.82,100,-12.7
15744,1809312,-32.53,100,-12.65
15745,1809426,-9.13,101,-12.71
15746,1809450,-38.06,100,-12.63
15747,1809534,-15.37,100,-12.54
15748,1809600,-0.07,108,-12.44
15749,1809624,-28.91,100,-12.52
15750,1809912,-21.52,100,-12.68
15751,1810032,-9.14,101,-12.71
15752,1810056,-6.33,101,-12.61
15753,1810140,-7.41,101,-12.7
15754,1810206,-6.12,101,-12.73
15755,1810224,-18.36,100,-12.91
15756,1810512,-42.71,100,-13.26
15757,1810638,-9.13,101,-13.34
15758,1810656,-24.83,100,-13.73
15759,1810746,-6.37,101,-13.78
15760,1810824,-43.82,100,-14.18
15761,1810830,-4.63,104,-14.23
15762,1811244,-7.37,101,-14.15
15763,1811256,-26.15,100,-14.26
15764,1811262,10.29,125,-14.03
15765,1811346,-28.1,100,-14.32
15766,1811442,-3.29,103,-14.23
15767,1811454,1.19,104,-14.21
15768,1811844,-14.85,100,-14.26
15769,1811856,-20.38,100,-14.39
15770,1811898,-2.07,106,-14.59
15771,1811946,-35.82,100,-14.7
15772,1812054,-23.4,100,-14.45
15773,1812102,-0.55,110,-14.45
15774,1812444,-27.17,100,-14.56
15775,1812456,-19.16,100,-14.82
15776,1812546,-14.21,100,-14.92
15777,1812570,-1.46,112,-14.75
15778,1812780,-2.95,113,-14.55
15779,1812804,70.45,125,-13.54
15780,1813044,-19.3,100,-13.63
15781,1813056,-13.57,100,-13.41
15782,1813170,-17.69,100,-13.33
15783,1813194,0.74,108,-13.15
15784,1813404,-15.69,100,-13.09
15785,1813446,2.8,111,-13.0
15786,1813644,-18.31,100,-12.75
15787,1813656,-10.23,100,-12.63
15788,1813812,-3.55,103,-12.49
15789,1813848,-1.48,113,-12.43
15790,1814016,-3.78,102,-12.4
15791,1814046,-42.46,100,-12.85
15792,1814244,-24.83,100,-12.74
15793,1814406,13.56,125,-12.59
15794,1814412,-10.69,100,-12.67
15795,1814454,-7.05,101,-12.69
15796,1814616,-12.04,100,-12.44
15797,1814730,2.76,114,-12.38
15798,1814844,-41.16,100,-12.73
15799,1815006,-23.45,100,-12.92
15800,1815054,-24.88,100,-13.12
15801,1815060,1.84,108,-13.08
15802,1815330,0.04,119,-12.82
15803,1815450,3.21,120,-12.42
15804,1815594,41.26,125,-11.96
15805,1815606,-32.38,100,-11.98
15806,1815660,-6.87,101,-11.99
15807,1815672,-0.52,102,-11.95
15808,1815930,-47.74,100,-12.37
15809,1816116,2.78,111,-12.63
15810,1816194,-21.98,100,-12.63
15811,1816206,-13.33,100,-12.66
15812,1816266,-8.0,101,-12.7
15813,1816272,-46.89,100,-13.13
15814,1816596,-3.61,111,-12.9
15815,1816722,-10.74,101,-12.7
15816,1816806,-23.86,100,-12.8
15817,1816848,3.37,109,-12.7
15818,1816884,-1.74,102,-12.54
15819,1816968,-2.35,117,-12.39
15820,1817298,4.99,117,-12.23
15821,1817412,-5.68,101,-12.06
15822,1817472,27.95,125,-11.74
15823,1817586,-5.48,103,-11.54
15824,1817598,31.58,125,-10.86
15825,1817634,4.73,125,-10.85
15826,1817898,-24.62,100,-11.01
15827,1818012,-12.2,100,-10.89
15828,1818078,-9.88,101,-10.93
15829,1818192,-7.95,101,-10.77
15830,1818198,-37.52,100,-11.04
15831,1818354,1.28,120,-10.99
15832,1818516,-4.94,103,-11.0
15833,1818678,-15.88,100,-10.79
15834,1818684,-2.22,112,-10.57
15835,1818792,-16.24,100,-10.69
15836,1818810,0.37,102,-10.59
15837,1818954,-45.87,100,-10.9
15838,1819122,-5.33,101,-10.83
15839,1819278,-30.88,100,-11.01
15840,1819284,-10.5,100,-10.98
15841,1819392,-33.42,100,-11.25
15842,1819470,-4.93,110,-11.22
15843,1819554,-26.49,100,-11.36
15844,1819776,-0.39,109,-11.04
15845,1819878,-16.1,100,-11.11
15846,1819998,-4.75,101,-10.78
15847,1820034,37.8,125,-10.25
15848,1820076,-6.65,101,-10.31
15849,1820154,-34.25,100,-10.37
15850,1820376,-30.38,100,-10.46
15851,1820550,-0.05,112,-10.36
15852,1820604,-10.37,101,-10.4
15853,1820676,-47.97,100,-10.81
15854,1820706,-0.03,112,-10.75
15855,1820760,-10.69,101,-10.67
15856,1820994,-5.95,103,-10.3
15857,1821150,-16.57,100,-10.38
15858,1821204,-26.13,100,-10.39
15859,1821276,-29.15,100,-10.62
15860,1821306,-19.62,100,-10.38
15861,1821366,-9.37,101,-10.43
15862,1821594,-37.14,100,-10.72
15863,1821876,-23.7,100,-10.7
15864,1821888,4.26,123,-10.76
15865,1821900,6.46,116,-10.41
15866,1821966,-20.0,100,-10.58
15867,1821978,0.98,112,-10.58
15868,1822200,-9.64,101,-10.53
15869,1822482,-8.88,101,-10.42
15870,1822494,-8.86,101,-10.48
15871,1822506,-6.37,101,-10.19
15872,1822566,-22.89,100,-10.18
15873,1822620,-4.35,107,-10.22
15874,1822950,25.46,125,-9.7
15875,1823112,-2.82,103,-9.53
15876,1823142,-5.18,106,-9.44
15877,1823166,-44.52,100,-9.87
15878,1823220,-43.7,100,-10.28
15879,1823232,-1.06,125,-11.0
15880,1823568,-3.15,103,-10.83
15881,1823712,-12.14,100,-10.82
15882,1823772,-5.89,101,-10.7
15883,1823820,-31.05,100,-11.02
15884,1823832,-14.43,100,-11.01
15885,1823892,21.71,125,-10.82
15886,1824168,-10.91,100,-10.74
15887,1824330,-5.25,103,-10.69
15888,1824402,-6.3,105,-10.72
15889,1824540,-1.81,118,-10.72
15890,1824570,7.53,125,-10.61
15891,1824582,6.86,115,-10.12
15892,1824768,-21.69,100,-10.09
15893,1825008,3.94,113,-10.18
15894,1825044,-4.24,107,-10.12
15895,1825170,-49.79,100,-10.55
15896,1825218,-2.89,106,-10.45
15897,1825290,14.5,125,-10.34
15898,1825368,-52.88,100,-10.45
15899,1825608,-28.34,100,-10.5
15900,1825770,-17.89,100,-10.43
15901,1825794,64.34,125,-9.81
15902,1825818,-37.69,100,-10.19
15903,1825890,-11.82,100,-10.34
15904,1826118,46.26,125,-10.29
15905,1826226,-4.43,103,-10.01
15906,1826400,-6.73,101,-10.01
15907,1826424,-5.63,101,-10.06
15908,1826436,1.43,111,-9.56
15909,1826490,-43.41,100,-10.03
15910,1826718,-42.59,100,-10.23
15911,1826832,-8.39,101,-10.18
15912,1827000,-25.39,100,-10.36
15913,1827030,-8.94,101,-9.98
15914,1827036,-19.39,100,-10.14
15915,1827090,-51.12,100,-10.54
15916,1827324,-6.19,101,-10.36
15917,1827516,-2.96,114,-10.43
15918,1827630,-12.2,100,-10.53
15919,1827636,-34.98,100,-10.86
15920,1827696,-9.37,101,-11.0
15921,1827750,24.54,125,-10.7
15922,1827930,-6.73,101,-11.04
15923,1828194,2.79,113,-10.96
15924,1828236,-13.54,100,-11.41
15925,1828236,-10.51,101,-11.57
15926,1828296,-35.56,100,-11.68
15927,1828350,-18.78,100,-11.74
15928,1828656,-7.85,121,-11.72
15929,1828794,-12.89,100,-11.77
15930,1828836,-20.3,100,-11.6
15931,1828842,-3.28,101,-11.64
15932,1828962,5.29,111,-11.54
15933,1828992,-3.46,107,-11.42
15934,1829394,-1.85,123,-11.41
15935,1829448,-7.55,101,-11.33
15936,1829514,-5.59,113,-11.39
15937,1829544,32.35,125,-10.6
15938,1829562,-14.21,100,-10.69
15939,1829592,-56.12,100,-10.94
15940,1830048,-34.39,100,-11.18
15941,1830132,-1.52,103,-10.86
15942,1830144,38.06,125,-10.43
15943,1830150,-8.24,101,-10.25
15944,1830162,-41.41,100,-10.66
15945,1830240,1.05,108,-10.49
15946,1830654,-9.88,101,-10.54
15947,1830732,-26.49,100,-11.19
15948,1830744,-26.31,100,-11.38
15949,1830786,-5.13,104,-11.09
15950,1830840,-10.07,100,-10.89
15951,1830900,5.63,125,-10.83
15952,1831254,-31.61,100,-11.04
15953,1831332,-51.53,100,-11.08
15954,1831344,-36.2,100,-11.44
15955,1831440,-42.12,100,-11.75
15956,1831470,-0.62,114,-11.7
15957,1831506,-4.39,101,-11.58
15958,1831860,-6.48,101,-11.38
15959,1831932,-23.4,100,-11.33
15960,1831944,-49.28,100,-11.62
15961,1832040,-12.26,100,-11.65
15962,1832112,-7.0,101,-11.35
15963,1832220,9.85,125,-11.01
15964,1832460,-20.35,100,-11.26
15965,1832550,-9.65,101,-11.42
15966,1832646,-4.71,101,-11.27
15967,1832682,5.92,125,-11.22
15968,1832712,-33.02,100,-11.45
15969,1832820,-28.28,100,-11.65
15970,1833072,-1.74,102,-11.58
15971,1833156,-5.71,101,-11.57
15972,1833258,-5.15,102,-11.39
15973,1833282,-31.72,100,-11.67
15974,1833318,-4.24,101,-11.96
15975,1833420,-28.05,100,-12.21
15976,1833708,-2.36,106,-12.19
15977,1833756,-11.74,100,-11.86
15978,1833864,-4.44,101,-11.47
15979,1833882,-22.68,100,-11.68
15980,1833918,-16.84,100,-11.82
15981,1834020,-10.69,100,-11.8
15982,1834362,-3.88,101,-11.78
15983,1834386,-1.66,113,-11.49
15984,1834488,-6.33,101,-11.41
15985,1834518,-30.05,100,-11.93
15986,1834614,17.22,125,-11.65
15987,1834626,-10.46,101,-11.7
15988,1834962,-33.27,100,-11.97
15989,1834992,-4.61,101,-12.0
15990,1835100,-2.75,102,-12.1
15991,1835154,-1.15,106,-12.18
15992,1835232,-5.88,101,-12.02
15993,1835256,-3.13,107,-12.09
15994,1835586,-2.46,104,-12.07
15995,1835622,-4.49,105,-11.62
15996,1835700,-28.8,100,-11.88
15997,1835754,-13.53,100,-12.16
15998,1835832,-37.1,100,-12.0
15999,1835856,-12.04,100,-11.84
16000,1836240,-4.22,103,-11.7
16001,1836264,-6.03,113,-12.41
16002,1836300,-11.17,100,-12.14
16003,1836396,-2.89,107,-12.05
16004,1836438,-4.99,101,-12.56
16005,1836456,-19.39,100,-12.71
16006,1836846,-10.38,101,-12.75
16007,1836876,-0.2,102,-12.7
16008,1836930,-0.67,105,-12.72
16009,1836996,-37.19,100,-12.65
16010,1837038,-30.0,100,-12.53
16011,1837056,-15.28,100,-12.6
16012,1837446,-10.92,100,-12.45
16013,1837614,-5.49,114,-12.42
16014,1837626,24.5,125,-11.98
16015,1837656,-3.36,103,-11.5
16016,1837656,-25.02,100,-11.69
16017,1837746,-0.37,125,-11.66
16018,1838124,-3.3,113,-11.58
16019,1838226,-55.61,100,-11.78
16020,1838256,-22.07,100,-11.91
16021,1838256,-33.7,100,-12.49
16022,1838304,-2.34,115,-12.45
16023,1838346,-19.39,100,-12.67
16024,1838832,-8.67,101,-12.62
16025,1838856,-17.5,100,-12.69
16026,1838862,-0.5,123,-12.34
16027,1838862,-10.13,101,-12.25
16028,1838946,-3.2,107,-12.21
16029,1838964,-2.82,103,-12.11
16030,1839462,-29.83,100,-12.2
16031,1839492,-1.81,105,-12.19
16032,1839516,2.78,114,-12.21
16033,1839522,-3.27,111,-12.21
16034,1839594,-3.19,105,-12.22
16035,1839618,-4.41,112,-12.19
16036,1840068,-4.94,101,-12.19
16037,1840122,-0.36,105,-12.51
16038,1840164,-1.35,107,-12.38
16039,1840200,-8.7,101,-11.91
16040,1840254,-1.47,106,-11.58
16041,1840266,1.31,125,-11.55
16042,1840668,-17.5,100,-12.11
16043,1840788,-1.53,111,-12.04
16044,1840806,-7.43,101,-11.7
16045,1840848,5.7,114,-11.65
16046,1840866,-47.53,100,-12.03
16047,1840872,-3.9,103,-11.8
16048,1841274,-5.46,101,-11.6
16049,1841388,-14.64,100,-11.69
16050,1841466,-11.97,100,-11.71
16051,1841490,-3.07,107,-11.8
16052,1841508,-5.57,117,-11.54
16053,1841538,-0.89,111,-11.03
16054,1841892,-4.94,103,-10.72
16055,1841988,-39.56,100,-10.69
16056,1842096,-4.89,101,-10.74
16057,1842138,-22.86,100,-10.92
16058,1842180,-0.79,119,-10.86
16059,1842258,18.71,125,-10.44
16060,1842510,-3.19,103,-9.98
16061,1842600,-2.18,102,-9.88
16062,1842714,-2.69,103,-9.84
16063,1842786,-5.71,101,-9.99
16064,1842858,-16.24,100,-9.95
16065,1842888,3.7,125,-9.82
16066,1843116,-8.14,101,-9.85
16067,1843200,-34.23,100,-10.25
16068,1843386,-39.32,100,-10.32
16069,1843464,13.01,125,-9.9
16070,1843494,-10.74,101,-9.99
16071,1843608,9.93,125,-9.84
16072,1843722,-7.47,101,-9.86
16073,1843800,-20.07,100,-9.74
16074,1844004,-5.32,103,-9.75
16075,1844070,-7.63,101,-9.55
16076,1844208,-34.55,100,-9.87
16077,1844244,29.37,125,-9.46
16078,1844340,-3.54,103,-9.45
16079,1844550,29.57,125,-8.93
16080,1844604,-18.51,100,-8.95
16081,1844784,-3.72,119,-8.88
16082,1844814,-5.89,101,-8.9
16083,1844844,-32.54,100,-9.21
16084,1844940,-14.21,100,-9.28
16085,1845150,-52.32,100,-9.51
16086,1845204,-15.36,100,-9.83
16087,1845384,-11.65,100,-9.85
16088,1845420,-10.06,101,-9.61
16089,1845444,-10.64,100,-9.67
16090,1845690,10.29,125,-9.54
16091,1845756,-7.88,101,-9.61
16092,1845810,-6.85,101,-9.62
16093,1845990,-8.93,101,-9.68
16094,1846026,-7.63,101,-9.73
16095,1846044,-40.14,100,-10.09
16096,1846290,-33.42,100,-10.13
16097,1846374,-4.37,103,-10.04
16098,1846422,-3.48,102,-9.7
16099,1846590,-20.07,100,-9.78
16100,1846626,-20.13,100,-9.94
16101,1846644,-13.55,100,-10.02
16102,1846896,-5.64,101,-9.96
16103,1846980,-7.85,101,-10.01
16104,1847022,-19.72,100,-10.16
16105,1847238,-3.48,102,-10.0
16106,1847238,0.27,108,-9.89
16107,1847274,-0.96,105,-9.9
16108,1847556,-5.81,110,-9.95
16109,1847700,-5.43,113,-9.64
16110,1847706,-1.73,121,-9.35
16111,1847838,-58.97,100,-9.79
16112,1847946,2.61,118,-9.66
16113,1847964,-4.35,115,-9.64
16114,1848300,-37.93,100,-10.27
16115,1848306,-2.14,125,-10.26
16116,1848420,-0.34,119,-10.01
16117,1848438,-21.39,100,-10.22
16118,1848546,-45.28,100,-10.64
16119,1848564,-18.85,100,-10.27
16120,1848900,-10.4,100,-10.15
16121,1848942,-2.29,106,-9.84
16122,1849020,-45.42,100,-10.27
16123,1849044,-8.14,101,-10.16
16124,1849146,-35.02,100,-10.42
16125,1849170,-7.16,101,-10.32
16126,1849500,-26.43,100,-10.58
16127,1849608,-2.86,111,-10.51
16128,1849620,-20.97,100,-10.68
16129,1849650,-9.63,101,-10.75
16130,1849776,-5.29,101,-10.51
16131,1849788,-4.17,107,-10.53
16132,1850106,-6.07,101,-10.62
16133,1850208,-41.4,100,-11.0
16134,1850226,-4.68,101,-11.01
16135,1850250,-34.84,100,-11.32
16136,1850388,-10.93,100,-11.38
16137,1850526,15.67,125,-11.22
16138,1850706,-17.5,100,-11.38
16139,1850808,-30.77,100,-11.6
16140,1850862,-4.93,102,-11.63
16141,1850904,-5.49,113,-11.7
16142,1851006,-1.52,103,-11.54
16143,1851168,-1.96,107,-11.55
16144,1851306,-28.39,100,-11.76
16145,1851408,-29.09,100,-12.1
16146,1851462,-12.48,100,-11.75
16147,1851504,-19.29,100,-11.91
16148,1851612,-6.12,101,-11.91
16149,1851768,-29.09,100,-12.06
16150,1851906,-29.49,100,-12.23
16151,1852014,-4.17,101,-12.25
16152,1852062,-11.6,100,-12.31
16153,1852104,-15.28,100,-12.45
16154,1852290,-1.18,113,-12.41
16155,1852368,-34.27,100,-12.36
16156,1852608,2.93,117,-12.28
16157,1852614,-21.75,100,-12.27
16158,1852662,-51.61,100,-12.78
16159,1852704,-13.33,100,-13.1
16160,1853040,23.03,125,-12.84
16161,1853094,-3.27,121,-12.85
16162,1853208,-17.28,100,-12.99
16163,1853262,-11.03,100,-13.05
16164,1853280,-4.38,111,-12.93
16165,1853310,-3.88,101,-13.0
16166,1853640,-22.18,100,-13.14
16167,1853730,-1.47,106,-12.82
16168,1853868,1.93,110,-12.4
16169,1853880,-18.31,100,-12.72
16170,1853910,-11.41,100,-12.72
16171,1854012,-1.14,125,-12.83
16172,1854246,-5.61,101,-12.82
16173,1854330,-16.4,100,-12.78
16174,1854468,-23.22,100,-12.96
16175,1854480,-45.28,100,-13.33
16176,1854540,-2.57,105,-13.01
16177,1854618,-4.39,101,-13.35
16178,1854846,-29.66,100,-13.61
16179,1854930,-30.82,100,-14.22
16180,1855068,-31.89,100,-14.35
16181,1855080,-40.57,100,-14.72
16182,1855218,-31.77,100,-14.98
16183,1855290,8.21,125,-14.57
16184,1855446,-48.97,100,-14.92
16185,1855530,-22.62,100,-14.62
16186,1855680,-11.82,100,-14.59
16187,1855686,-4.73,103,-14.52
16188,1855818,-18.71,100,-14.6
16189,1855890,-17.69,100,-14.67
16190,1856046,-23.4,100,-15.01
16191,1856160,-1.81,105,-14.95
16192,1856286,-13.84,100,-15.02
16193,1856286,-10.51,101,-15.04
16194,1856418,-19.62,100,-15.16
16195,1856490,-27.18,100,-15.03
16196,1856700,-0.66,109,-14.7
16197,1856886,-18.46,100,-14.84
16198,1856904,4.74,124,-14.76
16199,1857036,-4.66,103,-14.6
16200,1857036,31.47,125,-14.09
16201,1857240,3.03,125,-13.92
16202,1857306,-5.5,101,-13.92
16203,1857504,-42.71,100,-14.27
16204,1857552,0.94,111,-14.06
16205,1857684,-0.96,108,-14.04
16206,1857702,-1.01,111,-14.05
16207,1857864,-5.96,104,-14.1
16208,1857906,-11.53,100,-14.16
16209,1858152,-38.6,100,-14.49
16210,1858200,0.22,116,-14.47
16211,1858284,-35.56,100,-14.24
16212,1858302,-12.86,100,-14.39
16213,1858506,-4.27,107,-14.39
16214,1858506,-13.33,100,-14.14
16215,1858758,-4.85,101,-14.17
16216,1858884,-32.05,100,-14.49
16217,1858902,-0.32,117,-14.28
16218,1858908,-6.86,101,-13.89
16219,1859112,-10.4,101,-13.81
16220,1859256,36.36,125,-13.34
16221,1859394,-3.63,106,-13.35
16222,1859538,-2.36,106,-12.92
16223,1859634,14.81,125,-12.69
16224,1859658,16.61,125,-12.18
16225,1859862,4.53,125,-12.06
16226,1859958,0.86,117,-11.79
16227,1859994,-11.9,100,-11.88
16228,1860258,1.74,120,-11.65
16229,1860258,-20.06,100,-11.76
16230,1860282,-2.19,108,-11.72
16231,1860462,-39.68,100,-12.08
16232,1860558,-39.56,100,-12.41
16233,1860594,-31.16,100,-12.31
16234,1860858,-40.43,100,-12.67
16235,1860864,-8.88,101,-12.41
16236,1860900,-4.17,103,-12.34
16237,1861062,-32.21,100,-12.82
16238,1861158,-10.56,100,-12.75
16239,1861218,-2.41,104,-12.47
16240,1861458,-33.64,100,-12.76
16241,1861506,-7.81,101,-12.78
16242,1861614,5.84,125,-12.7
16243,1861668,-9.37,101,-12.78
16244,1861758,-24.24,100,-12.74
16245,1861968,18.32,125,-12.26
16246,1862058,-20.63,100,-12.34
16247,1862148,-0.49,107,-12.16
16248,1862220,-8.14,101,-12.18
16249,1862268,-49.07,100,-12.38
16250,1862358,-20.74,100,-12.29
16251,1862658,-15.71,100,-12.4
16252,1862712,11.51,124,-12.17
16253,1862754,-5.46,101,-12.08
16254,1862820,-42.96,100,-12.49
16255,1862874,-3.88,101,-12.19
16256,1862958,-31.72,100,-12.54
16257,1863258,-12.26,100,-12.44
16258,1863372,-0.45,110,-11.93
16259,1863420,-22.31,100,-12.02
16260,1863504,0.39,125,-12.25
16261,1863558,-20.06,100,-12.41
16262,1863594,2.36,120,-12.22
16263,1863858,-38.9,100,-12.5
16264,1863972,-34.68,100,-12.8
16265,1864086,-0.46,111,-12.76
16266,1864194,-40.61,100,-12.95
16267,1864200,7.2,116,-12.86
16268,1864308,13.88,125,-12.74
16269,1864458,-48.64,100,-13.05
16270,1864572,-28.1,100,-13.21
16271,1864692,-7.85,101,-13.28
16272,1864818,-4.04,103,-13.26
16273,1864932,-4.35,104,-13.14
16274,1864938,4.97,124,-12.86
16275,1865058,-55.61,100,-12.96
16276,1865178,-6.73,101,-13.01
16277,1865316,-5.46,104,-13.02
16278,1865418,-31.56,100,-13.04
16279,1865544,-4.61,101,-12.77
16280,1865652,-4.05,120,-12.5
16281,1865742,-0.29,114,-12.09
16282,1865892,2.08,119,-11.75
16283,1865922,-3.59,101,-11.87
16284,1866144,-31.85,100,-11.7
16285,1866156,-0.76,123,-11.48
16286,1866342,-21.75,100,-11.58
16287,1866396,-8.02,124,-11.61
16288,1866492,-36.04,100,-11.79
16289,1866522,-50.97,100,-12.12
16290,1866768,-4.92,102,-11.94
16291,1866780,-4.11,106,-11.96
16292,1866948,-10.76,101,-11.93
16293,1867092,-15.58,100,-11.98
16294,1867134,3.57,123,-11.75
16295,1867272,8.55,125,-11.39
16296,1867368,-29.69,100,-11.68
16297,1867386,-5.88,101,-11.55
16298,1867674,11.01,121,-11.49
16299,1867692,-27.51,100,-11.72
16300,1867740,-8.6,101,-12.12
16301,1867878,-6.85,101,-12.22
16302,1868016,-1.71,108,-12.18
16303,1868136,0.39,125,-11.75
16304,1868274,-25.21,100,-12.01
16305,1868292,-38.06,100,-12.38
16306,1868340,-41.13,100,-12.78
16307,1868628,25.39,125,-12.47
16308,1868742,-8.39,101,-12.44
16309,1868754,7.9,123,-11.97
16310,1868934,-7.46,110,-12.05
16311,1868988,-1.0,116,-11.71
16312,1869036,1.69,116,-11.56
16313,1869228,-44.16,100,-11.96
16314,1869360,-5.8,101,-11.88
16315,1869378,0.52,106,-11.83
16316,1869540,-4.16,101,-11.55
16317,1869588,-12.69,100,-11.67
16318,1869636,-35.33,100,-11.96
16319,1869828,-27.17,100,-12.13
16320,1869960,-41.94,100,-12.91
16321,1870026,-4.21,108,-12.92
16322,1870140,-15.94,100,-13.05
16323,1870194,-6.37,101,-13.26
16324,1870236,-35.17,100,-13.78
16325,1870428,-18.71,100,-14.01
16326,1870566,-9.88,101,-14.12
16327,1870776,11.11,125,-13.89
16328,1870800,-10.33,101,-14.01
16329,1870806,-4.11,111,-13.85
16330,1870926,0.06,115,-13.83
16331,1871034,-6.12,101,-13.49
16332,1871316,1.69,125,-13.08
16333,1871424,-3.34,108,-12.8
16334,1871442,-1.04,107,-12.41
16335,1871514,-4.85,118,-12.37
16336,1871580,3.37,109,-12.29
16337,1871634,-20.14,100,-12.17
16338,1871934,-4.96,103,-12.12
16339,1872042,-3.91,103,-12.13
16340,1872168,3.71,109,-11.76
16341,1872192,59.26,125,-11.09
16342,1872252,-4.28,112,-11.19
16343,1872294,-0.89,110,-11.1
16344,1872534,-31.61,100,-11.18
16345,1872654,-3.9,102,-11.4
16346,1872768,-23.46,100,-11.43
16347,1872804,-3.78,102,-11.46
16348,1872858,-4.81,101,-11.43
16349,1872912,-2.82,103,-10.97
16350,1873134,-13.75,100,-10.9
16351,1873272,-3.63,103,-10.78
16352,1873386,-4.43,103,-10.93
16353,1873404,-30.68,100,-11.19
16354,1873512,-17.2,100,-10.93
16355,1873608,16.36,125,-10.73
16356,1873734,-12.2,100,-10.53
16357,1873872,-45.08,100,-10.86
16358,1873986,-44.97,100,-11.31
16359,1874124,-4.11,102,-11.12
16360,1874154,20.57,125,-10.92
16361,1874256,0.87,108,-10.71
16362,1874340,-10.57,101,-10.84
16363,1874478,-6.19,101,-10.51
16364,1874586,-22.12,100,-10.39
16365,1874760,-6.12,101,-10.45
16366,1874868,4.89,124,-9.99
16367,1874970,-3.3,105,-10.1
16368,1875006,6.45,125,-10.17
16369,1875180,1.46,117,-9.67
16370,1875186,-16.45,100,-9.55
16371,1875360,-40.0,100,-9.87
16372,1875468,-11.97,100,-9.95
16373,1875606,-44.51,100,-10.35
16374,1875720,8.43,125,-10.32
16375,1875780,-28.22,100,-10.05
16376,1875906,8.84,120,-9.89
16377,1876020,-5.2,110,-9.89
16378,1876206,-16.91,100,-9.74
16379,1876218,5.63,125,-9.64
16380,1876320,-32.53,100,-9.92
16381,1876386,-6.73,101,-9.99
16382,1876518,-2.13,102,-10.03
16383,1876704,-3.54,114,-10.03
16384,1876806,-51.79,100,-10.23
16385,1876836,-3.71,103,-10.26
16386,1876920,-26.43,100,-10.31
16387,1876992,-10.33,101,-10.33
16388,1877118,-10.07,100,-10.07
16389,1877304,-24.03,100,-9.8
16390,1877436,-44.79,100,-10.2
16391,1877502,4.48,116,-10.11
16392,1877526,-6.37,101,-10.07
16393,1877592,-10.04,100,-10.01
16394,1877718,-27.02,100,-10.32
16395,1877904,-10.56,100,-10.51
16396,1878036,-12.2,100,-10.33
16397,1878102,-38.46,100,-10.66
16398,1878126,-25.26,100,-11.02
16399,1878192,-15.98,100,-10.91
16400,1878324,-5.56,101,-10.88
16401,1878594,-2.98,115,-10.84
16402,1878702,-43.24,100,-11.25
16403,1878726,-38.2,100,-11.64
16404,1878786,10.73,125,-11.28
16405,1878792,-16.51,100,-11.07
16406,1879074,-4.19,125,-10.7
16407,1879200,-4.68,101,-11.0
16408,1879326,-14.96,100,-11.06
16409,1879362,-0.21,110,-11.14
16410,1879392,-23.61,100,-11.3
16411,1879470,-0.6,114,-11.3
16412,1879674,-14.43,100,-11.46
16413,1879926,-25.05,100,-11.27
16414,1879950,3.81,125,-11.17
16415,1879962,-21.98,100,-11.4
16416,1880022,-2.15,105,-11.38
16417,1880070,-18.46,100,-11.44
16418,1880274,-11.97,100,-11.2
16419,1880550,-52.33,100,-11.46
16420,1880562,-11.82,100,-11.15
16421,1880622,-24.98,100,-11.36
16422,1880670,-46.15,100,-11.66
16423,1880676,18.24,125,-11.42
16424,1880880,-4.64,101,-11.11
16425,1881204,-4.9,107,-10.97
16426,1881210,-1.91,110,-10.89
16427,1881282,-8.47,101,-11.09
16428,1881372,0.15,125,-10.99
16429,1881420,20.57,125,-10.74
16430,1881498,-2.6,103,-10.77
16431,1881804,-28.15,100,-10.99
16432,1881816,-9.37,101,-11.1
16433,1881882,-11.75,100,-11.18
16434,1882020,-1.84,108,-11.19
16435,1882026,-5.86,101,-11.2
16436,1882098,-16.88,100,-11.4
16437,1882422,-5.09,101,-11.25
16438,1882482,-25.85,100,-11.46
16439,1882554,51.39,125,-10.91
16440,1882626,-45.3,100,-11.4
16441,1882752,1.3,122,-11.98
16442,1882782,-0.29,114,-11.94
16443,1883028,-5.97,101,-11.99
16444,1883082,-40.4,100,-12.08
16445,1883178,-1.95,104,-12.06
16446,1883376,3.56,125,-11.79
16447,1883388,-10.09,101,-11.85
16448,1883454,-2.02,117,-11.82
16449,1883676,0.41,108,-11.79
16450,1883778,-12.86,100,-11.78
16451,1883832,41.3,125,-11.33
16452,1884054,-12.72,100,-11.41
16453,1884066,0.51,113,-11.1
16454,1884126,42.38,125,-10.51
16455,1884276,-16.57,100,-10.83
16456,1884420,-4.24,107,-10.75
16457,1884432,-15.81,100,-10.46
16458,1884672,-5.14,101,-10.06
16459,1884726,-12.32,100,-10.15
16460,1884804,30.11,125,-10.05
16461,1884876,-12.87,100,-10.19
16462,1885044,-2.75,102,-10.11
16463,1885140,-0.94,120,-10.06
16464,1885344,-3.9,103,-9.88
16465,1885410,-1.18,123,-9.83
16466,1885422,-4.37,103,-9.92
16467,1885476,-36.99,100,-10.26
16468,1885644,-52.88,100,-10.85
16469,1885890,28.4,125,-10.58
16470,1886010,-45.08,100,-10.87
16471,1886076,-51.43,100,-10.98
16472,1886082,-1.19,110,-10.87
16473,1886094,25.0,125,-10.18
16474,1886394,5.61,125,-10.2
16475,1886526,-3.37,106,-9.96
16476,1886610,-16.91,100,-10.21
16477,1886682,-5.64,101,-10.22
16478,1886694,-33.85,100,-10.39
16479,1886832,24.57,125,-10.2
16480,1886994,-24.85,100,-10.12
16481,1887276,9.89,125,-9.96
16482,1887276,5.18,111,-9.88
16483,1887282,-30.0,100,-10.15
16484,1887420,2.52,121,-9.6
16485,1887438,-8.24,101,-9.65
16486,1887594,-36.25,100,-9.75
16487,1887876,-36.99,100,-10.01
16488,1887888,-5.43,101,-9.97
16489,1887918,-3.46,107,-9.76
16490,1888044,-6.86,101,-9.38
16491,1888104,-3.06,114,-9.46
16492,1888200,-7.37,101,-9.47
16493,1888476,-42.06,100,-9.79
16494,1888518,-16.62,100,-9.68
16495,1888584,-2.6,116,-9.6
16496,1888686,-5.3,107,-9.54
16497,1888704,-29.42,100,-9.45
16498,1888914,7.68,119,-9.12
16499,1889082,-7.71,101,-9.03
16500,1889118,-15.81,100,-9.14
16501,1889184,-25.83,100,-9.36
16502,1889286,-21.54,100,-9.15
16503,1889340,-2.83,106,-8.79
16504,1889664,7.53,125,-8.83
16505,1889718,-14.03,100,-8.8
16506,1889790,-8.43,101,-8.84
16507,1889832,23.08,125,-8.57
16508,1889946,-5.97,101,-8.48
16509,1890006,8.32,120,-8.39
16510,1890390,-39.04,100,-8.54
16511,1890414,-2.68,125,-8.57
16512,1890426,-0.77,118,-8.43
16513,1890432,-38.9,100,-8.57
16514,1890606,-42.26,100,-9.03
16515,1890696,12.58,125,-8.68
16516,1890990,-10.92,100,-8.77
16517,1891014,-42.85,100,-9.01
16518,1891032,-35.68,100,-9.25
16519,1891176,54.64,125,-8.18
16520,1891212,-4.99,101,-8.11
16521,1891302,-5.14,101,-7.91
16522,1891596,-9.37,101,-7.55
16523,1891632,-47.95,100,-8.21
16524,1891764,30.61,125,-7.86
16525,1891776,-23.33,100,-8.04
16526,1891962,50.82,125,-7.51
16527,1892028,-1.18,121,-7.44
16528,1892196,-24.64,100,-7.69
16529,1892238,-5.4,101,-7.95
16530,1892364,-31.77,100,-8.24
16531,1892382,-5.14,101,-8.01
16532,1892562,-23.04,100,-8.15
16533,1892664,-2.4,106,-8.05
16534,1892796,-48.64,100,-8.52
16535,1892838,-54.6,100,-9.01
16536,1892964,-12.26,100,-8.96
16537,1892982,-11.46,100,-9.03
16538,1893168,-5.88,101,-8.83
16539,1893414,19.72,125,-9.14
16540,1893438,-34.93,100,-9.04
16541,1893438,-3.51,107,-9.09
16542,1893594,-2.46,102,-9.11
16543,1893612,-3.07,108,-9.08
16544,1893768,-10.03,100,-8.78
16545,1894038,-18.51,100,-8.94
16546,1894086,-3.69,108,-9.01
16547,1894164,9.97,125,-8.81
16548,1894194,-16.51,100,-8.96
16549,1894362,8.3,125,-8.88
16550,1894368,-14.64,100,-8.9
16551,1894686,-38.96,100,-9.7
16552,1894770,5.34,122,-9.52
16553,1894914,5.08,125,-9.47
16554,1894944,34.28,125,-9.55
16555,1895112,6.56,125,-9.32
16556,1895118,18.06,125,-9.1
16557,1895286,-10.6,100,-9.05
16558,1895520,46.62,125,-8.53
16559,1895544,-33.33,100,-8.74
16560,1895664,21.21,125,-8.83
16561,1895712,-38.65,100,-9.09
16562,1895748,-1.42,105,-9.07
16563,1895892,-8.64,101,-9.15
16564,1896126,-4.64,101,-9.16
16565,1896240,-1.27,116,-9.16
16566,1896264,-11.82,100,-9.23
16567,1896360,-3.86,102,-8.9
16568,1896384,-3.98,112,-8.41
16569,1896492,-14.93,100,-8.85
16570,1896732,-8.9,101,-8.49
16571,1896840,-20.56,100,-8.18
16572,1897014,11.11,125,-8.05
16573,1897014,-1.18,109,-8.32
16574,1897098,-6.86,101,-8.44
16575,1897098,-1.65,119,-8.42
16576,1897332,-13.73,100,-8.39
16577,1897590,19.13,125,-8.14
16578,1897614,-50.97,100,-8.32
16579,1897620,-6.12,101,-8.62
16580,1897698,-22.75,100,-8.6
16581,1897752,-0.09,109,-8.7
16582,1897938,-10.6,101,-8.86
16583,1898214,-11.41,100,-8.67
16584,1898256,-2.86,111,-8.73
16585,1898274,0.1,109,-8.64
16586,1898298,-12.89,100,-8.41
16587,1898358,-3.88,101,-8.08
16588,1898688,7.91,125,-7.94
16589,1898820,-9.3,101,-8.0
16590,1898904,-3.34,108,-7.97
16591,1899012,-7.17,119,-8.01
16592,1899024,27.95,125,-7.66
16593,1899108,43.86,125,-6.8
16594,1899288,-38.33,100,-7.01
16595,1899570,9.15,125,-6.9
16596,1899612,-21.63,100,-7.06
16597,1899642,6.47,123,-6.7
16598,1899708,-30.33,100,-7.08
16599,1899762,0.96,123,-6.99
16600,1900038,19.35,125,-6.64
16601,1900176,-9.37,101,-6.48
16602,1900212,-10.6,100,-6.37
16603,1900308,-27.37,100,-6.61
16604,1900368,-8.19,101,-6.77
16605,1900392,2.11,125,-6.61
16606,1900704,1.79,111,-6.51
16607,1900776,-48.09,100,-7.22
16608,1900812,-11.03,100,-7.27
16609,1900908,-11.03,100,-7.46
16610,1900968,-28.72,100,-7.36
16611,1901142,29.41,125,-7.04
16612,1901370,-4.59,111,-7.08
16613,1901508,-0.85,116,-6.7
16614,1901508,-24.44,100,-6.52
16615,1901526,15.11,125,-6.49
16616,1901568,-17.86,100,-6.56
16617,1901832,-3.26,115,-6.17
16618,1902108,-24.75,100,-6.06
16619,1902108,-14.16,100,-6.75
16620,1902120,16.67,125,-6.53
16621,1902162,1.22,106,-6.47
16622,1902222,2.2,109,-6.35
16623,1902480,0.41,108,-5.87
16624,1902714,-7.63,101,-6.25
16625,1902720,-30.1,100,-6.32
16626,1902828,-7.27,101,-6.9
16627,1902858,1.5,125,-6.87
16628,1902912,12.63,125,-6.5
16629,1903080,-27.17,100,-6.72
16630,1903320,-19.39,100,-6.59
16631,1903374,-0.89,110,-6.55
16632,1903428,-36.36,100,-6.68
16633,1903458,-25.31,100,-6.91
16634,1903572,2.91,110,-6.4
16635,1903830,32.58,125,-5.52
16636,1903938,-3.97,103,-5.44
16637,1904082,-3.02,109,-5.36
16638,1904124,8.19,125,-5.22
16639,1904172,-32.68,100,-5.74
16640,1904208,42.86,125,-4.96
16641,1904430,-11.89,100,-5.05
16642,1904538,-34.55,100,-5.37
16643,1904724,-16.84,100,-5.5
16644,1904772,-1.68,115,-5.42
16645,1904772,-39.26,100,-5.63
16646,1904808,-21.18,100,-5.8
16647,1905030,-33.27,100,-6.24
16648,1905144,-6.37,101,-6.13
16649,1905324,-12.48,100,-6.34
16650,1905372,-14.98,100,-6.35
16651,1905396,-6.09,104,-6.02
16652,1905540,-1.38,122,-6.08
16653,1905642,-2.29,102,-6.16
16654,1905780,-2.89,106,-6.53
16655,1905924,-42.96,100,-7.02
16656,1905972,-17.41,100,-7.38
16657,1905996,-15.15,100,-7.42
16658,1906170,-2.88,105,-7.92
16659,1906362,3.32,120,-7.55
16660,1906506,-0.5,121,-7.77
16661,1906524,-24.98,100,-7.63
16662,1906572,-23.93,100,-7.86
16663,1906674,-1.81,113,-7.79
16664,1906770,-23.04,100,-7.97
16665,1906962,-46.1,100,-8.42
16666,1907130,-5.2,101,-8.36
16667,1907250,11.0,113,-8.21
16668,1907256,8.97,125,-8.08
16669,1907274,-22.68,100,-8.16
16670,1907520,39.93,125,-7.67
16671,1907586,-2.03,104,-7.48
16672,1907730,-15.02,100,-7.74
16673,1907850,-32.9,100,-8.06
16674,1907856,-28.34,100,-8.28
16675,1907874,-43.48,100,-8.69
16676,1908120,-10.92,100,-8.67
16677,1908336,21.0,125,-8.65
16678,1908390,-2.29,110,-8.16
16679,1908450,-42.07,100,-8.52
16680,1908456,-16.6,100,-8.46
16681,1908624,35.31,125,-8.1
16682,1908720,-28.88,100,-8.29
16683,1908990,4.04,109,-8.13
16684,1909050,-12.04,100,-8.22
16685,1909056,2.11,111,-8.2
16686,1909098,-2.56,107,-8.1
16687,1909224,-27.96,100,-8.34
16688,1909320,-24.62,100,-8.67
16689,1909590,-47.63,100,-9.05
16690,1909668,-0.77,103,-9.02
16691,1909764,-1.26,111,-8.97
16692,1909806,7.02,125,-9.17
16693,1909926,-5.61,101,-9.67
16694,1909974,31.39,125,-8.97
16695,1910226,-1.77,106,-9.08
16696,1910382,-1.32,103,-8.88
16697,1910412,-6.97,101,-9.01
16698,1910418,24.14,125,-8.47
16699,1910532,-6.0,101,-8.54
16700,1910592,-2.26,103,-8.75
16701,1910868,-1.31,107,-8.67
16702,1911024,-8.56,101,-8.65
16703,1911084,12.96,112,-8.25
16704,1911126,15.3,124,-8.01
16705,1911192,-19.1,100,-8.23
16706,1911192,-3.13,110,-8.28
16707,1911618,-4.26,125,-7.84
16708,1911624,-10.8,100,-7.83
16709,1911726,-14.98,100,-7.87
16710,1911834,52.17,125,-7.07
16711,1911840,1.72,108,-7.34
16712,1911942,9.32,125,-7.2
16713,1912368,7.03,125,-7.12
16714,1912374,15.08,125,-6.73
16715,1912434,-39.84,100,-7.28
16716,1912446,-6.97,101,-7.17
16717,1912476,12.24,125,-7.01
16718,1912548,-5.09,101,-6.82
16719,1913052,3.69,114,-6.64
16720,1913052,-3.44,113,-6.84
16721,1913076,-29.09,100,-7.14
16722,1913076,-4.72,107,-7.21
16723,1913196,1.82,125,-7.2
16724,1913292,-5.24,124,-7.18
16725,1913652,-40.66,100,-7.28
16726,1913676,-33.9,100,-7.55
16727,1913736,-0.77,110,-7.57
16728,1913784,-2.53,122,-7.72
16729,1913796,-12.62,100,-7.58
16730,1914042,34.23,125,-7.04
16731,1914258,-4.94,101,-7.08
16732,1914282,-9.12,101,-6.81
16733,1914384,-45.12,100,-7.01
16734,1914486,6.23,125,-6.97
16735,1914546,-0.0,125,-7.3
16736,1914648,-5.95,101,-7.32
16737,1914882,-10.93,100,-7.4
16738,1914966,-1.93,118,-7.5
16739,1914990,-10.49,101,-7.28
16740,1915134,-4.77,108,-7.75
16741,1915152,-9.37,101,-7.73
16742,1915392,10.6,124,-7.28
16743,1915482,-38.65,100,-7.49
16744,1915566,-22.45,100,-7.7
16745,1915734,-25.21,100,-7.56
16746,1915740,27.41,125,-7.08
16747,1915752,-40.61,100,-7.15
16748,1916004,-3.93,102,-7.12
16749,1916082,-13.04,100,-7.13
16750,1916166,-28.91,100,-7.27
16751,1916340,-12.35,100,-7.33
16752,1916454,6.27,120,-7.26
16753,1916472,1.83,120,-7.21
16754,1916676,4.6,112,-7.14
16755,1916784,-2.02,117,-6.73
16756,1916892,8.28,121,-6.47
16757,1916994,-4.14,109,-6.36
16758,1917060,-9.16,101,-6.43
16759,1917222,12.68,125,-6.33
16760,1917426,29.63,125,-6.03
16761,1917492,-22.48,100,-6.01
16762,1917534,34.87,125,-5.42
16763,1917594,-52.65,100,-5.93
16764,1917750,3.94,115,-5.66
16765,1917954,0.04,122,-5.19
16766,1918110,-5.22,103,-5.19
16767,1918176,5.63,125,-5.25
16768,1918176,-5.73,107,-5.4
16769,1918260,0.55,111,-5.16
16770,1918464,-5.97,119,-5.62
16771,1918656,-0.88,117,-5.61
16772,1918710,-23.33,100,-5.69
16773,1918782,-7.08,101,-5.44
16774,1918794,-2.54,103,-5.18
16775,1918866,-5.97,101,-4.8
16776,1919100,-1.13,106,-4.7
16777,1919316,-8.14,101,-5.0
16778,1919382,-48.42,100,-5.46
16779,1919406,10.32,125,-4.93
16780,1919442,-3.89,108,-4.81
16781,1919466,-41.13,100,-5.57
16782,1919790,-5.04,115,-5.33
16783,1919916,-17.5,100,-5.55
16784,1919982,-34.69,100,-5.77
16785,1920042,-33.13,100,-6.13
16786,1920132,-3.55,111,-6.14
16787,1920156,16.36,125,-5.69
16788,1920504,-0.61,119,-5.45
16789,1920534,-2.67,103,-5.0
16790,1920582,-32.55,100,-5.32
16791,1920726,-0.29,114,-5.31
16792,1920756,-32.1,100,-5.7
16793,1920762,-3.01,105,-5.68
16794,1921218,0.21,119,-5.99
16795,1921284,3.68,125,-5.93
16796,1921326,-21.38,100,-6.14
16797,1921332,19.35,125,-5.87
16798,1921404,0.31,107,-6.11
16799,1921506,26.25,125,-5.79
16800,1921824,-10.74,101,-5.87
16801,1921944,1.11,110,-5.85
16802,1921944,-3.15,102,-5.79
16803,1922004,-13.33,100,-6.06
16804,1922022,10.04,116,-6.11
16805,1922118,-2.83,102,-5.95
16806,1922544,-0.11,120,-5.92
16807,1922604,-2.26,110,-5.9
16808,1922658,0.05,109,-5.79
16809,1922694,2.84,125,-5.61
16810,1922718,-21.56,100,-6.35
16811,1922724,7.18,117,-6.29
16812,1923156,-3.96,102,-6.43
16813,1923264,-7.44,101,-6.57
16814,1923330,-10.13,101,-6.82
16815,1923354,38.98,125,-6.03
16816,1923354,-3.89,106,-6.0
16817,1923366,-0.38,112,-6.13
16818,1923756,-34.1,100,-6.42
16819,1923870,-10.51,101,-6.56
16820,1923936,-6.07,101,-6.59
16821,1923954,-16.8,100,-6.47
16822,1924098,4.79,122,-6.37
16823,1924104,23.13,125,-6.16
16824,1924356,-10.68,100,-6.21
16825,1924536,-41.66,100,-6.22
16826,1924554,-12.66,100,-6.01
16827,1924584,-3.4,119,-6.04
16828,1924710,-8.34,101,-6.09
16829,1924848,3.81,125,-5.93
16830,1925106,6.67,125,-6.21
16831,1925142,-4.94,101,-6.21
16832,1925154,-14.84,100,-6.26
16833,1925184,-33.41,100,-6.15
16834,1925454,6.46,124,-6.14
16835,1925568,5.5,120,-6.09
16836,1925706,-12.38,100,-6.15
16837,1925760,-2.55,103,-6.07
16838,1925784,-29.58,100,-6.35
16839,1925814,-4.11,110,-6.28
16840,1926054,-13.57,100,-6.37
16841,1926180,-2.35,102,-6.3
16842,1926366,-5.53,101,-6.46
16843,1926414,10.29,118,-5.97
16844,1926414,-17.5,100,-5.92
16845,1926534,9.09,125,-5.58
16846,1926780,-12.61,100,-5.98
16847,1926804,39.24,125,-5.18
16848,1926966,-27.74,100,-5.42
16849,1927020,-4.14,101,-5.33
16850,1927164,14.07,125,-4.9
16851,1927284,1.75,125,-4.76
16852,1927386,-4.64,101,-4.87
16853,1927404,-33.9,100,-5.23
16854,1927566,-15.06,100,-5.42
16855,1927620,-15.66,100,-5.56
16856,1927770,-7.47,101,-5.72
16857,1927920,-2.29,106,-5.7
16858,1927986,-11.37,100,-5.72
16859,1928094,6.86,115,-5.78
16860,1928172,-5.27,101,-6.13
16861,1928370,35.04,125,-5.55
16862,1928508,5.41,123,-5.85
16863,1928526,-4.8,101,-5.37
16864,1928586,-15.37,100,-5.56
16865,1928712,-5.73,103,-5.62
16866,1928772,-15.48,100,-5.72
16867,1928970,-32.05,100,-6.1
16868,1929108,-11.46,100,-6.16
16869,1929126,-21.18,100,-6.37
16870,1929336,4.03,125,-6.27
16871,1929354,-3.69,107,-6.3
16872,1929372,-20.96,100,-6.28
16873,1929570,-38.6,100,-6.59
16874,1929756,-2.76,108,-6.59
16875,1929876,0.37,125,-6.53
16876,1929936,-14.21,100,-6.66
16877,1929954,-10.2,100,-6.68
16878,1929978,-7.22,101,-6.27
16879,1930290,9.84,120,-6.28
16880,1930356,-18.71,100,-6.42
16881,1930488,-3.99,102,-6.05
16882,1930554,-1.94,103,-6.02
16883,1930584,-6.73,101,-5.91
16884,1930620,-3.77,111,-5.6
16885,1930896,-10.46,101,-5.38
16886,1930956,-36.28,100,-5.7
16887,1931088,-19.87,100,-6.07
16888,1931184,-21.18,100,-6.27
16889,1931208,-4.38,109,-6.29
16890,1931220,-37.69,100,-6.34
16891,1931502,-4.21,101,-6.38
16892,1931556,-30.53,100,-6.36
16893,1931688,-12.31,100,-6.46
16894,1931820,-13.33,100,-6.59
16895,1931832,-6.78,104,-6.7
16896,1931934,15.13,125,-6.33
16897,1932102,-21.18,100,-6.74
16898,1932156,-16.78,100,-6.91
16899,1932408,7.81,120,-7.09
16900,1932540,-5.14,101,-7.04
16901,1932546,2.46,121,-7.02
16902,1932582,48.01,125,-6.51
16903,1932810,-1.81,118,-6.4
16904,1932906,3.05,125,-6.47
16905,1933146,-6.64,101,-6.5
16906,1933158,1.19,125,-6.49
16907,1933194,-3.29,102,-6.5
16908,1933212,-4.66,111,-6.55
16909,1933500,5.72,115,-6.52
16910,1933656,5.26,125,-6.25
16911,1933764,-7.55,101,-6.4
16912,1933818,-5.8,101,-6.42
16913,1933896,7.74,125,-6.27
16914,1933944,-10.71,125,-6.27
16915,1934100,-54.73,100,-7.21
16916,1934262,-4.39,101,-7.21
16917,1934364,-13.13,100,-7.34
16918,1934418,-17.33,100,-7.17
16919,1934562,-3.3,111,-7.1
16920,1934610,-0.89,111,-7.05
16921,1934706,-9.9,101,-6.98
16922,1934862,-33.8,100,-7.37
16923,1935024,-4.17,101,-7.64
16924,1935054,-2.45,115,-7.56
16925,1935162,-13.12,100,-7.27
16926,1935222,-4.41,102,-7.19
16927,1935306,-29.66,100,-7.45
16928,1935474,-3.37,102,-7.4
16929,1935726,-1.88,112,-7.46
16930,1935774,9.15,125,-7.43
16931,1935810,-0.9,108,-7.39
16932,1935870,-5.13,108,-7.3
16933,1935924,-1.0,103,-6.97
16934,1936074,-18.63,100,-7.22
16935,1936326,-46.33,100,-7.74
16936,1936392,-3.9,103,-7.66
16937,1936410,-19.72,100,-7.83
16938,1936470,-30.33,100,-7.84
16939,1936524,-30.17,100,-8.1
16940,1936728,-5.57,109,-8.02
16941,1936926,-52.41,100,-8.52
16942,1937064,-3.39,112,-8.5
16943,1937088,-4.28,103,-8.64
16944,1937124,6.2,119,-8.4
16945,1937238,-0.13,119,-8.5
16946,1937430,-1.29,117,-8.38
16947,1937526,-11.27,100,-8.89
16948,1937706,-4.11,103,-8.65
16949,1937730,-5.61,101,-8.67
16950,1937814,18.52,125,-8.62
16951,1937844,-10.68,101,-8.75
16952,1938072,-3.09,107,-8.73
16953,1938144,-4.39,103,-8.44
16954,1938330,-4.55,104,-8.33
16955,1938414,-0.92,114,-8.18
16956,1938444,-13.55,100,-8.24
16957,1938534,0.39,120,-8.22
16958,1938720,-6.27,108,-8.17
16959,1938798,-0.38,109,-8.24
16960,1939014,-49.07,100,-8.68
16961,1939032,-6.35,117,-9.09
16962,1939044,-38.04,100,-9.53
16963,1939248,5.19,119,-9.43
16964,1939320,-46.78,100,-9.74
16965,1939464,-4.91,111,-9.73
16966,1939632,-31.52,100,-9.89
16967,1939674,-4.93,110,-9.62
16968,1939674,-0.96,105,-9.52
16969,1939854,-5.8,101,-9.36
16970,1939962,-0.66,107,-9.41
16971,1940082,-1.52,103,-9.39
16972,1940274,-18.41,100,-9.36
16973,1940286,-3.02,109,-9.01
16974,1940376,-5.65,117,-9.03
16975,1940454,-10.15,100,-9.14
16976,1940580,-2.67,103,-9.02
16977,1940832,7.91,125,-8.84
16978,1940874,-37.45,100,-9.15
16979,1940892,-9.1,101,-9.33
16980,1940994,-3.15,103,-9.18
16981,1941054,-31.22,100,-9.45
16982,1941186,-7.63,101,-9.51
16983,1941474,-34.17,100,-9.78
16984,1941522,1.1,115,-9.73
16985,1941642,7.91,125,-9.55
16986,1941654,-18.72,100,-9.37
16987,1941696,-1.07,117,-9.19
16988,1941786,-10.14,100,-9.08
16989,1942164,-3.69,107,-9.07
16990,1942224,10.73,125,-8.59
16991,1942266,-4.91,102,-8.59
16992,1942392,9.31,125,-8.19
16993,1942410,13.01,119,-7.94
16994,1942524,3.14,123,-7.78
16995,1942782,-6.18,103,-7.77
16996,1942872,-6.6,101,-7.99
16997,1942908,-7.02,114,-7.85
16998,1943082,-2.22,112,-7.7
16999,1943124,-11.25,100,-7.89
17000,1943142,2.84,125,-7.81
17001,1943382,-19.85,100,-8.03
17002,1943514,-3.36,107,-8.55
17003,1943532,-6.53,104,-8.6
17004,1943730,-5.33,101,-8.68
17005,1943736,-7.33,109,-8.69
17006,1943748,-7.22,101,-8.77
17007,1943982,-43.37,100,-9.17
17008,1944126,-4.93,102,-9.17
17009,1944138,-6.33,101,-9.29
17010,1944336,-14.55,100,-9.49
17011,1944348,-12.43,100,-9.54
17012,1944420,1.53,115,-9.47
17013,1944666,-3.36,114,-9.58
17014,1944738,-11.9,100,-9.59
17015,1944786,-0.59,110,-9.05
17016,1944978,-5.38,105,-9.06
17017,1945062,9.66,121,-8.83
17018,1945170,6.38,125,-8.59
17019,1945272,-7.63,101,-8.64
17020,1945338,-22.07,100,-8.85
17021,1945392,-9.96,101,-8.85
17022,1945578,-15.22,100,-8.66
17023,1945770,-22.86,100,-8.85
17024,1945812,14.75,125,-8.68
17025,1945920,-3.36,108,-8.58
17026,1946028,-4.62,115,-8.58
17027,1946142,2.36,125,-8.26
17028,1946178,-21.78,100,-8.45
17029,1946412,-40.99,100,-8.84
17030,1946472,-3.01,117,-8.96
17031,1946610,-2.96,115,-8.98
17032,1946634,-8.14,101,-9.01
17033,1946742,-51.67,100,-9.52
17034,1946778,-19.02,100,-9.52
17035,1947012,-42.26,100,-9.48
17036,1947210,-10.15,100,-9.54
17037,1947222,11.5,125,-9.23
17038,1947252,-4.98,103,-8.98
17039,1947342,-53.06,100,-9.21
17040,1947468,-6.56,115,-9.22
17041,1947654,-3.46,107,-8.73
17042,1947810,-22.97,100,-8.92
17043,1947828,-4.38,101,-8.92
17044,1947930,-0.51,113,-8.99
17045,1948026,3.06,114,-8.96
17046,1948068,-30.17,100,-9.25
17047,1948386,2.76,122,-9.11
17048,1948410,-32.38,100,-9.39
17049,1948458,-2.3,105,-9.36
17050,1948590,3.6,110,-9.51
17051,1948644,-3.54,103,-9.43
17052,1948674,-9.81,101,-9.5
17053,1949010,-20.56,100,-9.66
17054,1949058,-45.87,100,-10.08
17055,1949130,0.47,124,-10.06
17056,1949196,-5.2,101,-9.98
17057,1949244,-19.93,100,-10.18
17058,1949346,-6.27,112,-10.18
17059,1949706,-2.19,108,-10.2
17060,1949760,15.52,125,-9.55
17061,1949796,-15.69,100,-9.65
17062,1949880,-0.33,125,-9.27
17063,1949910,-1.39,111,-9.34
17064,1950096,4.58,125,-8.82
17065,1950318,-4.14,102,-8.82
17066,1950420,-2.39,104,-8.52
17067,1950420,-2.29,110,-8.5
17068,1950510,-54.91,100,-9.04
17069,1950582,9.85,117,-8.88
17070,1950822,-2.06,121,-8.89
17071,1950918,-16.91,100,-9.05
17072,1951056,-4.8,106,-8.91
17073,1951110,-31.89,100,-9.2
17074,1951170,12.84,125,-9.02
17075,1951326,-4.14,124,-8.96
17076,1951542,3.62,120,-8.89
17077,1951566,-1.15,108,-8.98
17078,1951656,-30.18,100,-8.91
17079,1951716,-8.6,101,-8.91
17080,1951824,-2.33,109,-8.9
17081,1951962,1.41,106,-8.57
17082,1952256,-20.4,100,-8.7
17083,1952292,22.45,125,-8.13
17084,1952304,0.41,123,-8.14
17085,1952406,-0.77,115,-8.23
17086,1952424,-30.31,100,-8.34
17087,1952562,-11.03,100,-8.44
17088,1952904,-23.89,100,-8.58
17089,1952940,-2.53,108,-8.57
17090,1952988,-0.83,122,-8.68
17091,1953006,-33.8,100,-8.97
17092,1953078,-4.69,109,-9.11
17093,1953204,-2.27,107,-9.27
17094,1953588,-38.47,100,-9.68
17095,1953612,-4.34,101,-9.66
17096,1953654,11.94,125,-9.48
17097,1953666,3.59,121,-9.37
17098,1953678,-32.7,100,-9.68
17099,1953804,-20.2,100,-9.77
17100,1954212,-24.03,100,-10.03
17101,1954266,-15.86,100,-9.99
17102,1954290,-0.74,117,-9.97
17103,1954326,-4.43,108,-9.95
17104,1954404,22.14,125,-9.67
17105,1954554,23.08,125,-9.37
17106,1954812,-14.31,100,-9.44
17107,1954926,-25.74,100,-9.26
17108,1954986,9.07,120,-9.12
17109,1955004,-15.9,100,-9.22
17110,1955040,5.44,125,-9.02
17111,1955154,-36.52,100,-9.26
17112,1955418,-10.09,101,-9.38
17113,1955526,-12.04,100,-9.46
17114,1955586,-55.61,100,-9.9
17115,1955604,-17.72,100,-10.07
17116,1955706,-3.69,111,-10.05
17117,1955784,-5.31,105,-10.2
17118,1956102,-1.27,114,-10.28
17119,1956132,-4.16,101,-10.25
17120,1956186,-59.69,100,-10.62
17121,1956204,-41.83,100,-10.94
17122,1956312,-5.26,101,-10.84
17123,1956402,-3.09,103,-10.64
17124,1956720,-1.52,103,-10.81
17125,1956732,-36.39,100,-11.14
17126,1956810,-4.68,101,-11.14
17127,1956936,4.03,125,-11.12
17128,1957014,-2.99,117,-10.93
17129,1957032,-3.68,105,-10.56
17130,1957338,-3.09,103,-10.56
17131,1957410,-10.29,100,-10.63
17132,1957422,-2.07,115,-10.57
17133,1957542,-8.47,101,-10.14
17134,1957620,-7.95,101,-10.03
17135,1957632,-19.68,100,-9.8
17136,1958022,-37.96,100,-10.08
17137,1958088,5.26,125,-10.14
17138,1958094,-1.65,114,-10.11
17139,1958142,-21.61,100,-9.8
17140,1958232,-18.41,100,-9.92
17141,1958262,-1.31,107,-9.89
17142,1958622,-12.04,100,-9.78
17143,1958694,-6.95,101,-9.81
17144,1958694,-30.82,100,-10.11
17145,1958826,-1.71,114,-10.16
17146,1958832,-25.65,100,-10.12
17147,1958868,-5.56,101,-10.2
17148,1959222,-26.03,100,-10.14
17149,1959294,-27.37,100,-10.39
17150,1959342,-0.58,108,-10.43
17151,1959510,-0.79,107,-10.4
17152,1959516,-2.71,115,-10.33
17153,1959540,-3.49,118,-10.16
17154,1959822,-20.99,100,-9.91
17155,1959972,-0.12,113,-9.92
17156,1960092,0.33,125,-9.86
17157,1960122,-6.33,101,-9.73
17158,1960200,-3.25,110,-9.7
17159,1960260,12.24,125,-9.55
17160,1960524,9.14,117,-9.61
17161,1960632,-3.09,110,-9.49
17162,1960722,-32.55,100,-9.81
17163,1960842,0.69,125,-9.79
17164,1960860,-35.93,100,-10.2
17165,1960950,25.42,125,-9.9
17166,1961124,-60.46,100,-10.48
17167,1961310,-3.93,113,-10.5
17168,1961358,-2.33,106,-9.97
17169,1961442,-37.75,100,-10.45
17170,1961460,-15.36,100,-10.58
17171,1961664,-2.73,119,-10.44
17172,1961724,-32.79,100,-10.72
17173,1961910,-23.66,100,-10.64
17174,1961994,-1.13,106,-10.78
17175,1962078,-3.03,103,-10.76
17176,1962192,3.32,125,-10.77
17177,1962336,-4.85,102,-10.8
17178,1962378,2.77,119,-10.47
17179,1962534,-2.21,104,-10.41
17180,1962660,-4.05,111,-10.43
17181,1962714,-2.1,106,-10.46
17182,1962810,-3.63,103,-10.3
17183,1962978,-14.93,100,-10.67
17184,1963086,2.73,125,-10.65
17185,1963242,-2.2,118,-10.66
17186,1963266,-8.13,101,-10.44
17187,1963392,-6.19,113,-10.39
17188,1963410,-44.16,100,-10.59
17189,1963704,-2.67,103,-10.59
17190,1963728,23.29,125,-10.35
17191,1963992,-0.0,125,-10.02
17192,1964010,-16.17,100,-10.13
17193,1964016,8.91,125,-10.02
17194,1964100,-4.15,118,-9.67
17195,1964328,-24.03,100,-9.87
17196,1964454,22.68,125,-9.76
17197,1964598,-5.2,101,-9.85
17198,1964712,5.03,116,-9.47
17199,1964760,25.0,125,-9.02
17200,1964850,23.97,125,-8.54
17201,1965078,-1.36,125,-8.4
17202,1965150,2.09,116,-8.37
17203,1965348,0.65,125,-8.32
17204,1965378,-1.01,111,-8.55
17205,1965450,-11.37,100,-8.89
17206,1965498,-9.44,123,-8.85
17207,1965678,-14.85,100,-8.74
17208,1965900,37.93,125,-8.45
17209,1965966,-4.22,103,-8.33
17210,1965978,-12.07,100,-8.51
17211,1966056,-5.97,101,-8.2
17212,1966098,-56.88,100,-8.67
17213,1966278,-16.84,100,-8.72
17214,1966572,-10.74,101,-8.27
17215,1966590,0.86,115,-8.08
17216,1966650,-0.25,112,-8.05
17217,1966698,-25.76,100,-8.25
17218,1966782,-2.06,121,-8.26
17219,1967016,-2.51,123,-8.24
17220,1967172,-41.04,100,-8.06
17221,1967190,-35.06,100,-7.99
17222,1967250,-51.63,100,-8.45
17223,1967382,-13.75,100,-8.56
17224,1967448,7.49,125,-8.47
17225,1967760,7.36,124,-8.03
17226,1967772,-41.04,100,-8.4
17227,1967790,-51.53,100,-8.95
17228,1967856,-5.88,101,-8.98
17229,1968132,16.1,125,-8.78
17230,1968198,44.37,125,-8.31
17231,1968360,-35.39,100,-8.56
17232,1968390,-12.91,100,-8.67
17233,1968456,-11.3,100,-8.7
17234,1968522,-2.1,125,-8.64
17235,1968732,-12.9,100,-8.57
17236,1968840,-1.96,107,-8.21
17237,1968978,-4.11,103,-8.3
17238,1968990,-15.15,100,-8.44
17239,1969062,-8.9,101,-8.31
17240,1969122,-11.9,100,-8.25
17241,1969392,0.56,110,-8.23
17242,1969590,11.5,125,-7.99
17243,1969674,-5.34,114,-7.98
17244,1969716,-4.8,109,-7.72
17245,1969728,-8.78,101,-7.79
17246,1969728,-1.69,125,-7.55
17247,1970112,-0.41,120,-7.5
17248,1970274,-40.96,100,-7.65
17249,1970286,-1.25,116,-7.38
17250,1970322,-8.7,101,-7.47
17251,1970328,-19.5,100,-7.65
17252,1970478,31.21,125,-7.31
17253,1970844,-0.13,122,-7.28
17254,1970880,-4.68,101,-7.12
17255,1970886,-31.56,100,-7.43
17256,1970928,-48.42,100,-7.92
17257,1970940,-4.18,103,-7.9
17258,1971078,-19.6,100,-8.06
17259,1971480,-10.82,100,-8.29
17260,1971534,3.94,115,-8.34
17261,1971540,1.36,109,-8.3
17262,1971540,-25.65,100,-8.23
17263,1971678,25.95,125,-7.98
17264,1971720,-0.1,107,-7.62
17265,1972086,-10.14,101,-7.97
17266,1972140,-10.06,101,-7.47
17267,1972206,-2.42,111,-7.45
17268,1972242,5.34,117,-7.38
17269,1972278,-30.17,100,-7.3
17270,1972320,-19.07,100,-7.34
17271,1972686,-41.78,100,-7.73
17272,1972806,-3.27,111,-7.43
17273,1972806,-50.3,100,-7.7
17274,1972848,-7.05,101,-7.76
17275,1972920,-12.66,100,-7.86
17276,1972950,-3.78,112,-7.93
17277,1973292,-10.23,101,-7.98
17278,1973406,-39.18,100,-8.4
17279,1973478,0.37,112,-8.38
17280,1973490,-3.75,107,-8.37
17281,1973550,-32.98,100,-8.68
17282,1973670,4.69,125,-8.6
17283,1973892,-24.44,100,-8.69
17284,1974006,-26.37,100,-8.98
17285,1974090,-35.75,100,-9.32
17286,1974174,-3.31,104,-9.27
17287,1974228,27.57,125,-8.93
17288,1974276,-6.07,101,-8.55
17289,1974492,-41.24,100,-8.94
17290,1974648,-2.27,107,-9.19
17291,1974696,-3.28,101,-9.23
17292,1974816,-4.04,107,-9.11
17293,1974876,-32.83,100,-9.52
17294,1974876,-0.58,108,-9.49
17295,1975092,-23.71,100,-9.48
17296,1975398,7.14,125,-9.64
17297,1975422,-6.12,101,-9.65
17298,1975446,11.54,125,-9.58
17299,1975482,-10.18,101,-9.94
17300,1975488,-1.14,102,-10.19
17301,1975698,-6.48,101,-10.24
17302,1976022,-20.97,100,-10.47
17303,1976046,-36.52,100,-10.84
17304,1976064,-2.33,111,-10.85
17305,1976082,-10.46,100,-10.84
17306,1976094,-9.83,101,-10.85
17307,1976298,-29.77,100,-11.0
17308,1976682,-18.78,100,-11.56
17309,1976688,-4.66,111,-11.57
17310,1976694,-33.49,100,-11.78
17311,1976784,-2.98,120,-11.75
17312,1976796,6.01,125,-11.12
17313,1976898,-13.99,100,-11.1
17314,1977294,-3.03,102,-11.02
17315,1977324,-3.63,106,-11.06
17316,1977444,7.64,125,-10.98
17317,1977486,-7.13,115,-10.8
17318,1977528,-2.15,105,-10.8
17319,1977534,2.66,125,-10.75
17320,1977900,-5.61,101,-10.39
17321,1977930,-10.29,101,-10.15
17322,1978116,-5.09,112,-9.68
17323,1978182,-0.99,108,-9.55
17324,1978200,-2.01,112,-9.65
17325,1978236,11.97,125,-9.6
17326,1978500,-17.28,100,-9.36
17327,1978560,-3.19,105,-8.88
17328,1978722,-9.12,101,-8.91
17329,1978782,-31.72,100,-9.39
17330,1978800,-22.65,100,-10.06
17331,1978842,-7.95,101,-9.79
17332,1979100,-19.8,100,-9.86
17333,1979166,-7.54,101,-9.82
17334,1979382,-26.81,100,-10.06
17335,1979400,-49.39,100,-10.43
17336,1979442,-15.94,100,-10.57
17337,1979472,5.08,125,-10.48
17338,1979850,-2.26,125,-10.35
17339,1979916,1.4,125,-10.25
17340,1980000,-11.6,100,-10.24
17341,1980072,-34.89,100,-10.6
17342,1980090,0.11,108,-10.71
17343,1980132,2.27,125,-10.63
17344,1980468,-4.43,103,-10.63
17345,1980552,-3.53,106,-10.58
17346,1980600,-11.3,100,-10.67
17347,1980738,-6.07,101,-10.73
17348,1980744,-4.73,112,-10.37
17349,1980840,16.88,125,-10.19
17350,1981068,-21.18,100,-10.31
17351,1981158,-7.22,101,-10.19
17352,1981200,-38.48,100,-10.89
17353,1981344,-33.74,100,-11.22
17354,1981380,-4.95,107,-11.23
17355,1981440,-20.52,100,-11.11
17356,1981668,-37.1,100,-11.0
17357,1981758,-44.79,100,-11.41
17358,1981800,-21.94,100,-11.43
17359,1982040,-13.12,100,-11.45
17360,1982052,4.08,118,-11.45
17361,1982094,0.83,119,-11.46
17362,1982358,-11.03,100,-11.31
17363,1982418,9.02,125,-11.48
17364,1982550,14.07,125,-11.34
17365,1982712,-3.89,110,-11.28
17366,1982736,-3.97,107,-11.22
17367,1982784,-5.92,124,-11.25
17368,1982964,-7.63,101,-11.38
17369,1983054,-1.83,106,-11.1
17370,1983234,12.39,114,-10.78
17371,1983384,-17.29,100,-10.54
17372,1983444,-1.3,118,-10.52
17373,1983462,16.0,125,-9.86
17374,1983588,-3.73,104,-9.82
17375,1983654,-24.98,100,-9.95
17376,1983834,-53.23,100,-10.44
17377,1983984,-10.46,100,-10.44
17378,1984074,-1.01,102,-10.06
17379,1984194,6.45,125,-10.0
17380,1984254,-10.23,100,-10.06
17381,1984338,24.16,125,-9.49
17382,1984554,-1.72,120,-9.56
17383,1984584,-35.02,100,-9.66
17384,1984686,-4.11,102,-9.44
17385,1984794,-10.23,100,-9.18
17386,1984860,-6.73,101,-9.22
17387,1984986,-1.53,108,-9.51
17388,1985184,-11.37,100,-9.56
17389,1985304,27.52,125,-8.88
17390,1985400,-10.09,101,-8.95
17391,1985436,49.25,125,-8.43
17392,1985508,-2.51,108,-8.41
17393,1985736,18.88,125,-7.9
17394,1985802,-6.18,103,-7.95
17395,1985910,-6.33,101,-7.78
17396,1986006,-8.67,101,-7.94
17397,1986036,-52.32,100,-8.4
17398,1986240,-2.74,122,-8.54
17399,1986402,-12.89,100,-8.57
17400,1986486,32.23,125,-8.23
17401,1986600,0.65,115,-8.16
17402,1986636,-20.65,100,-8.16
17403,1986756,1.35,125,-7.78
17404,1986858,-4.03,103,-7.8
17405,1987008,-5.19,101,-7.75
17406,1987188,3.11,117,-7.62
17407,1987254,-5.23,103,-7.37
17408,1987314,-0.92,119,-7.19
17409,1987362,-9.09,101,-7.24
17410,1987506,-0.99,108,-6.91
17411,1987614,-9.14,101,-6.97
17412,1987836,1.13,108,-7.02
17413,1987854,-43.9,100,-7.32
17414,1987974,-3.86,102,-7.33
17415,1988064,7.74,125,-7.22
17416,1988214,-3.17,118,-7.32
17417,1988364,-0.0,125,-7.25
17418,1988442,-9.63,101,-7.33
17419,1988460,-7.0,101,-7.42
17420,1988610,-3.81,106,-7.41
17421,1988682,-3.26,103,-7.34
17422,1988820,-6.27,101,-7.35
17423,1988964,-43.82,100,-7.78
17424,1989060,-13.53,100,-7.89
17425,1989168,-4.15,121,-8.05
17426,1989210,-11.6,100,-8.0
17427,1989288,-10.33,101,-8.07
17428,1989570,2.11,125,-7.95
17429,1989666,-8.07,101,-7.72
17430,1989714,-0.33,125,-7.49
17431,1989774,-4.41,101,-7.46
17432,1989828,-4.39,103,-7.3
17433,1990038,20.16,125,-7.03
17434,1990176,-3.88,101,-6.8
17435,1990320,-6.48,101,-6.37
17436,1990344,5.19,113,-6.16
17437,1990380,-10.69,101,-6.32
17438,1990428,-18.84,100,-6.48
17439,1990638,-24.79,100,-6.74
17440,1990872,-2.2,116,-6.65
17441,1990926,-4.99,101,-6.35
17442,1990950,-9.1,101,-6.44
17443,1991016,-0.41,106,-6.47
17444,1991028,-23.46,100,-6.66
17445,1991244,-4.41,101,-6.67
17446,1991502,-2.15,105,-6.58
17447,1991526,-13.75,100,-6.65
17448,1991598,-0.19,108,-6.61
17449,1991628,-39.28,100,-7.17
17450,1991742,-2.76,121,-6.99
17451,1991994,28.4,125,-6.63
17452,1992186,1.21,114,-6.23
17453,1992234,-1.76,106,-5.91
17454,1992258,0.88,122,-5.85
17455,1992276,2.95,108,-5.62
17456,1992396,-2.23,109,-5.27
17457,1992684,-2.65,115,-4.85
17458,1992840,-1.18,109,-4.64
17459,1992870,-2.02,102,-4.53
17460,1992882,-9.37,101,-4.67
17461,1992936,-2.69,117,-4.7
17462,1993146,9.76,125,-4.49
17463,1993428,0.06,124,-4.58
17464,1993446,-9.88,101,-4.82
17465,1993470,-10.31,100,-4.89
17466,1993482,-29.66,100,-5.14
17467,1993536,-36.38,100,-5.45
17468,1993746,-29.82,100,-5.67
17469,1994028,-45.16,100,-6.1
17470,1994052,-4.41,101,-6.27
17471,1994076,-9.16,101,-6.19
17472,1994082,-22.12,100,-6.4
17473,1994184,4.84,108,-6.51
17474,1994376,-0.08,105,-6.47
17475,1994628,-26.84,100,-6.49
17476,1994658,-3.61,101,-6.0
17477,1994682,-21.9,100,-6.11
17478,1994694,-5.22,103,-6.15
17479,1994784,-35.88,100,-6.58
17480,1994976,-14.52,100,-6.62
17481,1995300,-4.85,101,-6.91
17482,1995330,-4.95,117,-6.94
17483,1995384,-28.28,100,-6.87
17484,1995408,57.71,125,-6.26
17485,1995432,11.57,125,-6.04
17486,1995576,-12.91,100,-6.1
17487,1995900,-31.32,100,-6.4
17488,1995990,-10.42,101,-6.39
17489,1996002,-6.27,112,-6.73
17490,1996008,-40.14,100,-7.03
17491,1996176,-53.15,100,-8.05
17492,1996182,0.69,125,-8.02
17493,1996512,-2.65,102,-8.23
17494,1996620,-1.56,105,-8.19
17495,1996626,-5.24,103,-8.18
17496,1996734,6.57,122,-8.02
17497,1996782,-38.46,100,-7.88
17498,1996824,-0.31,108,-7.86
17499,1997154,-2.54,107,-7.76
17500,1997220,-43.74,100,-8.52
17501,1997238,-4.42,102,-8.57
17502,1997334,-34.39,100,-8.7
17503,1997424,-20.14,100,-8.92
17504,1997496,-0.79,119,-8.89
17505,1997760,-4.57,101,-8.88
17506,1997838,-31.95,100,-9.23
17507,1997934,-16.33,100,-9.34
17508,1997970,7.41,125,-9.26
17509,1998090,-4.59,111,-9.21
17510,1998168,-4.73,112,-9.25
17511,1998444,-7.91,101,-9.24
17512,1998510,-4.02,125,-9.29
17513,1998534,-30.77,100,-9.16
17514,1998570,-58.06,100,-9.7
17515,1998786,-0.1,103,-9.78
17516,1998804,-4.65,119,-9.8
17517,1999044,-31.07,100,-10.11
17518,1999146,-4.16,102,-10.05
17519,1999170,-28.72,100,-10.27
17520,1999260,23.67,125,-9.99
17521,1999386,-35.17,100,-10.31
17522,1999404,-15.48,100,-10.4
17523,1999764,-3.36,103,-10.0
17524,1999794,-0.71,125,-9.87
17525,1999914,-6.01,124,-9.89
17526,1999986,-52.31,100,-10.3
17527,1999986,-4.33,121,-10.24
17528,2000154,10.32,125,-10.16
17529,2000364,-34.98,100,-10.42
17530,2000394,-48.64,100,-10.91
17531,2000556,-3.06,107,-10.89
17532,2000586,-15.61,100,-11.01
17533,2000634,-0.87,108,-11.22
17534,2000754,-16.17,100,-11.34
17535,2001066,5.1,112,-11.22
17536,2001114,0.65,125,-11.27
17537,2001192,-4.53,106,-11.21
17538,2001324,-0.52,115,-11.02
17539,2001336,2.84,125,-10.75
17540,2001504,19.05,125,-10.54
17541,2001696,-2.73,105,-10.51
17542,2001720,-6.5,101,-10.49
17543,2001840,-0.26,108,-10.49
17544,2001930,-10.54,101,-10.36
