device: mps
actors: 6 | 333 steps each | 1998 samples per update
ep    10 | step     1200 | reward   -10.80 | avg100   -15.70 |  111.4 steps/s | 0.2 min
ep    20 | step     2400 | reward   -10.66 | avg100   -15.20 |  102.5 steps/s | 0.4 min
ep    30 | step     3042 | reward    -1.95 | avg100   -12.79 |  104.4 steps/s | 0.5 min
ep    40 | step     4224 | reward   -12.38 | avg100   -12.93 |  101.3 steps/s | 0.7 min
ep    50 | step     5424 | reward   -12.84 | avg100   -13.04 |  103.7 steps/s | 0.9 min
ep    60 | step     6150 | reward   -18.65 | avg100   -13.03 |  101.4 steps/s | 1.0 min
ep    70 | step     7248 | reward    -5.20 | avg100   -12.77 |  103.1 steps/s | 1.2 min
ep    80 | step     8430 | reward   -13.58 | avg100   -12.54 |  101.9 steps/s | 1.4 min
ep    90 | step     9168 | reward   -14.43 | avg100   -12.19 |  102.5 steps/s | 1.5 min
ep   100 | step    10278 | reward    -7.27 | avg100   -12.20 |  101.3 steps/s | 1.7 min
ep   110 | step    11478 | reward   -33.02 | avg100   -11.66 |  102.3 steps/s | 1.9 min
ep   120 | step    12258 | reward    -4.90 | avg100   -11.25 |  101.1 steps/s | 2.0 min
ep   130 | step    13368 | reward    -9.37 | avg100   -11.26 |  102.1 steps/s | 2.2 min
ep   140 | step    14568 | reward   -27.37 | avg100   -10.56 |  101.4 steps/s | 2.4 min
ep   150 | step    15414 | reward   -13.33 | avg100    -9.78 |  102.0 steps/s | 2.5 min
ep   160 | step    16602 | reward    -8.43 | avg100    -9.34 |  101.4 steps/s | 2.7 min
ep   170 | step    17778 | reward    -4.26 | avg100    -9.18 |  102.1 steps/s | 2.9 min
ep   180 | step    18564 | reward    -3.69 | avg100    -8.71 |  101.4 steps/s | 3.1 min
ep   190 | step    19716 | reward    -4.53 | avg100    -8.56 |  102.0 steps/s | 3.2 min
ep   200 | step    20820 | reward    -2.26 | avg100    -8.38 |  101.5 steps/s | 3.4 min
ep   210 | step    21648 | reward   -15.59 | avg100    -8.17 |  101.9 steps/s | 3.5 min
ep   220 | step    22800 | reward    -0.51 | avg100    -7.76 |  101.5 steps/s | 3.7 min
ep   230 | step    23952 | reward   -15.06 | avg100    -7.87 |  102.1 steps/s | 3.9 min
ep   240 | step    24882 | reward     5.69 | avg100    -7.95 |  101.6 steps/s | 4.1 min
ep   250 | step    25860 | reward    -4.79 | avg100    -8.16 |  102.1 steps/s | 4.2 min
ep   260 | step    27012 | reward    -4.62 | avg100    -8.05 |  101.7 steps/s | 4.4 min
ep   270 | step    27942 | reward   -34.25 | avg100    -8.12 |  102.1 steps/s | 4.6 min
ep   280 | step    29076 | reward    -4.16 | avg100    -8.45 |  101.9 steps/s | 4.8 min
ep   290 | step    30108 | reward   -12.48 | avg100    -8.36 |  101.5 steps/s | 4.9 min
ep   300 | step    31158 | reward    16.54 | avg100    -7.74 |  101.9 steps/s | 5.1 min
ep   310 | step    32190 | reward    -2.01 | avg100    -7.85 |  101.6 steps/s | 5.3 min
ep   320 | step    33480 | reward     9.59 | avg100    -7.64 |  102.0 steps/s | 5.5 min
ep   330 | step    34428 | reward    -5.93 | avg100    -7.21 |  101.6 steps/s | 5.6 min
ep   340 | step    35466 | reward   -22.86 | avg100    -6.79 |  102.0 steps/s | 5.8 min
ep   350 | step    36600 | reward    -3.55 | avg100    -6.49 |  101.8 steps/s | 6.0 min
ep   360 | step    37548 | reward     5.33 | avg100    -6.49 |  102.0 steps/s | 6.1 min
ep   370 | step    38670 | reward    -9.81 | avg100    -5.58 |  101.8 steps/s | 6.3 min
ep   380 | step    39876 | reward    -8.19 | avg100    -4.67 |  102.1 steps/s | 6.5 min
ep   390 | step    40716 | reward    -4.24 | avg100    -4.60 |  101.8 steps/s | 6.7 min
ep   400 | step    41874 | reward    -6.19 | avg100    -4.91 |  102.2 steps/s | 6.8 min
ep   410 | step    43122 | reward    -6.17 | avg100    -4.77 |  102.0 steps/s | 7.0 min
ep   420 | step    43896 | reward    -4.70 | avg100    -4.95 |  102.2 steps/s | 7.2 min
ep   430 | step    45090 | reward    -2.40 | avg100    -5.21 |  102.1 steps/s | 7.4 min
ep   440 | step    46296 | reward   -17.50 | avg100    -4.90 |  101.9 steps/s | 7.6 min
ep   450 | step    47166 | reward    -6.68 | avg100    -5.46 |  102.1 steps/s | 7.7 min
ep   460 | step    48282 | reward   -10.51 | avg100    -4.93 |  101.9 steps/s | 7.9 min
ep   470 | step    49590 | reward    -6.03 | avg100    -5.01 |  102.2 steps/s | 8.1 min
ep   480 | step    50328 | reward    -5.14 | avg100    -4.58 |  102.0 steps/s | 8.2 min
ep   490 | step    51570 | reward    -3.13 | avg100    -3.42 |  102.2 steps/s | 8.4 min
ep   500 | step    52758 | reward    -5.80 | avg100    -2.79 |  102.0 steps/s | 8.6 min
ep   510 | step    53706 | reward    -2.96 | avg100    -2.87 |  102.2 steps/s | 8.8 min
ep   520 | step    54846 | reward    -1.53 | avg100    -3.39 |  102.1 steps/s | 9.0 min
ep   530 | step    56076 | reward   -44.05 | avg100    -2.65 |  101.9 steps/s | 9.2 min
ep   540 | step    57018 | reward    -0.71 | avg100    -3.52 |  102.1 steps/s | 9.3 min
ep   550 | step    58212 | reward    -1.29 | avg100    -2.62 |  101.9 steps/s | 9.5 min
ep   560 | step    59394 | reward    -1.01 | avg100    -2.44 |  102.2 steps/s | 9.7 min
ep   570 | step    60294 | reward    54.64 | avg100    -2.84 |  102.0 steps/s | 9.9 min
ep   580 | step    61356 | reward    -6.86 | avg100    -3.88 |  102.2 steps/s | 10.0 min
ep   590 | step    62562 | reward   -12.14 | avg100    -5.54 |  102.0 steps/s | 10.2 min
ep   600 | step    63534 | reward    -1.22 | avg100    -6.44 |  102.2 steps/s | 10.4 min
ep   610 | step    64644 | reward     3.71 | avg100    -4.69 |  102.1 steps/s | 10.6 min
ep   620 | step    65832 | reward     5.57 | avg100    -3.44 |  102.3 steps/s | 10.7 min
ep   630 | step    66870 | reward   -42.62 | avg100    -3.86 |  102.1 steps/s | 10.9 min
ep   640 | step    67932 | reward   -41.54 | avg100    -3.04 |  102.3 steps/s | 11.1 min
ep   650 | step    69240 | reward    -4.61 | avg100    -1.80 |  102.1 steps/s | 11.3 min
ep   660 | step    70152 | reward    -5.14 | avg100    -2.17 |  102.0 steps/s | 11.5 min
ep   670 | step    71382 | reward    18.42 | avg100    -0.52 |  102.1 steps/s | 11.6 min
ep   680 | step    72576 | reward    -3.88 | avg100     0.15 |  102.0 steps/s | 11.9 min
ep   690 | step    73518 | reward   -14.72 | avg100     1.76 |  102.1 steps/s | 12.0 min
ep   700 | step    74658 | reward    -1.46 | avg100     3.18 |  102.0 steps/s | 12.2 min
ep   710 | step    75756 | reward    41.38 | avg100     2.21 |  102.1 steps/s | 12.4 min
ep   720 | step    76764 | reward    -3.35 | avg100     1.09 |  102.0 steps/s | 12.5 min
ep   730 | step    77898 | reward   -10.07 | avg100     0.55 |  102.1 steps/s | 12.7 min
ep   740 | step    78984 | reward    -8.88 | avg100     0.18 |  102.0 steps/s | 12.9 min
ep   750 | step    80148 | reward    -3.90 | avg100    -1.33 |  101.9 steps/s | 13.1 min
ep   760 | step    81216 | reward    -1.52 | avg100    -0.13 |  102.0 steps/s | 13.3 min
ep   770 | step    82440 | reward   -23.12 | avg100    -1.21 |  101.9 steps/s | 13.5 min
ep   780 | step    83436 | reward    -9.13 | avg100    -0.55 |  102.1 steps/s | 13.6 min
ep   790 | step    84462 | reward    -6.22 | avg100    -1.26 |  101.9 steps/s | 13.8 min
ep   800 | step    85698 | reward   -19.10 | avg100    -0.81 |  102.1 steps/s | 14.0 min
ep   810 | step    86898 | reward   -31.49 | avg100    -0.35 |  102.0 steps/s | 14.2 min
ep   820 | step    87852 | reward   -10.46 | avg100     1.69 |  102.1 steps/s | 14.3 min
ep   830 | step    89040 | reward    -2.52 | avg100     2.93 |  102.0 steps/s | 14.5 min
ep   840 | step    90228 | reward   -14.85 | avg100     3.53 |  101.9 steps/s | 14.8 min
ep   850 | step    91230 | reward    79.78 | avg100     5.77 |  102.0 steps/s | 14.9 min
ep   860 | step    92532 | reward    -2.48 | avg100     8.26 |  101.9 steps/s | 15.1 min
ep   870 | step    93762 | reward     1.58 | avg100     8.12 |  102.1 steps/s | 15.3 min
ep   880 | step    94632 | reward    42.31 | avg100     9.28 |  101.9 steps/s | 15.5 min
ep   890 | step    95862 | reward    -6.66 | avg100     9.66 |  102.1 steps/s | 15.7 min
ep   900 | step    97032 | reward    -2.19 | avg100     8.64 |  102.0 steps/s | 15.9 min
ep   910 | step    98040 | reward    52.78 | avg100    10.70 |  101.9 steps/s | 16.0 min
ep   920 | step    99396 | reward    38.18 | avg100    12.45 |  102.0 steps/s | 16.2 min
ep   930 | step   100506 | reward    28.53 | avg100    14.27 |  101.9 steps/s | 16.4 min
ep   940 | step   101646 | reward    70.65 | avg100    15.51 |  102.0 steps/s | 16.6 min
ep   950 | step   102756 | reward    -1.98 | avg100    14.73 |  101.9 steps/s | 16.8 min
ep   960 | step   103962 | reward    -6.86 | avg100    11.84 |  101.8 steps/s | 17.0 min
ep   970 | step   105012 | reward   -10.57 | avg100    16.37 |  102.0 steps/s | 17.2 min
ep   980 | step   106218 | reward    -5.01 | avg100    14.64 |  101.9 steps/s | 17.4 min
ep   990 | step   107454 | reward    -5.38 | avg100    19.26 |  102.0 steps/s | 17.6 min
ep  1000 | step   108612 | reward    69.12 | avg100    22.75 |  101.9 steps/s | 17.8 min
ep  1010 | step   109824 | reward   -12.86 | avg100    22.05 |  102.0 steps/s | 17.9 min
ep  1020 | step   110856 | reward    -3.68 | avg100    21.59 |  101.9 steps/s | 18.1 min
ep  1030 | step   112074 | reward    79.10 | avg100    24.51 |  101.8 steps/s | 18.3 min
ep  1040 | step   113112 | reward   -22.71 | avg100    25.69 |  101.9 steps/s | 18.5 min
ep  1050 | step   114420 | reward    38.46 | avg100    27.49 |  101.9 steps/s | 18.7 min
ep  1060 | step   115650 | reward    19.63 | avg100    29.76 |  102.0 steps/s | 18.9 min
ep  1070 | step   116664 | reward    34.68 | avg100    28.27 |  101.9 steps/s | 19.1 min
ep  1080 | step   117876 | reward   -19.07 | avg100    31.58 |  102.0 steps/s | 19.3 min
ep  1090 | step   119082 | reward   -12.20 | avg100    30.05 |  101.9 steps/s | 19.5 min
ep  1100 | step   120264 | reward   -25.51 | avg100    32.86 |  101.8 steps/s | 19.7 min
ep  1110 | step   121332 | reward    60.14 | avg100    32.78 |  101.9 steps/s | 19.8 min
ep  1120 | step   122670 | reward    76.27 | avg100    36.78 |  101.9 steps/s | 20.1 min
ep  1130 | step   123822 | reward    77.02 | avg100    37.75 |  102.0 steps/s | 20.2 min
ep  1140 | step   125040 | reward    13.61 | avg100    41.19 |  101.9 steps/s | 20.5 min
ep  1150 | step   126204 | reward    -9.98 | avg100    43.66 |  101.8 steps/s | 20.7 min
ep  1160 | step   127488 | reward    83.49 | avg100    46.61 |  101.9 steps/s | 20.8 min
ep  1170 | step   128484 | reward   -19.68 | avg100    47.22 |  101.8 steps/s | 21.0 min
ep  1180 | step   129948 | reward   111.32 | avg100    50.26 |  101.8 steps/s | 21.3 min
ep  1190 | step   131088 | reward    27.91 | avg100    51.64 |  101.9 steps/s | 21.4 min
ep  1200 | step   132198 | reward   166.67 | avg100    52.62 |  101.8 steps/s | 21.6 min
ep  1210 | step   133392 | reward   -53.68 | avg100    54.16 |  101.9 steps/s | 21.8 min
ep  1220 | step   134598 | reward    -5.56 | avg100    54.25 |  101.8 steps/s | 22.0 min
ep  1230 | step   135798 | reward   126.01 | avg100    54.04 |  101.9 steps/s | 22.2 min
ep  1240 | step   136950 | reward    55.06 | avg100    54.18 |  101.9 steps/s | 22.4 min
ep  1250 | step   138198 | reward    88.12 | avg100    55.90 |  101.8 steps/s | 22.6 min
ep  1260 | step   139398 | reward   -34.09 | avg100    56.27 |  101.9 steps/s | 22.8 min
ep  1270 | step   140640 | reward   -47.74 | avg100    56.73 |  101.8 steps/s | 23.0 min
ep  1280 | step   141606 | reward   106.19 | avg100    56.94 |  101.9 steps/s | 23.2 min
ep  1290 | step   142836 | reward   117.08 | avg100    58.70 |  101.8 steps/s | 23.4 min
ep  1300 | step   143946 | reward   -58.19 | avg100    54.79 |  101.8 steps/s | 23.6 min
ep  1310 | step   145320 | reward     4.89 | avg100    59.33 |  101.9 steps/s | 23.8 min
ep  1320 | step   146388 | reward    10.74 | avg100    59.25 |  101.8 steps/s | 24.0 min
ep  1330 | step   147606 | reward    39.75 | avg100    60.23 |  101.9 steps/s | 24.1 min
ep  1340 | step   148788 | reward   -17.72 | avg100    58.18 |  101.8 steps/s | 24.4 min
ep  1350 | step   149982 | reward    67.25 | avg100    55.02 |  101.8 steps/s | 24.6 min
ep  1360 | step   151146 | reward    85.19 | avg100    52.47 |  101.9 steps/s | 24.7 min
ep  1370 | step   152214 | reward   134.27 | avg100    55.43 |  101.8 steps/s | 24.9 min
ep  1380 | step   153492 | reward   141.99 | avg100    53.31 |  101.9 steps/s | 25.1 min
ep  1390 | step   154704 | reward   140.14 | avg100    51.26 |  101.8 steps/s | 25.3 min
ep  1400 | step   155820 | reward    28.52 | avg100    56.76 |  101.9 steps/s | 25.5 min
ep  1410 | step   156954 | reward    92.59 | avg100    53.83 |  101.8 steps/s | 25.7 min
ep  1420 | step   158178 | reward   -26.43 | avg100    54.38 |  101.8 steps/s | 25.9 min
ep  1430 | step   159330 | reward   148.18 | avg100    51.02 |  101.9 steps/s | 26.1 min
ep  1440 | step   160452 | reward    33.06 | avg100    51.79 |  101.8 steps/s | 26.3 min
ep  1450 | step   161628 | reward   136.75 | avg100    53.31 |  101.9 steps/s | 26.4 min
ep  1460 | step   162888 | reward   168.55 | avg100    55.57 |  101.9 steps/s | 26.6 min
ep  1470 | step   163962 | reward   112.77 | avg100    55.89 |  101.8 steps/s | 26.8 min
ep  1480 | step   165102 | reward   -57.12 | avg100    53.60 |  101.9 steps/s | 27.0 min
ep  1490 | step   166380 | reward   185.71 | avg100    53.29 |  101.8 steps/s | 27.2 min
ep  1500 | step   167298 | reward    -4.96 | avg100    46.56 |  101.9 steps/s | 27.4 min
ep  1510 | step   168498 | reward   150.98 | avg100    46.52 |  101.8 steps/s | 27.6 min
ep  1520 | step   169680 | reward   -60.50 | avg100    41.72 |  101.9 steps/s | 27.8 min
ep  1530 | step   171048 | reward   153.52 | avg100    42.74 |  101.8 steps/s | 28.0 min
ep  1540 | step   172020 | reward     5.93 | avg100    43.70 |  101.8 steps/s | 28.2 min
ep  1550 | step   173328 | reward   109.62 | avg100    42.59 |  101.8 steps/s | 28.4 min
ep  1560 | step   174498 | reward    43.79 | avg100    43.19 |  101.8 steps/s | 28.6 min
ep  1570 | step   175770 | reward    73.33 | avg100    42.41 |  101.9 steps/s | 28.8 min
ep  1580 | step   176976 | reward    16.04 | avg100    47.28 |  101.8 steps/s | 29.0 min
ep  1590 | step   178158 | reward   104.95 | avg100    50.51 |  101.8 steps/s | 29.2 min
ep  1600 | step   179298 | reward   -19.07 | avg100    54.86 |  101.8 steps/s | 29.3 min
ep  1610 | step   180510 | reward   -20.00 | avg100    53.09 |  101.8 steps/s | 29.6 min
ep  1620 | step   181776 | reward    -4.33 | avg100    55.68 |  101.9 steps/s | 29.7 min
ep  1630 | step   182754 | reward    32.91 | avg100    54.17 |  101.8 steps/s | 29.9 min
ep  1640 | step   184062 | reward    55.49 | avg100    53.83 |  101.7 steps/s | 30.2 min
ep  1650 | step   185376 | reward     5.26 | avg100    56.63 |  101.8 steps/s | 30.3 min
ep  1660 | step   186504 | reward    50.00 | avg100    56.71 |  101.8 steps/s | 30.5 min
ep  1670 | step   187698 | reward    25.90 | avg100    55.98 |  101.8 steps/s | 30.7 min
ep  1680 | step   188904 | reward    76.92 | avg100    51.71 |  101.8 steps/s | 30.9 min
ep  1690 | step   190062 | reward     5.40 | avg100    49.84 |  101.7 steps/s | 31.1 min
ep  1700 | step   191412 | reward    55.48 | avg100    49.47 |  101.8 steps/s | 31.3 min
ep  1710 | step   192534 | reward    38.51 | avg100    50.69 |  101.8 steps/s | 31.5 min
ep  1720 | step   193662 | reward   124.64 | avg100    50.97 |  101.8 steps/s | 31.7 min
ep  1730 | step   194964 | reward     7.14 | avg100    52.34 |  101.8 steps/s | 31.9 min
ep  1740 | step   196278 | reward    90.97 | avg100    50.52 |  101.8 steps/s | 32.1 min
ep  1750 | step   197364 | reward    59.32 | avg100    48.17 |  101.8 steps/s | 32.3 min
ep  1760 | step   198672 | reward   102.13 | avg100    46.96 |  101.8 steps/s | 32.5 min
ep  1770 | step   199860 | reward    44.83 | avg100    47.62 |  101.7 steps/s | 32.7 min
ep  1780 | step   200964 | reward    74.79 | avg100    50.65 |  101.8 steps/s | 32.9 min
ep  1790 | step   202266 | reward    10.29 | avg100    52.39 |  101.8 steps/s | 33.1 min
ep  1800 | step   203484 | reward    72.30 | avg100    52.18 |  101.8 steps/s | 33.3 min
ep  1810 | step   204714 | reward    57.09 | avg100    53.58 |  101.8 steps/s | 33.5 min
ep  1820 | step   205866 | reward    43.31 | avg100    56.29 |  101.7 steps/s | 33.7 min
ep  1830 | step   207234 | reward    80.95 | avg100    58.10 |  101.8 steps/s | 33.9 min
ep  1840 | step   208464 | reward    51.42 | avg100    63.09 |  101.8 steps/s | 34.1 min
ep  1850 | step   209616 | reward   108.61 | avg100    67.17 |  101.8 steps/s | 34.3 min
ep  1860 | step   210816 | reward   111.16 | avg100    65.75 |  101.8 steps/s | 34.5 min
ep  1870 | step   211992 | reward    76.83 | avg100    64.00 |  101.7 steps/s | 34.7 min
ep  1880 | step   213180 | reward    36.36 | avg100    65.04 |  101.8 steps/s | 34.9 min
ep  1890 | step   214518 | reward    79.57 | avg100    64.55 |  101.8 steps/s | 35.1 min
ep  1900 | step   215520 | reward   123.83 | avg100    63.46 |  101.8 steps/s | 35.3 min
ep  1910 | step   216726 | reward    -9.61 | avg100    61.81 |  101.8 steps/s | 35.5 min
ep  1920 | step   218016 | reward    52.25 | avg100    59.15 |  101.8 steps/s | 35.7 min
ep  1930 | step   219126 | reward   126.35 | avg100    60.92 |  101.8 steps/s | 35.9 min
ep  1940 | step   220380 | reward    19.45 | avg100    56.14 |  101.8 steps/s | 36.1 min
ep  1950 | step   221658 | reward   -35.70 | avg100    51.34 |  101.8 steps/s | 36.3 min
ep  1960 | step   222582 | reward    -5.26 | avg100    53.25 |  101.8 steps/s | 36.5 min
ep  1970 | step   223908 | reward   100.00 | avg100    59.57 |  101.7 steps/s | 36.7 min
ep  1980 | step   225330 | reward   118.43 | avg100    60.45 |  101.8 steps/s | 36.9 min
ep  1990 | step   226182 | reward   114.06 | avg100    62.13 |  101.7 steps/s | 37.0 min
ep  2000 | step   227652 | reward    95.57 | avg100    67.89 |  101.8 steps/s | 37.3 min
ep  2010 | step   228882 | reward   -39.56 | avg100    72.40 |  101.8 steps/s | 37.5 min
ep  2020 | step   229932 | reward    42.86 | avg100    73.25 |  101.7 steps/s | 37.7 min
ep  2030 | step   231342 | reward   134.11 | avg100    74.89 |  101.8 steps/s | 37.9 min
ep  2040 | step   232506 | reward    17.28 | avg100    79.38 |  101.8 steps/s | 38.1 min
ep  2050 | step   233682 | reward   129.63 | avg100    84.25 |  101.8 steps/s | 38.3 min
ep  2060 | step   234864 | reward    57.73 | avg100    86.00 |  101.7 steps/s | 38.5 min
ep  2070 | step   236040 | reward     4.66 | avg100    78.58 |  101.7 steps/s | 38.7 min
ep  2080 | step   237288 | reward   130.77 | avg100    81.57 |  101.8 steps/s | 38.9 min
ep  2090 | step   238452 | reward    11.29 | avg100    79.60 |  101.7 steps/s | 39.1 min
ep  2100 | step   239682 | reward    88.74 | avg100    74.02 |  101.8 steps/s | 39.2 min
ep  2110 | step   241038 | reward    45.54 | avg100    72.85 |  101.8 steps/s | 39.5 min
ep  2120 | step   242052 | reward   147.31 | avg100    71.98 |  101.7 steps/s | 39.7 min
ep  2130 | step   243258 | reward   -26.75 | avg100    68.46 |  101.8 steps/s | 39.8 min
ep  2140 | step   244632 | reward     3.07 | avg100    67.23 |  101.7 steps/s | 40.1 min
ep  2150 | step   245706 | reward    -1.26 | avg100    64.61 |  101.8 steps/s | 40.2 min
ep  2160 | step   246972 | reward    32.84 | avg100    61.79 |  101.8 steps/s | 40.4 min
ep  2170 | step   248232 | reward    43.34 | avg100    65.09 |  101.7 steps/s | 40.7 min
ep  2180 | step   249258 | reward    13.33 | avg100    61.99 |  101.8 steps/s | 40.8 min
ep  2190 | step   250716 | reward    47.06 | avg100    62.66 |  101.8 steps/s | 41.1 min
ep  2200 | step   251832 | reward    76.92 | avg100    64.66 |  101.7 steps/s | 41.3 min
ep  2210 | step   252984 | reward    94.72 | avg100    64.49 |  101.8 steps/s | 41.4 min
ep  2220 | step   254316 | reward    85.95 | avg100    69.37 |  101.8 steps/s | 41.7 min
ep  2230 | step   255546 | reward   105.88 | avg100    70.92 |  101.8 steps/s | 41.8 min
ep  2240 | step   256596 | reward    68.73 | avg100    72.94 |  101.8 steps/s | 42.0 min
ep  2250 | step   258036 | reward    69.68 | avg100    73.43 |  101.7 steps/s | 42.3 min
ep  2260 | step   259218 | reward   125.49 | avg100    77.50 |  101.8 steps/s | 42.4 min
ep  2270 | step   260298 | reward     7.28 | avg100    76.13 |  101.8 steps/s | 42.6 min
ep  2280 | step   261558 | reward    45.45 | avg100    76.50 |  101.8 steps/s | 42.8 min
ep  2290 | step   262938 | reward   144.36 | avg100    81.25 |  101.8 steps/s | 43.1 min
ep  2300 | step   264048 | reward   118.87 | avg100    83.58 |  101.7 steps/s | 43.3 min
ep  2310 | step   265290 | reward   103.33 | avg100    85.59 |  101.8 steps/s | 43.4 min
ep  2320 | step   266688 | reward    96.01 | avg100    84.28 |  101.8 steps/s | 43.7 min
ep  2330 | step   267678 | reward   161.82 | avg100    84.38 |  101.8 steps/s | 43.8 min
ep  2340 | step   268998 | reward    27.98 | avg100    85.68 |  101.8 steps/s | 44.0 min
ep  2350 | step   270336 | reward   -12.73 | avg100    84.67 |  101.8 steps/s | 44.3 min
ep  2360 | step   271278 | reward    87.10 | avg100    82.06 |  101.8 steps/s | 44.4 min
ep  2370 | step   272598 | reward   -26.04 | avg100    85.57 |  101.8 steps/s | 44.6 min
ep  2380 | step   274086 | reward    72.64 | avg100    86.29 |  101.7 steps/s | 44.9 min
ep  2390 | step   274980 | reward    74.60 | avg100    82.61 |  101.8 steps/s | 45.0 min
ep  2400 | step   276348 | reward   103.23 | avg100    79.12 |  101.7 steps/s | 45.3 min
ep  2410 | step   277680 | reward   -42.96 | avg100    76.85 |  101.8 steps/s | 45.5 min
ep  2420 | step   278688 | reward   115.75 | avg100    77.82 |  101.7 steps/s | 45.7 min
ep  2430 | step   279948 | reward   -32.12 | avg100    77.20 |  101.7 steps/s | 45.9 min
ep  2440 | step   281400 | reward    53.37 | avg100    76.27 |  101.8 steps/s | 46.1 min
ep  2450 | step   282414 | reward   129.93 | avg100    81.10 |  101.7 steps/s | 46.3 min
ep  2460 | step   283620 | reward   -13.39 | avg100    81.76 |  101.8 steps/s | 46.4 min
ep  2470 | step   284928 | reward    41.26 | avg100    80.52 |  101.8 steps/s | 46.7 min
ep  2480 | step   286068 | reward   111.54 | avg100    80.58 |  101.7 steps/s | 46.9 min
ep  2490 | step   287184 | reward    48.55 | avg100    78.75 |  101.8 steps/s | 47.0 min
ep  2500 | step   288672 | reward   136.93 | avg100    79.57 |  101.8 steps/s | 47.3 min
ep  2510 | step   289818 | reward    79.10 | avg100    82.24 |  101.7 steps/s | 47.5 min
ep  2520 | step   290934 | reward   151.97 | avg100    81.25 |  101.8 steps/s | 47.6 min
ep  2530 | step   292326 | reward   104.78 | avg100    79.04 |  101.7 steps/s | 47.9 min
ep  2540 | step   293424 | reward   170.36 | avg100    76.85 |  101.8 steps/s | 48.1 min
ep  2550 | step   294534 | reward    71.88 | avg100    72.69 |  101.7 steps/s | 48.2 min
ep  2560 | step   295926 | reward    60.00 | avg100    75.20 |  101.7 steps/s | 48.5 min
ep  2570 | step   297024 | reward   -37.52 | avg100    73.37 |  101.8 steps/s | 48.6 min
ep  2580 | step   298272 | reward    87.73 | avg100    70.97 |  101.7 steps/s | 48.9 min
ep  2590 | step   299568 | reward    64.79 | avg100    67.45 |  101.8 steps/s | 49.1 min
ep  2600 | step   300540 | reward   128.87 | avg100    67.50 |  101.7 steps/s | 49.2 min
ep  2610 | step   301896 | reward    51.43 | avg100    64.72 |  101.7 steps/s | 49.5 min
ep  2620 | step   303168 | reward    20.26 | avg100    62.93 |  101.8 steps/s | 49.7 min
ep  2630 | step   304290 | reward    45.99 | avg100    63.70 |  101.7 steps/s | 49.9 min
ep  2640 | step   305526 | reward   121.05 | avg100    62.81 |  101.8 steps/s | 50.0 min
ep  2650 | step   306882 | reward    29.69 | avg100    63.30 |  101.8 steps/s | 50.3 min
ep  2660 | step   307794 | reward   137.76 | avg100    61.62 |  101.7 steps/s | 50.4 min
ep  2670 | step   309078 | reward    39.51 | avg100    61.46 |  101.8 steps/s | 50.6 min
ep  2680 | step   310428 | reward   133.11 | avg100    64.88 |  101.7 steps/s | 50.9 min
ep  2690 | step   311490 | reward    91.49 | avg100    71.72 |  101.8 steps/s | 51.0 min
ep  2700 | step   312744 | reward   139.26 | avg100    72.04 |  101.8 steps/s | 51.2 min
ep  2710 | step   314034 | reward    26.44 | avg100    74.17 |  101.7 steps/s | 51.5 min
ep  2720 | step   315120 | reward   163.33 | avg100    74.42 |  101.8 steps/s | 51.6 min
ep  2730 | step   316362 | reward   150.94 | avg100    75.52 |  101.7 steps/s | 51.8 min
ep  2740 | step   317634 | reward   162.36 | avg100    77.76 |  101.8 steps/s | 52.0 min
ep  2750 | step   318870 | reward   151.77 | avg100    82.50 |  101.7 steps/s | 52.2 min
ep  2760 | step   320064 | reward    29.14 | avg100    86.01 |  101.7 steps/s | 52.4 min
ep  2770 | step   321288 | reward   153.42 | avg100    89.85 |  101.8 steps/s | 52.6 min
ep  2780 | step   322470 | reward   -18.85 | avg100    89.69 |  101.7 steps/s | 52.8 min
ep  2790 | step   323664 | reward   101.99 | avg100    89.70 |  101.8 steps/s | 53.0 min
ep  2800 | step   324960 | reward    27.19 | avg100    92.47 |  101.7 steps/s | 53.2 min
ep  2810 | step   326220 | reward   149.15 | avg100    96.81 |  101.7 steps/s | 53.5 min
ep  2820 | step   327384 | reward   -15.09 | avg100   100.94 |  101.7 steps/s | 53.6 min
ep  2830 | step   328710 | reward   143.90 | avg100   103.44 |  101.7 steps/s | 53.9 min
ep  2840 | step   329916 | reward    87.27 | avg100   105.54 |  101.7 steps/s | 54.1 min
ep  2850 | step   331134 | reward   127.42 | avg100   104.01 |  101.7 steps/s | 54.3 min
ep  2860 | step   332340 | reward    51.32 | avg100   102.61 |  101.7 steps/s | 54.5 min
ep  2870 | step   333624 | reward    13.13 | avg100   101.97 |  101.7 steps/s | 54.7 min
ep  2880 | step   334782 | reward     1.63 | avg100   101.61 |  101.7 steps/s | 54.9 min
ep  2890 | step   336024 | reward   136.84 | avg100    96.78 |  101.7 steps/s | 55.1 min
ep  2900 | step   337080 | reward   -12.14 | avg100    93.33 |  101.7 steps/s | 55.2 min
ep  2910 | step   338340 | reward    19.76 | avg100    83.78 |  101.7 steps/s | 55.4 min
ep  2920 | step   339558 | reward   -15.26 | avg100    77.35 |  101.7 steps/s | 55.6 min
ep  2930 | step   340548 | reward   118.12 | avg100    76.44 |  101.7 steps/s | 55.8 min
ep  2940 | step   341808 | reward   177.37 | avg100    71.85 |  101.7 steps/s | 56.0 min
ep  2950 | step   343296 | reward   133.90 | avg100    70.85 |  101.7 steps/s | 56.2 min
ep  2960 | step   344148 | reward   103.28 | avg100    69.92 |  101.7 steps/s | 56.4 min
ep  2970 | step   345558 | reward    45.83 | avg100    66.64 |  101.7 steps/s | 56.6 min
ep  2980 | step   346752 | reward   111.07 | avg100    63.14 |  101.7 steps/s | 56.8 min
ep  2990 | step   347808 | reward   200.72 | avg100    65.96 |  101.7 steps/s | 57.0 min
ep  3000 | step   349140 | reward   119.93 | avg100    67.87 |  101.7 steps/s | 57.2 min
ep  3010 | step   350352 | reward    70.45 | avg100    67.41 |  101.7 steps/s | 57.4 min
ep  3020 | step   351354 | reward   106.90 | avg100    70.48 |  101.7 steps/s | 57.6 min
ep  3030 | step   352818 | reward   148.28 | avg100    68.69 |  101.7 steps/s | 57.8 min
ep  3040 | step   353832 | reward    40.98 | avg100    69.60 |  101.7 steps/s | 58.0 min
ep  3050 | step   355068 | reward    60.28 | avg100    65.65 |  101.7 steps/s | 58.2 min
ep  3060 | step   356190 | reward    41.60 | avg100    60.56 |  101.7 steps/s | 58.4 min
ep  3070 | step   357420 | reward    29.15 | avg100    63.94 |  101.7 steps/s | 58.5 min
ep  3080 | step   358668 | reward   -19.72 | avg100    61.65 |  101.7 steps/s | 58.8 min
ep  3090 | step   359814 | reward   -67.22 | avg100    56.74 |  101.7 steps/s | 59.0 min
ep  3100 | step   360888 | reward   138.71 | avg100    54.98 |  101.7 steps/s | 59.1 min
ep  3110 | step   362160 | reward    98.17 | avg100    60.90 |  101.7 steps/s | 59.3 min
ep  3120 | step   363402 | reward   141.51 | avg100    58.70 |  101.8 steps/s | 59.5 min
ep  3130 | step   364620 | reward    80.27 | avg100    61.88 |  101.7 steps/s | 59.7 min
ep  3140 | step   365610 | reward   116.98 | avg100    59.77 |  101.8 steps/s | 59.9 min
ep  3150 | step   366960 | reward     1.75 | avg100    58.90 |  101.7 steps/s | 60.1 min
ep  3160 | step   368004 | reward   126.67 | avg100    60.56 |  101.7 steps/s | 60.3 min
ep  3170 | step   369342 | reward    48.44 | avg100    58.89 |  101.7 steps/s | 60.5 min
ep  3180 | step   370374 | reward    23.71 | avg100    63.76 |  101.7 steps/s | 60.7 min
ep  3190 | step   371616 | reward    79.66 | avg100    69.27 |  101.8 steps/s | 60.9 min
ep  3200 | step   373074 | reward   159.26 | avg100    71.35 |  101.7 steps/s | 61.1 min
ep  3210 | step   373986 | reward   -17.70 | avg100    68.80 |  101.7 steps/s | 61.3 min
ep  3220 | step   375342 | reward   132.08 | avg100    73.03 |  101.7 steps/s | 61.5 min
ep  3230 | step   376524 | reward   156.76 | avg100    70.17 |  101.7 steps/s | 61.7 min
ep  3240 | step   377538 | reward   143.48 | avg100    71.17 |  101.7 steps/s | 61.8 min
ep  3250 | step   378810 | reward    64.98 | avg100    68.34 |  101.7 steps/s | 62.1 min
ep  3260 | step   380106 | reward    47.60 | avg100    71.16 |  101.7 steps/s | 62.3 min
ep  3270 | step   381144 | reward    11.41 | avg100    71.50 |  101.7 steps/s | 62.4 min
ep  3280 | step   382356 | reward    69.32 | avg100    71.56 |  101.7 steps/s | 62.7 min
ep  3290 | step   383760 | reward    19.11 | avg100    71.72 |  101.7 steps/s | 62.9 min
ep  3300 | step   384606 | reward    85.05 | avg100    70.94 |  101.7 steps/s | 63.0 min
ep  3310 | step   386010 | reward    23.33 | avg100    71.63 |  101.7 steps/s | 63.3 min
ep  3320 | step   387282 | reward   -16.75 | avg100    63.92 |  101.7 steps/s | 63.4 min
ep  3330 | step   388260 | reward   111.11 | avg100    62.73 |  101.7 steps/s | 63.6 min
ep  3340 | step   389502 | reward    -0.77 | avg100    61.12 |  101.7 steps/s | 63.8 min
ep  3350 | step   390732 | reward   160.22 | avg100    67.27 |  101.7 steps/s | 64.0 min
ep  3360 | step   391752 | reward   -43.46 | avg100    63.91 |  101.7 steps/s | 64.2 min
ep  3370 | step   392988 | reward    -7.45 | avg100    59.69 |  101.7 steps/s | 64.4 min
ep  3380 | step   394278 | reward   107.43 | avg100    57.58 |  101.7 steps/s | 64.6 min
ep  3390 | step   395328 | reward    78.44 | avg100    55.10 |  101.7 steps/s | 64.8 min
ep  3400 | step   396498 | reward   127.89 | avg100    49.88 |  101.7 steps/s | 65.0 min
ep  3410 | step   397710 | reward    79.40 | avg100    46.12 |  101.7 steps/s | 65.2 min
ep  3420 | step   398832 | reward    33.72 | avg100    48.78 |  101.7 steps/s | 65.3 min
ep  3430 | step   399996 | reward    42.86 | avg100    47.42 |  101.7 steps/s | 65.6 min
ep  3440 | step   401208 | reward   -10.93 | avg100    47.53 |  101.7 steps/s | 65.7 min
ep  3450 | step   402408 | reward     1.75 | avg100    45.27 |  101.7 steps/s | 65.9 min
ep  3460 | step   403602 | reward   119.08 | avg100    47.65 |  101.7 steps/s | 66.1 min
ep  3470 | step   404700 | reward   -31.14 | avg100    48.31 |  101.7 steps/s | 66.3 min
ep  3480 | step   405882 | reward   -35.27 | avg100    49.12 |  101.7 steps/s | 66.5 min
ep  3490 | step   407088 | reward    15.80 | avg100    48.26 |  101.7 steps/s | 66.7 min
ep  3500 | step   408258 | reward   163.33 | avg100    52.00 |  101.7 steps/s | 66.9 min
ep  3510 | step   409488 | reward    75.26 | avg100    54.68 |  101.7 steps/s | 67.1 min
ep  3520 | step   410688 | reward    37.93 | avg100    56.68 |  101.7 steps/s | 67.3 min
ep  3530 | step   411834 | reward    74.83 | avg100    55.51 |  101.7 steps/s | 67.5 min
ep  3540 | step   412854 | reward   -56.44 | avg100    52.73 |  101.7 steps/s | 67.6 min
ep  3550 | step   414150 | reward   -32.76 | avg100    56.32 |  101.7 steps/s | 67.9 min
ep  3560 | step   415368 | reward    -8.19 | avg100    54.16 |  101.7 steps/s | 68.0 min
ep  3570 | step   416556 | reward     8.71 | avg100    55.95 |  101.7 steps/s | 68.3 min
ep  3580 | step   417684 | reward    78.32 | avg100    52.40 |  101.7 steps/s | 68.5 min
ep  3590 | step   419016 | reward    -0.64 | avg100    53.16 |  101.7 steps/s | 68.6 min
ep  3600 | step   420138 | reward   153.42 | avg100    53.64 |  101.7 steps/s | 68.9 min
ep  3610 | step   421326 | reward    76.08 | avg100    52.10 |  101.7 steps/s | 69.0 min
ep  3620 | step   422730 | reward   152.46 | avg100    53.03 |  101.7 steps/s | 69.3 min
ep  3630 | step   423630 | reward   136.84 | avg100    56.63 |  101.7 steps/s | 69.4 min
ep  3640 | step   424860 | reward    44.72 | avg100    56.44 |  101.7 steps/s | 69.6 min
ep  3650 | step   426042 | reward    18.64 | avg100    55.50 |  101.7 steps/s | 69.8 min
ep  3660 | step   427254 | reward     1.31 | avg100    58.65 |  101.7 steps/s | 70.0 min
ep  3670 | step   428580 | reward    59.42 | avg100    58.55 |  101.7 steps/s | 70.2 min
ep  3680 | step   429564 | reward    -8.29 | avg100    60.28 |  101.7 steps/s | 70.4 min
ep  3690 | step   430902 | reward    28.47 | avg100    59.43 |  101.7 steps/s | 70.6 min
ep  3700 | step   432042 | reward   -41.19 | avg100    57.01 |  101.7 steps/s | 70.8 min
ep  3710 | step   433164 | reward    95.92 | avg100    59.60 |  101.7 steps/s | 71.0 min
ep  3720 | step   434472 | reward   123.33 | avg100    59.45 |  101.7 steps/s | 71.2 min
ep  3730 | step   435642 | reward    88.09 | avg100    58.13 |  101.7 steps/s | 71.4 min
ep  3740 | step   436698 | reward   -11.59 | avg100    60.80 |  101.7 steps/s | 71.5 min
ep  3750 | step   438018 | reward    56.46 | avg100    59.77 |  101.7 steps/s | 71.8 min
ep  3760 | step   439308 | reward    63.99 | avg100    59.55 |  101.7 steps/s | 72.0 min
ep  3770 | step   440202 | reward   -24.62 | avg100    56.58 |  101.7 steps/s | 72.1 min
ep  3780 | step   441480 | reward   -46.90 | avg100    55.04 |  101.7 steps/s | 72.3 min
ep  3790 | step   442758 | reward    70.66 | avg100    54.41 |  101.7 steps/s | 72.5 min
ep  3800 | step   443640 | reward   -11.82 | avg100    51.12 |  101.7 steps/s | 72.7 min
ep  3810 | step   445074 | reward   138.46 | avg100    53.18 |  101.7 steps/s | 72.9 min
ep  3820 | step   446280 | reward    17.54 | avg100    49.93 |  101.7 steps/s | 73.1 min
ep  3830 | step   447348 | reward    85.81 | avg100    51.94 |  101.7 steps/s | 73.3 min
ep  3840 | step   448728 | reward     8.80 | avg100    52.87 |  101.7 steps/s | 73.5 min
ep  3850 | step   449934 | reward    93.77 | avg100    52.29 |  101.7 steps/s | 73.7 min
ep  3860 | step   450996 | reward   139.29 | avg100    52.81 |  101.7 steps/s | 73.9 min
ep  3870 | step   452280 | reward    56.00 | avg100    60.30 |  101.7 steps/s | 74.1 min
ep  3880 | step   453630 | reward    25.44 | avg100    64.88 |  101.7 steps/s | 74.3 min
ep  3890 | step   454524 | reward    85.71 | avg100    63.41 |  101.7 steps/s | 74.5 min
ep  3900 | step   455874 | reward   -17.27 | avg100    67.73 |  101.7 steps/s | 74.7 min
ep  3910 | step   457278 | reward    -3.78 | avg100    68.42 |  101.7 steps/s | 74.9 min
ep  3920 | step   458196 | reward   110.88 | avg100    71.45 |  101.7 steps/s | 75.1 min
ep  3930 | step   459624 | reward   125.59 | avg100    72.27 |  101.7 steps/s | 75.3 min
ep  3940 | step   460788 | reward    87.71 | avg100    69.66 |  101.7 steps/s | 75.5 min
ep  3950 | step   461868 | reward   135.71 | avg100    69.17 |  101.7 steps/s | 75.7 min
ep  3960 | step   463200 | reward    28.13 | avg100    65.62 |  101.7 steps/s | 75.9 min
ep  3970 | step   464394 | reward    24.54 | avg100    61.95 |  101.7 steps/s | 76.1 min
ep  3980 | step   465582 | reward    95.58 | avg100    57.73 |  101.7 steps/s | 76.3 min
ep  3990 | step   466758 | reward     3.87 | avg100    57.51 |  101.7 steps/s | 76.5 min
ep  4000 | step   467922 | reward    92.42 | avg100    59.65 |  101.7 steps/s | 76.7 min
ep  4010 | step   469266 | reward    34.48 | avg100    55.83 |  101.7 steps/s | 76.9 min
ep  4020 | step   470400 | reward    20.63 | avg100    56.80 |  101.7 steps/s | 77.1 min
ep  4030 | step   471660 | reward    89.19 | avg100    50.53 |  101.7 steps/s | 77.3 min
ep  4040 | step   472764 | reward   136.36 | avg100    54.58 |  101.7 steps/s | 77.5 min
ep  4050 | step   474000 | reward    87.92 | avg100    53.58 |  101.7 steps/s | 77.7 min
ep  4060 | step   475278 | reward    48.79 | avg100    53.51 |  101.7 steps/s | 77.9 min
ep  4070 | step   476484 | reward     4.84 | avg100    50.10 |  101.7 steps/s | 78.1 min
ep  4080 | step   477528 | reward    81.49 | avg100    50.25 |  101.7 steps/s | 78.3 min
ep  4090 | step   478656 | reward   -18.93 | avg100    48.28 |  101.7 steps/s | 78.4 min
ep  4100 | step   479850 | reward    49.85 | avg100    45.12 |  101.7 steps/s | 78.6 min
ep  4110 | step   481074 | reward    -2.69 | avg100    40.55 |  101.7 steps/s | 78.8 min
ep  4120 | step   482118 | reward    39.78 | avg100    35.94 |  101.7 steps/s | 79.0 min
ep  4130 | step   483240 | reward    47.65 | avg100    35.64 |  101.7 steps/s | 79.2 min
ep  4140 | step   484674 | reward   106.11 | avg100    33.18 |  101.7 steps/s | 79.4 min
ep  4150 | step   485688 | reward    -8.66 | avg100    31.60 |  101.7 steps/s | 79.6 min
ep  4160 | step   486912 | reward    17.45 | avg100    26.11 |  101.7 steps/s | 79.8 min
ep  4170 | step   488202 | reward    35.31 | avg100    31.53 |  101.7 steps/s | 80.0 min
ep  4180 | step   489168 | reward    64.09 | avg100    30.97 |  101.7 steps/s | 80.1 min
ep  4190 | step   490500 | reward     7.74 | avg100    37.13 |  101.7 steps/s | 80.4 min
ep  4200 | step   491886 | reward    15.23 | avg100    36.07 |  101.7 steps/s | 80.6 min
ep  4210 | step   492918 | reward    35.42 | avg100    42.43 |  101.7 steps/s | 80.8 min
ep  4220 | step   494112 | reward   -16.03 | avg100    41.07 |  101.7 steps/s | 81.0 min
ep  4230 | step   495474 | reward     8.57 | avg100    44.83 |  101.7 steps/s | 81.2 min
ep  4240 | step   496668 | reward    66.67 | avg100    45.47 |  101.7 steps/s | 81.4 min
ep  4250 | step   497724 | reward    71.88 | avg100    47.72 |  101.7 steps/s | 81.6 min
ep  4260 | step   499074 | reward    89.78 | avg100    51.73 |  101.7 steps/s | 81.8 min
ep  4270 | step   500298 | reward    98.63 | avg100    49.38 |  101.7 steps/s | 82.0 min
ep  4280 | step   501462 | reward   108.19 | avg100    53.81 |  101.7 steps/s | 82.2 min
ep  4290 | step   502710 | reward   137.55 | avg100    56.72 |  101.7 steps/s | 82.4 min
ep  4300 | step   503946 | reward   122.97 | avg100    63.04 |  101.7 steps/s | 82.6 min
ep  4310 | step   505212 | reward    33.56 | avg100    62.68 |  101.7 steps/s | 82.8 min
ep  4320 | step   506418 | reward   -11.25 | avg100    66.06 |  101.7 steps/s | 83.0 min
ep  4330 | step   507648 | reward    90.84 | avg100    68.39 |  101.7 steps/s | 83.2 min
ep  4340 | step   508962 | reward    81.82 | avg100    71.60 |  101.7 steps/s | 83.4 min
ep  4350 | step   510018 | reward   164.15 | avg100    72.38 |  101.7 steps/s | 83.6 min
ep  4360 | step   511140 | reward   -23.82 | avg100    70.12 |  101.7 steps/s | 83.7 min
ep  4370 | step   512268 | reward    96.36 | avg100    67.46 |  101.7 steps/s | 83.9 min
ep  4380 | step   513678 | reward    84.47 | avg100    65.70 |  101.7 steps/s | 84.2 min
ep  4390 | step   514602 | reward    35.04 | avg100    60.08 |  101.7 steps/s | 84.3 min
ep  4400 | step   515922 | reward   -10.09 | avg100    52.72 |  101.7 steps/s | 84.5 min
ep  4410 | step   517098 | reward    73.77 | avg100    50.97 |  101.7 steps/s | 84.7 min
ep  4420 | step   518142 | reward    77.94 | avg100    51.38 |  101.7 steps/s | 84.9 min
ep  4430 | step   519558 | reward    97.95 | avg100    52.18 |  101.7 steps/s | 85.1 min
ep  4440 | step   520848 | reward    71.23 | avg100    50.10 |  101.7 steps/s | 85.3 min
ep  4450 | step   521808 | reward    50.82 | avg100    47.85 |  101.7 steps/s | 85.5 min
ep  4460 | step   523098 | reward   114.04 | avg100    53.45 |  101.7 steps/s | 85.7 min
ep  4470 | step   524304 | reward    -0.75 | avg100    56.87 |  101.7 steps/s | 85.9 min
ep  4480 | step   525408 | reward    47.26 | avg100    55.78 |  101.7 steps/s | 86.1 min
ep  4490 | step   526674 | reward   124.42 | avg100    58.29 |  101.7 steps/s | 86.3 min
ep  4500 | step   527742 | reward     4.54 | avg100    62.34 |  101.7 steps/s | 86.5 min
ep  4510 | step   528864 | reward    50.00 | avg100    59.17 |  101.7 steps/s | 86.6 min
ep  4520 | step   530220 | reward    -5.70 | avg100    55.18 |  101.7 steps/s | 86.9 min
ep  4530 | step   531120 | reward   -14.98 | avg100    50.95 |  101.7 steps/s | 87.0 min
ep  4540 | step   532404 | reward    50.33 | avg100    46.68 |  101.7 steps/s | 87.2 min
ep  4550 | step   533616 | reward   -12.68 | avg100    44.64 |  101.7 steps/s | 87.4 min
ep  4560 | step   534726 | reward    84.52 | avg100    40.04 |  101.7 steps/s | 87.6 min
ep  4570 | step   535854 | reward   161.82 | avg100    37.90 |  101.7 steps/s | 87.8 min
ep  4580 | step   536976 | reward    51.82 | avg100    36.82 |  101.7 steps/s | 88.0 min
ep  4590 | step   538338 | reward     1.32 | avg100    35.16 |  101.7 steps/s | 88.2 min
ep  4600 | step   539454 | reward    38.05 | avg100    35.39 |  101.8 steps/s | 88.4 min
ep  4610 | step   540726 | reward   146.95 | avg100    40.84 |  101.7 steps/s | 88.6 min
ep  4620 | step   542088 | reward    99.32 | avg100    42.82 |  101.7 steps/s | 88.8 min
ep  4630 | step   542892 | reward    32.72 | avg100    41.28 |  101.7 steps/s | 88.9 min
ep  4640 | step   544290 | reward    72.30 | avg100    46.32 |  101.7 steps/s | 89.2 min
ep  4650 | step   545490 | reward   -24.62 | avg100    50.43 |  101.7 steps/s | 89.4 min
ep  4660 | step   546546 | reward   100.73 | avg100    53.89 |  101.7 steps/s | 89.5 min
ep  4670 | step   547896 | reward    12.49 | avg100    53.27 |  101.7 steps/s | 89.8 min
ep  4680 | step   549138 | reward   -10.72 | avg100    53.38 |  101.7 steps/s | 90.0 min
ep  4690 | step   550146 | reward    89.83 | avg100    54.42 |  101.7 steps/s | 90.1 min
ep  4700 | step   551394 | reward    56.58 | avg100    50.98 |  101.8 steps/s | 90.3 min
ep  4710 | step   552558 | reward   -49.39 | avg100    47.58 |  101.7 steps/s | 90.5 min
ep  4720 | step   553896 | reward   125.17 | avg100    50.00 |  101.7 steps/s | 90.8 min
ep  4730 | step   555138 | reward   132.56 | avg100    52.65 |  101.7 steps/s | 90.9 min
ep  4740 | step   556176 | reward    65.49 | avg100    49.52 |  101.7 steps/s | 91.1 min
ep  4750 | step   557346 | reward   -63.64 | avg100    47.18 |  101.7 steps/s | 91.3 min
ep  4760 | step   558456 | reward    -7.95 | avg100    43.07 |  101.7 steps/s | 91.5 min
ep  4770 | step   559680 | reward    62.25 | avg100    46.48 |  101.7 steps/s | 91.7 min
ep  4780 | step   560898 | reward    -4.94 | avg100    45.01 |  101.7 steps/s | 91.9 min
ep  4790 | step   562038 | reward   -30.33 | avg100    42.26 |  101.7 steps/s | 92.1 min
ep  4800 | step   563172 | reward   102.95 | avg100    45.21 |  101.7 steps/s | 92.3 min
ep  4810 | step   564312 | reward   -15.25 | avg100    50.24 |  101.7 steps/s | 92.5 min
ep  4820 | step   565638 | reward   161.03 | avg100    51.28 |  101.7 steps/s | 92.7 min
ep  4830 | step   566922 | reward    93.10 | avg100    53.21 |  101.7 steps/s | 92.9 min
ep  4840 | step   567912 | reward   134.09 | avg100    56.84 |  101.7 steps/s | 93.1 min
ep  4850 | step   569310 | reward     5.40 | avg100    61.01 |  101.7 steps/s | 93.3 min
ep  4860 | step   570522 | reward   111.92 | avg100    67.69 |  101.7 steps/s | 93.5 min
ep  4870 | step   571650 | reward   121.80 | avg100    66.43 |  101.7 steps/s | 93.7 min
ep  4880 | step   572826 | reward   137.93 | avg100    67.87 |  101.7 steps/s | 93.8 min
ep  4890 | step   573942 | reward   -12.81 | avg100    68.32 |  101.7 steps/s | 94.0 min
ep  4900 | step   575160 | reward    33.89 | avg100    63.86 |  101.7 steps/s | 94.2 min
ep  4910 | step   576360 | reward   -22.00 | avg100    58.92 |  101.7 steps/s | 94.4 min
ep  4920 | step   577506 | reward    81.49 | avg100    55.43 |  101.7 steps/s | 94.6 min
ep  4930 | step   578676 | reward    83.28 | avg100    55.11 |  101.7 steps/s | 94.8 min
ep  4940 | step   579948 | reward    50.38 | avg100    52.27 |  101.7 steps/s | 95.0 min
ep  4950 | step   581040 | reward     3.13 | avg100    48.69 |  101.7 steps/s | 95.2 min
ep  4960 | step   582132 | reward    63.14 | avg100    44.58 |  101.7 steps/s | 95.4 min
ep  4970 | step   583482 | reward   194.55 | avg100    45.25 |  101.7 steps/s | 95.6 min
ep  4980 | step   584640 | reward     2.27 | avg100    46.38 |  101.7 steps/s | 95.8 min
ep  4990 | step   585810 | reward    95.44 | avg100    49.01 |  101.7 steps/s | 96.0 min
ep  5000 | step   586950 | reward    10.09 | avg100    54.17 |  101.7 steps/s | 96.2 min
ep  5010 | step   588138 | reward    25.44 | avg100    58.85 |  101.7 steps/s | 96.4 min
ep  5020 | step   589512 | reward    94.61 | avg100    60.85 |  101.7 steps/s | 96.6 min
ep  5030 | step   590652 | reward     5.49 | avg100    61.92 |  101.7 steps/s | 96.8 min
ep  5040 | step   591762 | reward    64.52 | avg100    64.20 |  101.7 steps/s | 97.0 min
ep  5050 | step   593112 | reward    57.26 | avg100    64.69 |  101.7 steps/s | 97.2 min
ep  5060 | step   594216 | reward    73.91 | avg100    66.67 |  101.7 steps/s | 97.4 min
ep  5070 | step   595314 | reward   -33.64 | avg100    67.45 |  101.7 steps/s | 97.5 min
ep  5080 | step   596682 | reward    78.32 | avg100    67.23 |  101.7 steps/s | 97.8 min
ep  5090 | step   597816 | reward   125.56 | avg100    69.93 |  101.7 steps/s | 98.0 min
ep  5100 | step   598872 | reward    31.58 | avg100    65.99 |  101.7 steps/s | 98.1 min
ep  5110 | step   600102 | reward    -0.46 | avg100    56.27 |  101.7 steps/s | 98.3 min
ep  5120 | step   601374 | reward    83.28 | avg100    56.58 |  101.7 steps/s | 98.5 min
ep  5130 | step   602358 | reward   -24.03 | avg100    53.21 |  101.7 steps/s | 98.7 min
ep  5140 | step   603624 | reward   154.61 | avg100    51.33 |  101.7 steps/s | 98.9 min
ep  5150 | step   604758 | reward   -44.60 | avg100    53.50 |  101.7 steps/s | 99.1 min
ep  5160 | step   605802 | reward    12.80 | avg100    49.59 |  101.7 steps/s | 99.3 min
ep  5170 | step   607128 | reward     9.60 | avg100    50.90 |  101.7 steps/s | 99.5 min
ep  5180 | step   608298 | reward    53.85 | avg100    51.25 |  101.7 steps/s | 99.7 min
ep  5190 | step   609480 | reward    42.86 | avg100    54.22 |  101.7 steps/s | 99.9 min
ep  5200 | step   610830 | reward   155.10 | avg100    60.68 |  101.7 steps/s | 100.1 min
ep  5210 | step   612048 | reward    33.20 | avg100    69.72 |  101.7 steps/s | 100.3 min
ep  5220 | step   613170 | reward    51.52 | avg100    65.50 |  101.7 steps/s | 100.4 min
ep  5230 | step   614394 | reward    71.25 | avg100    69.60 |  101.7 steps/s | 100.7 min
ep  5240 | step   615648 | reward   111.41 | avg100    70.21 |  101.7 steps/s | 100.9 min
ep  5250 | step   616680 | reward    45.63 | avg100    65.23 |  101.7 steps/s | 101.0 min
ep  5260 | step   617790 | reward   -12.92 | avg100    67.35 |  101.7 steps/s | 101.2 min
ep  5270 | step   619068 | reward   108.21 | avg100    60.81 |  101.7 steps/s | 101.4 min
ep  5280 | step   620166 | reward   139.73 | avg100    68.21 |  101.7 steps/s | 101.6 min
ep  5290 | step   621450 | reward    45.63 | avg100    64.08 |  101.7 steps/s | 101.8 min
ep  5300 | step   622800 | reward   -20.96 | avg100    63.69 |  101.7 steps/s | 102.0 min
ep  5310 | step   623892 | reward    79.21 | avg100    62.83 |  101.7 steps/s | 102.2 min
ep  5320 | step   625032 | reward   170.83 | avg100    64.60 |  101.7 steps/s | 102.4 min
ep  5330 | step   626268 | reward   121.85 | avg100    67.07 |  101.7 steps/s | 102.6 min
ep  5340 | step   627606 | reward    51.60 | avg100    65.74 |  101.7 steps/s | 102.8 min
ep  5350 | step   628584 | reward    -5.20 | avg100    68.56 |  101.7 steps/s | 103.0 min
ep  5360 | step   629790 | reward    98.35 | avg100    67.29 |  101.7 steps/s | 103.2 min
ep  5370 | step   630924 | reward   130.48 | avg100    69.72 |  101.7 steps/s | 103.4 min
ep  5380 | step   632058 | reward   125.17 | avg100    58.27 |  101.7 steps/s | 103.6 min
ep  5390 | step   633240 | reward    93.33 | avg100    55.27 |  101.7 steps/s | 103.7 min
ep  5400 | step   634410 | reward    27.66 | avg100    46.26 |  101.7 steps/s | 103.9 min
ep  5410 | step   635340 | reward    24.57 | avg100    40.39 |  101.7 steps/s | 104.1 min
ep  5420 | step   636654 | reward    -0.27 | avg100    41.38 |  101.7 steps/s | 104.3 min
ep  5430 | step   638004 | reward   -26.31 | avg100    35.10 |  101.7 steps/s | 104.5 min
ep  5440 | step   639090 | reward    63.12 | avg100    37.14 |  101.7 steps/s | 104.7 min
ep  5450 | step   640194 | reward    77.78 | avg100    39.51 |  101.7 steps/s | 104.9 min
ep  5460 | step   641544 | reward   -40.91 | avg100    42.46 |  101.7 steps/s | 105.1 min
ep  5470 | step   642840 | reward   116.61 | avg100    43.46 |  101.7 steps/s | 105.3 min
ep  5480 | step   643734 | reward    23.27 | avg100    47.41 |  101.7 steps/s | 105.5 min
ep  5490 | step   645102 | reward    32.94 | avg100    49.55 |  101.7 steps/s | 105.7 min
ep  5500 | step   646440 | reward   -45.41 | avg100    53.54 |  101.7 steps/s | 105.9 min
ep  5510 | step   647424 | reward    88.93 | avg100    58.69 |  101.7 steps/s | 106.1 min
ep  5520 | step   648690 | reward    45.02 | avg100    57.62 |  101.7 steps/s | 106.3 min
ep  5530 | step   650040 | reward   159.65 | avg100    56.83 |  101.7 steps/s | 106.5 min
ep  5540 | step   651024 | reward    76.70 | avg100    56.57 |  101.7 steps/s | 106.6 min
ep  5550 | step   652200 | reward    13.21 | avg100    53.41 |  101.7 steps/s | 106.9 min
ep  5560 | step   653430 | reward   -41.09 | avg100    50.62 |  101.7 steps/s | 107.1 min
ep  5570 | step   654426 | reward   179.41 | avg100    48.79 |  101.7 steps/s | 107.2 min
ep  5580 | step   655680 | reward   -32.36 | avg100    45.62 |  101.7 steps/s | 107.4 min
ep  5590 | step   656760 | reward    85.19 | avg100    43.61 |  101.7 steps/s | 107.6 min
ep  5600 | step   657918 | reward    55.88 | avg100    43.24 |  101.7 steps/s | 107.8 min
ep  5610 | step   659004 | reward    -6.86 | avg100    39.08 |  101.7 steps/s | 108.0 min
ep  5620 | step   660168 | reward   153.47 | avg100    41.66 |  101.7 steps/s | 108.2 min
ep  5630 | step   661296 | reward   -29.32 | avg100    36.12 |  101.7 steps/s | 108.3 min
ep  5640 | step   662472 | reward    -4.96 | avg100    32.21 |  101.7 steps/s | 108.5 min
ep  5650 | step   663606 | reward     1.70 | avg100    30.10 |  101.7 steps/s | 108.7 min
ep  5660 | step   664632 | reward     1.31 | avg100    27.95 |  101.7 steps/s | 108.9 min
ep  5670 | step   665892 | reward   -25.58 | avg100    24.37 |  101.7 steps/s | 109.1 min
ep  5680 | step   666732 | reward   -13.43 | avg100    24.07 |  101.7 steps/s | 109.2 min
ep  5690 | step   668052 | reward    -4.28 | avg100    20.48 |  101.7 steps/s | 109.5 min
ep  5700 | step   669180 | reward    -5.00 | avg100    18.81 |  101.7 steps/s | 109.6 min
ep  5710 | step   670326 | reward    -3.65 | avg100    16.29 |  101.7 steps/s | 109.8 min
ep  5720 | step   671364 | reward   -41.66 | avg100    12.48 |  101.7 steps/s | 110.0 min
ep  5730 | step   672606 | reward    -3.51 | avg100    15.00 |  101.7 steps/s | 110.2 min
ep  5740 | step   673590 | reward    -0.42 | avg100    12.67 |  101.7 steps/s | 110.4 min
ep  5750 | step   674688 | reward    -6.30 | avg100    10.53 |  101.7 steps/s | 110.5 min
ep  5760 | step   676032 | reward   -57.66 | avg100    12.07 |  101.7 steps/s | 110.8 min
ep  5770 | step   677100 | reward    41.57 | avg100    13.16 |  101.7 steps/s | 110.9 min
ep  5780 | step   678042 | reward     6.04 | avg100    11.88 |  101.7 steps/s | 111.1 min
ep  5790 | step   679200 | reward   -35.49 | avg100    11.44 |  101.7 steps/s | 111.3 min
ep  5800 | step   680400 | reward   -37.24 | avg100    10.94 |  101.7 steps/s | 111.5 min
ep  5810 | step   681420 | reward   100.72 | avg100    11.42 |  101.7 steps/s | 111.7 min
ep  5820 | step   682680 | reward    13.47 | avg100    10.90 |  101.7 steps/s | 111.8 min
ep  5830 | step   683682 | reward     2.04 | avg100    10.03 |  101.7 steps/s | 112.0 min
ep  5840 | step   684732 | reward   -32.55 | avg100     9.53 |  101.7 steps/s | 112.2 min
ep  5850 | step   685872 | reward   -15.43 | avg100    10.38 |  101.7 steps/s | 112.4 min
ep  5860 | step   687000 | reward    -9.09 | avg100    10.23 |  101.7 steps/s | 112.5 min
ep  5870 | step   688176 | reward    -4.00 | avg100    10.68 |  101.7 steps/s | 112.7 min
ep  5880 | step   689154 | reward     7.26 | avg100    10.45 |  101.7 steps/s | 112.9 min
ep  5890 | step   690306 | reward    -8.39 | avg100    10.14 |  101.7 steps/s | 113.1 min
ep  5900 | step   691386 | reward    21.88 | avg100    11.67 |  101.7 steps/s | 113.3 min
ep  5910 | step   692508 | reward   108.90 | avg100    14.11 |  101.7 steps/s | 113.4 min
ep  5920 | step   693804 | reward    42.11 | avg100    15.98 |  101.7 steps/s | 113.7 min
ep  5930 | step   694806 | reward   -11.37 | avg100    16.29 |  101.7 steps/s | 113.8 min
ep  5940 | step   695970 | reward    13.52 | avg100    18.58 |  101.7 steps/s | 114.0 min
ep  5950 | step   697182 | reward   -33.56 | avg100    18.22 |  101.7 steps/s | 114.2 min
ep  5960 | step   698196 | reward    29.65 | avg100    17.33 |  101.7 steps/s | 114.4 min
ep  5970 | step   699378 | reward    15.38 | avg100    17.74 |  101.7 steps/s | 114.6 min
ep  5980 | step   700566 | reward    63.70 | avg100    17.81 |  101.7 steps/s | 114.8 min
ep  5990 | step   701574 | reward    37.07 | avg100    20.19 |  101.7 steps/s | 114.9 min
ep  6000 | step   702882 | reward    36.78 | avg100    19.49 |  101.7 steps/s | 115.1 min
ep  6010 | step   704106 | reward    48.70 | avg100    20.95 |  101.7 steps/s | 115.3 min
ep  6020 | step   705132 | reward    66.67 | avg100    20.81 |  101.8 steps/s | 115.5 min
ep  6030 | step   706374 | reward    19.23 | avg100    21.72 |  101.7 steps/s | 115.7 min
ep  6040 | step   707562 | reward    73.76 | avg100    24.02 |  101.7 steps/s | 115.9 min
ep  6050 | step   708618 | reward   -34.39 | avg100    25.10 |  101.7 steps/s | 116.1 min
ep  6060 | step   709794 | reward     3.55 | avg100    24.49 |  101.7 steps/s | 116.3 min
ep  6070 | step   711018 | reward   -24.96 | avg100    23.38 |  101.7 steps/s | 116.5 min
ep  6080 | step   711810 | reward   -13.57 | avg100    25.97 |  101.7 steps/s | 116.6 min
ep  6090 | step   713184 | reward   -33.48 | avg100    24.84 |  101.8 steps/s | 116.8 min
ep  6100 | step   714156 | reward    -8.73 | avg100    26.19 |  101.7 steps/s | 117.0 min
ep  6110 | step   715332 | reward   -12.91 | avg100    22.84 |  101.7 steps/s | 117.2 min
ep  6120 | step   716466 | reward   -35.06 | avg100    21.53 |  101.7 steps/s | 117.4 min
ep  6130 | step   717498 | reward    -3.09 | avg100    20.55 |  101.7 steps/s | 117.6 min
ep  6140 | step   718644 | reward    -8.47 | avg100    18.21 |  101.7 steps/s | 117.7 min
ep  6150 | step   719748 | reward    -9.84 | avg100    19.43 |  101.7 steps/s | 117.9 min
ep  6160 | step   720894 | reward    24.57 | avg100    19.21 |  101.7 steps/s | 118.1 min
ep  6170 | step   722112 | reward    36.05 | avg100    19.54 |  101.7 steps/s | 118.3 min
ep  6180 | step   723216 | reward   -44.09 | avg100    16.49 |  101.8 steps/s | 118.5 min
ep  6190 | step   724152 | reward    84.31 | avg100    14.36 |  101.7 steps/s | 118.6 min
ep  6200 | step   725256 | reward   -17.45 | avg100    10.93 |  101.8 steps/s | 118.8 min
ep  6210 | step   726360 | reward   -13.08 | avg100     8.83 |  101.7 steps/s | 119.0 min
ep  6220 | step   727464 | reward    53.28 | avg100     6.14 |  101.7 steps/s | 119.2 min
ep  6230 | step   728406 | reward   -12.62 | avg100     4.37 |  101.7 steps/s | 119.3 min
ep  6240 | step   729450 | reward    80.00 | avg100     2.62 |  101.7 steps/s | 119.5 min
ep  6250 | step   730644 | reward    -1.70 | avg100     0.91 |  101.8 steps/s | 119.7 min
ep  6260 | step   731610 | reward    -3.59 | avg100    -0.23 |  101.7 steps/s | 119.9 min
ep  6270 | step   732756 | reward   -12.05 | avg100    -2.20 |  101.8 steps/s | 120.0 min
ep  6280 | step   733836 | reward    -8.90 | avg100    -2.03 |  101.7 steps/s | 120.2 min
ep  6290 | step   734970 | reward    10.06 | avg100    -2.58 |  101.8 steps/s | 120.4 min
ep  6300 | step   736056 | reward    53.54 | avg100    -1.18 |  101.7 steps/s | 120.6 min
ep  6310 | step   737148 | reward    -9.37 | avg100     0.73 |  101.8 steps/s | 120.7 min
ep  6320 | step   738288 | reward    44.88 | avg100     0.86 |  101.8 steps/s | 120.9 min
ep  6330 | step   739260 | reward   -20.53 | avg100     2.18 |  101.8 steps/s | 121.1 min
ep  6340 | step   740154 | reward   -33.43 | avg100     1.99 |  101.7 steps/s | 121.2 min
ep  6350 | step   741474 | reward   -12.20 | avg100     3.35 |  101.7 steps/s | 121.5 min
ep  6360 | step   742686 | reward   -10.17 | avg100     6.50 |  101.8 steps/s | 121.6 min
ep  6370 | step   743538 | reward   -27.37 | avg100     6.07 |  101.7 steps/s | 121.8 min
ep  6380 | step   744696 | reward    16.79 | avg100     7.08 |  101.8 steps/s | 122.0 min
ep  6390 | step   745896 | reward   -13.98 | avg100     8.64 |  101.7 steps/s | 122.2 min
ep  6400 | step   746898 | reward   100.69 | avg100     8.22 |  101.8 steps/s | 122.3 min
ep  6410 | step   748002 | reward    60.92 | avg100     7.68 |  101.8 steps/s | 122.5 min
ep  6420 | step   749058 | reward    56.93 | avg100     8.64 |  101.8 steps/s | 122.7 min
ep  6430 | step   750114 | reward     2.64 | avg100     8.62 |  101.8 steps/s | 122.9 min
ep  6440 | step   751164 | reward   -12.89 | avg100    10.76 |  101.8 steps/s | 123.0 min
ep  6450 | step   752214 | reward   -14.39 | avg100     7.11 |  101.8 steps/s | 123.2 min
ep  6460 | step   753276 | reward   -11.62 | avg100     4.09 |  101.7 steps/s | 123.4 min
ep  6470 | step   754332 | reward   -25.39 | avg100     4.14 |  101.8 steps/s | 123.5 min
ep  6480 | step   755424 | reward    -9.35 | avg100     2.57 |  101.7 steps/s | 123.7 min
ep  6490 | step   756462 | reward    -5.65 | avg100     1.31 |  101.8 steps/s | 123.9 min
ep  6500 | step   757470 | reward    14.29 | avg100     0.38 |  101.8 steps/s | 124.1 min
ep  6510 | step   758622 | reward   -23.91 | avg100    -0.79 |  101.8 steps/s | 124.2 min
ep  6520 | step   759720 | reward    16.74 | avg100    -0.40 |  101.8 steps/s | 124.4 min
ep  6530 | step   760800 | reward   -19.40 | avg100    -0.29 |  101.8 steps/s | 124.6 min
ep  6540 | step   761862 | reward    -5.49 | avg100    -0.95 |  101.8 steps/s | 124.8 min
ep  6550 | step   762786 | reward    -2.82 | avg100    -0.35 |  101.8 steps/s | 124.9 min
ep  6560 | step   764004 | reward    74.34 | avg100     3.75 |  101.8 steps/s | 125.1 min
ep  6570 | step   765204 | reward   -37.60 | avg100     3.21 |  101.8 steps/s | 125.3 min
ep  6580 | step   765930 | reward    -8.66 | avg100     3.56 |  101.8 steps/s | 125.4 min
ep  6590 | step   767160 | reward   -34.65 | avg100     4.30 |  101.8 steps/s | 125.6 min
ep  6600 | step   768276 | reward    -6.17 | avg100     4.91 |  101.8 steps/s | 125.8 min
ep  6610 | step   769314 | reward   -26.13 | avg100     8.02 |  101.8 steps/s | 126.0 min
ep  6620 | step   770514 | reward   -29.82 | avg100     7.05 |  101.8 steps/s | 126.2 min
ep  6630 | step   771588 | reward    -4.71 | avg100     7.46 |  101.8 steps/s | 126.4 min
ep  6640 | step   772590 | reward     3.37 | avg100     7.03 |  101.8 steps/s | 126.5 min
ep  6650 | step   773784 | reward    -3.04 | avg100     7.21 |  101.8 steps/s | 126.7 min
ep  6660 | step   774846 | reward   -12.14 | avg100     5.45 |  101.8 steps/s | 126.9 min
ep  6670 | step   775926 | reward    -1.96 | avg100     5.62 |  101.8 steps/s | 127.1 min
ep  6680 | step   777072 | reward   -11.25 | avg100     4.80 |  101.8 steps/s | 127.2 min
ep  6690 | step   777996 | reward   -14.26 | avg100     5.85 |  101.8 steps/s | 127.4 min
ep  6700 | step   779088 | reward   -15.48 | avg100     5.54 |  101.8 steps/s | 127.6 min
ep  6710 | step   780234 | reward    -0.28 | avg100     2.07 |  101.8 steps/s | 127.8 min
ep  6720 | step   781296 | reward    75.44 | avg100     1.27 |  101.8 steps/s | 128.0 min
ep  6730 | step   782280 | reward    -7.36 | avg100     0.44 |  101.8 steps/s | 128.1 min
ep  6740 | step   783396 | reward    59.24 | avg100     0.95 |  101.8 steps/s | 128.3 min
ep  6750 | step   784404 | reward   -11.27 | avg100     1.95 |  101.8 steps/s | 128.5 min
ep  6760 | step   785604 | reward   -31.99 | avg100     0.63 |  101.8 steps/s | 128.7 min
ep  6770 | step   786630 | reward   -10.06 | avg100     3.78 |  101.8 steps/s | 128.8 min
ep  6780 | step   787836 | reward    51.29 | avg100     3.73 |  101.8 steps/s | 129.0 min
ep  6790 | step   788802 | reward    85.45 | avg100     4.29 |  101.8 steps/s | 129.2 min
ep  6800 | step   790026 | reward     6.31 | avg100     4.21 |  101.8 steps/s | 129.4 min
ep  6810 | step   791172 | reward    41.91 | avg100     4.56 |  101.8 steps/s | 129.5 min
ep  6820 | step   792288 | reward    75.72 | avg100     6.87 |  101.8 steps/s | 129.7 min
ep  6830 | step   793482 | reward    27.80 | avg100    11.42 |  101.8 steps/s | 130.0 min
ep  6840 | step   794562 | reward    -8.07 | avg100     9.92 |  101.8 steps/s | 130.1 min
ep  6850 | step   795492 | reward    -2.29 | avg100    10.16 |  101.8 steps/s | 130.3 min
ep  6860 | step   796686 | reward    -6.21 | avg100     7.82 |  101.8 steps/s | 130.5 min
ep  6870 | step   797760 | reward   -19.80 | avg100     5.28 |  101.8 steps/s | 130.6 min
ep  6880 | step   798786 | reward    29.45 | avg100     6.08 |  101.8 steps/s | 130.8 min
ep  6890 | step   799824 | reward   -32.21 | avg100     5.10 |  101.8 steps/s | 131.0 min
ep  6900 | step   800994 | reward    72.88 | avg100     5.69 |  101.8 steps/s | 131.2 min
ep  6910 | step   802050 | reward     6.20 | avg100     5.99 |  101.8 steps/s | 131.4 min
ep  6920 | step   803250 | reward    74.07 | avg100     3.92 |  101.8 steps/s | 131.6 min
ep  6930 | step   804156 | reward   -10.58 | avg100     1.31 |  101.8 steps/s | 131.7 min
ep  6940 | step   805500 | reward    37.81 | avg100     2.70 |  101.8 steps/s | 131.9 min
ep  6950 | step   806610 | reward    22.11 | avg100     3.93 |  101.8 steps/s | 132.1 min
ep  6960 | step   807630 | reward     1.81 | avg100     4.79 |  101.8 steps/s | 132.3 min
ep  6970 | step   808638 | reward     1.39 | avg100     4.86 |  101.8 steps/s | 132.4 min
ep  6980 | step   809838 | reward   -18.08 | avg100     2.72 |  101.8 steps/s | 132.6 min
ep  6990 | step   810774 | reward    -6.60 | avg100     2.09 |  101.8 steps/s | 132.8 min
ep  7000 | step   811938 | reward    49.47 | avg100     0.37 |  101.8 steps/s | 133.0 min
ep  7010 | step   813036 | reward   -11.51 | avg100     1.88 |  101.8 steps/s | 133.1 min
ep  7020 | step   814110 | reward    64.29 | avg100     3.64 |  101.8 steps/s | 133.3 min
ep  7030 | step   815292 | reward   -20.06 | avg100     2.39 |  101.8 steps/s | 133.5 min
ep  7040 | step   816228 | reward    38.30 | avg100     1.07 |  101.8 steps/s | 133.7 min
ep  7050 | step   817392 | reward   -26.97 | avg100    -0.55 |  101.8 steps/s | 133.9 min
ep  7060 | step   818604 | reward   -12.31 | avg100    -0.25 |  101.8 steps/s | 134.1 min
ep  7070 | step   819528 | reward    47.73 | avg100     3.21 |  101.8 steps/s | 134.2 min
ep  7080 | step   820794 | reward   -11.68 | avg100     6.65 |  101.8 steps/s | 134.4 min
ep  7090 | step   822036 | reward    76.47 | avg100     9.81 |  101.8 steps/s | 134.6 min
ep  7100 | step   823122 | reward   -45.52 | avg100    10.49 |  101.8 steps/s | 134.8 min
ep  7110 | step   824196 | reward   -10.33 | avg100    11.08 |  101.8 steps/s | 135.0 min
ep  7120 | step   825372 | reward    80.21 | avg100    13.50 |  101.8 steps/s | 135.2 min
ep  7130 | step   826572 | reward   -40.53 | avg100    13.57 |  101.8 steps/s | 135.4 min
ep  7140 | step   827634 | reward    42.86 | avg100    15.79 |  101.8 steps/s | 135.5 min
ep  7150 | step   828672 | reward     9.72 | avg100    16.25 |  101.8 steps/s | 135.7 min
ep  7160 | step   829776 | reward    -4.42 | avg100    18.20 |  101.8 steps/s | 135.9 min
ep  7170 | step   830946 | reward   -11.97 | avg100    14.16 |  101.8 steps/s | 136.1 min
ep  7180 | step   831990 | reward   -10.56 | avg100    12.58 |  101.8 steps/s | 136.3 min
ep  7190 | step   833070 | reward     2.91 | avg100     8.45 |  101.8 steps/s | 136.4 min
ep  7200 | step   834546 | reward    20.62 | avg100    11.09 |  101.8 steps/s | 136.7 min
ep  7210 | step   835320 | reward   -25.25 | avg100    13.33 |  101.8 steps/s | 136.8 min
ep  7220 | step   836664 | reward    10.27 | avg100    11.58 |  101.8 steps/s | 137.0 min
ep  7230 | step   838008 | reward     2.32 | avg100    14.32 |  101.8 steps/s | 137.2 min
ep  7240 | step   838896 | reward    -9.83 | avg100    14.91 |  101.8 steps/s | 137.4 min
ep  7250 | step   840150 | reward    -5.71 | avg100    15.33 |  101.8 steps/s | 137.6 min
ep  7260 | step   841458 | reward    81.51 | avg100    17.50 |  101.8 steps/s | 137.8 min
ep  7270 | step   842376 | reward    21.58 | avg100    19.76 |  101.8 steps/s | 137.9 min
ep  7280 | step   843576 | reward   -30.57 | avg100    19.99 |  101.8 steps/s | 138.2 min
ep  7290 | step   844740 | reward    -6.85 | avg100    22.04 |  101.8 steps/s | 138.3 min
ep  7300 | step   845766 | reward    84.82 | avg100    21.42 |  101.8 steps/s | 138.5 min
ep  7310 | step   847092 | reward     4.03 | avg100    18.25 |  101.8 steps/s | 138.7 min
ep  7320 | step   848130 | reward    50.16 | avg100    18.54 |  101.8 steps/s | 138.9 min
ep  7330 | step   849258 | reward   -52.03 | avg100    16.50 |  101.8 steps/s | 139.1 min
ep  7340 | step   850356 | reward   -11.56 | avg100    15.74 |  101.8 steps/s | 139.3 min
ep  7350 | step   851562 | reward   -14.98 | avg100    14.79 |  101.8 steps/s | 139.5 min
ep  7360 | step   852762 | reward   -17.50 | avg100    12.88 |  101.8 steps/s | 139.6 min
ep  7370 | step   853812 | reward    -7.00 | avg100    12.89 |  101.8 steps/s | 139.8 min
ep  7380 | step   855006 | reward   -20.98 | avg100    12.59 |  101.8 steps/s | 140.0 min
ep  7390 | step   856146 | reward     4.04 | avg100    13.85 |  101.8 steps/s | 140.2 min
ep  7400 | step   857358 | reward    -7.12 | avg100    13.93 |  101.8 steps/s | 140.4 min
ep  7410 | step   858546 | reward    52.54 | avg100    15.47 |  101.8 steps/s | 140.6 min
ep  7420 | step   859692 | reward    19.74 | avg100    15.96 |  101.8 steps/s | 140.8 min
ep  7430 | step   860988 | reward    -1.53 | avg100    18.87 |  101.8 steps/s | 141.0 min
ep  7440 | step   861996 | reward   -12.63 | avg100    17.69 |  101.8 steps/s | 141.2 min
ep  7450 | step   863238 | reward    62.96 | avg100    21.51 |  101.8 steps/s | 141.4 min
ep  7460 | step   864552 | reward    -0.31 | avg100    20.00 |  101.8 steps/s | 141.6 min
ep  7470 | step   865488 | reward    19.30 | avg100    20.86 |  101.8 steps/s | 141.7 min
ep  7480 | step   866814 | reward   156.94 | avg100    25.35 |  101.8 steps/s | 141.9 min
ep  7490 | step   868080 | reward    -0.60 | avg100    24.19 |  101.8 steps/s | 142.2 min
ep  7500 | step   869088 | reward    92.93 | avg100    25.31 |  101.8 steps/s | 142.3 min
ep  7510 | step   870324 | reward    66.04 | avg100    23.95 |  101.8 steps/s | 142.5 min
ep  7520 | step   871242 | reward   -22.18 | avg100    21.91 |  101.8 steps/s | 142.7 min
ep  7530 | step   872550 | reward   -18.20 | avg100    19.23 |  101.8 steps/s | 142.9 min
ep  7540 | step   873570 | reward    54.98 | avg100    19.96 |  101.8 steps/s | 143.1 min
ep  7550 | step   874716 | reward   -26.59 | avg100    20.40 |  101.8 steps/s | 143.2 min
ep  7560 | step   876060 | reward    75.38 | avg100    21.99 |  101.8 steps/s | 143.5 min
ep  7570 | step   877152 | reward   102.02 | avg100    23.42 |  101.8 steps/s | 143.7 min
ep  7580 | step   878310 | reward    79.49 | avg100    23.95 |  101.8 steps/s | 143.8 min
ep  7590 | step   879660 | reward   -12.93 | avg100    25.91 |  101.8 steps/s | 144.1 min
ep  7600 | step   880752 | reward   -18.63 | avg100    29.15 |  101.8 steps/s | 144.2 min
ep  7610 | step   881910 | reward    91.78 | avg100    31.60 |  101.8 steps/s | 144.4 min
ep  7620 | step   883158 | reward    -1.53 | avg100    32.71 |  101.8 steps/s | 144.7 min
ep  7630 | step   884214 | reward   -50.24 | avg100    35.66 |  101.8 steps/s | 144.8 min
ep  7640 | step   885450 | reward    57.41 | avg100    37.84 |  101.8 steps/s | 145.0 min
ep  7650 | step   886812 | reward   101.41 | avg100    36.11 |  101.8 steps/s | 145.2 min
ep  7660 | step   887814 | reward   113.29 | avg100    40.09 |  101.8 steps/s | 145.4 min
ep  7670 | step   889170 | reward   133.08 | avg100    42.26 |  101.8 steps/s | 145.6 min
ep  7680 | step   890334 | reward    -7.95 | avg100    40.90 |  101.8 steps/s | 145.8 min
ep  7690 | step   891324 | reward    83.46 | avg100    40.68 |  101.8 steps/s | 146.0 min
ep  7700 | step   892602 | reward     2.46 | avg100    35.58 |  101.8 steps/s | 146.2 min
ep  7710 | step   893748 | reward   -19.26 | avg100    35.53 |  101.8 steps/s | 146.4 min
ep  7720 | step   894894 | reward    -3.98 | avg100    36.04 |  101.8 steps/s | 146.6 min
ep  7730 | step   896088 | reward    15.78 | avg100    36.53 |  101.8 steps/s | 146.8 min
ep  7740 | step   897348 | reward   107.36 | avg100    37.50 |  101.8 steps/s | 147.0 min
ep  7750 | step   898368 | reward    57.89 | avg100    42.00 |  101.8 steps/s | 147.1 min
ep  7760 | step   899838 | reward     8.77 | avg100    41.92 |  101.8 steps/s | 147.4 min
ep  7770 | step   900918 | reward    96.01 | avg100    40.32 |  101.8 steps/s | 147.5 min
ep  7780 | step   901968 | reward   123.40 | avg100    39.29 |  101.8 steps/s | 147.7 min
ep  7790 | step   903240 | reward     9.85 | avg100    40.32 |  101.7 steps/s | 148.0 min
ep  7800 | step   904668 | reward    63.27 | avg100    44.35 |  101.8 steps/s | 148.2 min
ep  7810 | step   905652 | reward   132.82 | avg100    45.31 |  101.8 steps/s | 148.3 min
ep  7820 | step   906888 | reward    13.01 | avg100    46.60 |  101.8 steps/s | 148.5 min
ep  7830 | step   908088 | reward   -14.31 | avg100    42.18 |  101.8 steps/s | 148.7 min
ep  7840 | step   909018 | reward    51.52 | avg100    40.97 |  101.8 steps/s | 148.9 min
ep  7850 | step   910434 | reward   110.00 | avg100    38.55 |  101.8 steps/s | 149.1 min
ep  7860 | step   911604 | reward   -43.37 | avg100    37.19 |  101.8 steps/s | 149.3 min
ep  7870 | step   912714 | reward   105.39 | avg100    37.23 |  101.8 steps/s | 149.5 min
ep  7880 | step   914034 | reward   -11.03 | avg100    37.44 |  101.8 steps/s | 149.7 min
ep  7890 | step   914958 | reward    23.71 | avg100    39.90 |  101.8 steps/s | 149.8 min
ep  7900 | step   916278 | reward   115.05 | avg100    40.04 |  101.8 steps/s | 150.1 min
ep  7910 | step   917568 | reward   102.53 | avg100    41.71 |  101.7 steps/s | 150.3 min
ep  7920 | step   918708 | reward     9.72 | avg100    42.54 |  101.8 steps/s | 150.5 min
ep  7930 | step   919836 | reward    28.22 | avg100    46.11 |  101.7 steps/s | 150.7 min
ep  7940 | step   921030 | reward   -20.97 | avg100    47.20 |  101.8 steps/s | 150.8 min
ep  7950 | step   922146 | reward    79.10 | avg100    46.59 |  101.8 steps/s | 151.0 min
ep  7960 | step   923508 | reward    72.30 | avg100    44.42 |  101.7 steps/s | 151.3 min
ep  7970 | step   924564 | reward   -15.69 | avg100    45.43 |  101.8 steps/s | 151.4 min
ep  7980 | step   925710 | reward   100.00 | avg100    46.71 |  101.8 steps/s | 151.6 min
ep  7990 | step   926964 | reward    98.65 | avg100    46.69 |  101.8 steps/s | 151.8 min
ep  8000 | step   928116 | reward     6.31 | avg100    45.67 |  101.8 steps/s | 152.0 min
ep  8010 | step   929310 | reward    71.05 | avg100    41.56 |  101.7 steps/s | 152.2 min
ep  8020 | step   930564 | reward     6.18 | avg100    39.36 |  101.8 steps/s | 152.4 min
ep  8030 | step   931680 | reward    11.89 | avg100    40.04 |  101.8 steps/s | 152.6 min
ep  8040 | step   932886 | reward   105.39 | avg100    38.86 |  101.8 steps/s | 152.8 min
ep  8050 | step   933930 | reward    74.19 | avg100    40.66 |  101.8 steps/s | 153.0 min
ep  8060 | step   935130 | reward   -14.11 | avg100    40.38 |  101.7 steps/s | 153.2 min
ep  8070 | step   936396 | reward   -10.56 | avg100    38.32 |  101.8 steps/s | 153.4 min
ep  8080 | step   937524 | reward   101.30 | avg100    38.46 |  101.7 steps/s | 153.6 min
ep  8090 | step   938646 | reward    61.29 | avg100    34.50 |  101.8 steps/s | 153.7 min
ep  8100 | step   939822 | reward   -36.04 | avg100    32.17 |  101.7 steps/s | 153.9 min
ep  8110 | step   940914 | reward    11.10 | avg100    29.30 |  101.8 steps/s | 154.1 min
ep  8120 | step   942096 | reward    45.45 | avg100    29.05 |  101.8 steps/s | 154.3 min
ep  8130 | step   943188 | reward   -52.97 | avg100    25.97 |  101.7 steps/s | 154.5 min
ep  8140 | step   944328 | reward     3.35 | avg100    24.62 |  101.8 steps/s | 154.7 min
ep  8150 | step   945570 | reward    -5.14 | avg100    20.38 |  101.8 steps/s | 154.9 min
ep  8160 | step   946812 | reward    40.35 | avg100    21.90 |  101.8 steps/s | 155.1 min
ep  8170 | step   947730 | reward     0.03 | avg100    19.25 |  101.8 steps/s | 155.2 min
ep  8180 | step   949128 | reward    97.28 | avg100    17.61 |  101.7 steps/s | 155.5 min
ep  8190 | step   950196 | reward     6.73 | avg100    16.07 |  101.8 steps/s | 155.6 min
ep  8200 | step   951234 | reward    -7.12 | avg100    15.56 |  101.7 steps/s | 155.8 min
ep  8210 | step   952578 | reward   111.16 | avg100    21.42 |  101.8 steps/s | 156.0 min
ep  8220 | step   953688 | reward   -18.89 | avg100    19.88 |  101.8 steps/s | 156.2 min
ep  8230 | step   954804 | reward   -14.43 | avg100    23.72 |  101.8 steps/s | 156.4 min
ep  8240 | step   955962 | reward    44.93 | avg100    23.84 |  101.8 steps/s | 156.6 min
ep  8250 | step   957054 | reward   118.86 | avg100    28.09 |  101.7 steps/s | 156.8 min
ep  8260 | step   958362 | reward     2.44 | avg100    28.80 |  101.8 steps/s | 157.0 min
ep  8270 | step   959640 | reward    69.81 | avg100    34.84 |  101.8 steps/s | 157.2 min
ep  8280 | step   960732 | reward    86.31 | avg100    36.74 |  101.8 steps/s | 157.3 min
ep  8290 | step   961890 | reward   112.01 | avg100    39.58 |  101.8 steps/s | 157.5 min
ep  8300 | step   963114 | reward     7.02 | avg100    41.25 |  101.7 steps/s | 157.8 min
ep  8310 | step   964332 | reward   -57.18 | avg100    40.65 |  101.8 steps/s | 157.9 min
ep  8320 | step   965490 | reward    85.81 | avg100    42.14 |  101.8 steps/s | 158.1 min
ep  8330 | step   966666 | reward    43.58 | avg100    39.90 |  101.8 steps/s | 158.3 min
ep  8340 | step   967974 | reward     3.12 | avg100    40.60 |  101.8 steps/s | 158.5 min
ep  8350 | step   969066 | reward   102.53 | avg100    39.04 |  101.7 steps/s | 158.7 min
ep  8360 | step   970266 | reward   -27.71 | avg100    37.26 |  101.8 steps/s | 158.9 min
ep  8370 | step   971430 | reward    -8.90 | avg100    34.09 |  101.8 steps/s | 159.1 min
ep  8380 | step   972546 | reward    74.06 | avg100    33.31 |  101.8 steps/s | 159.3 min
ep  8390 | step   973812 | reward   -23.46 | avg100    33.16 |  101.8 steps/s | 159.5 min
ep  8400 | step   975054 | reward    78.81 | avg100    34.47 |  101.7 steps/s | 159.7 min
ep  8410 | step   976050 | reward    77.43 | avg100    33.99 |  101.8 steps/s | 159.9 min
ep  8420 | step   977496 | reward    73.01 | avg100    34.96 |  101.7 steps/s | 160.1 min
ep  8430 | step   978564 | reward     3.60 | avg100    34.29 |  101.8 steps/s | 160.3 min
ep  8440 | step   979794 | reward    10.70 | avg100    37.72 |  101.8 steps/s | 160.5 min
ep  8450 | step   981018 | reward     1.02 | avg100    34.44 |  101.8 steps/s | 160.7 min
ep  8460 | step   982020 | reward    26.26 | avg100    33.38 |  101.8 steps/s | 160.8 min
ep  8470 | step   983292 | reward    99.34 | avg100    34.34 |  101.7 steps/s | 161.1 min
ep  8480 | step   984612 | reward    95.51 | avg100    34.63 |  101.8 steps/s | 161.3 min
ep  8490 | step   985752 | reward    67.25 | avg100    33.36 |  101.8 steps/s | 161.5 min
ep  8500 | step   986790 | reward    45.33 | avg100    29.11 |  101.8 steps/s | 161.6 min
ep  8510 | step   987984 | reward    -2.61 | avg100    26.47 |  101.8 steps/s | 161.8 min
ep  8520 | step   989178 | reward    44.88 | avg100    26.40 |  101.7 steps/s | 162.0 min
ep  8530 | step   990336 | reward    77.85 | avg100    27.68 |  101.8 steps/s | 162.2 min
ep  8540 | step   991410 | reward    39.00 | avg100    25.45 |  101.8 steps/s | 162.4 min
ep  8550 | step   992544 | reward    19.05 | avg100    26.25 |  101.8 steps/s | 162.6 min
ep  8560 | step   993756 | reward     2.13 | avg100    29.40 |  101.8 steps/s | 162.8 min
ep  8570 | step   994968 | reward    69.28 | avg100    31.59 |  101.8 steps/s | 162.9 min
ep  8580 | step   996150 | reward    90.65 | avg100    32.58 |  101.8 steps/s | 163.2 min
ep  8590 | step   997188 | reward   -10.60 | avg100    32.38 |  101.8 steps/s | 163.3 min
ep  8600 | step   998418 | reward    93.88 | avg100    38.93 |  101.8 steps/s | 163.5 min
ep  8610 | step   999696 | reward    35.60 | avg100    41.68 |  101.8 steps/s | 163.7 min
ep  8620 | step  1000884 | reward    21.73 | avg100    43.86 |  101.8 steps/s | 163.9 min
ep  8630 | step  1001946 | reward    -2.30 | avg100    42.90 |  101.8 steps/s | 164.1 min
ep  8640 | step  1003194 | reward    80.69 | avg100    42.19 |  101.8 steps/s | 164.3 min
ep  8650 | step  1004184 | reward    33.13 | avg100    43.52 |  101.8 steps/s | 164.5 min
ep  8660 | step  1005450 | reward    49.64 | avg100    42.66 |  101.8 steps/s | 164.7 min
ep  8670 | step  1006608 | reward    77.91 | avg100    40.08 |  101.8 steps/s | 164.9 min
ep  8680 | step  1007700 | reward    -1.64 | avg100    38.90 |  101.8 steps/s | 165.1 min
ep  8690 | step  1008888 | reward    -1.73 | avg100    38.45 |  101.8 steps/s | 165.2 min
ep  8700 | step  1010202 | reward   117.13 | avg100    38.13 |  101.8 steps/s | 165.4 min
ep  8710 | step  1011150 | reward   -10.77 | avg100    38.40 |  101.8 steps/s | 165.6 min
ep  8720 | step  1012464 | reward     0.94 | avg100    34.45 |  101.8 steps/s | 165.8 min
ep  8730 | step  1013664 | reward    59.84 | avg100    37.84 |  101.8 steps/s | 166.0 min
ep  8740 | step  1014714 | reward    27.21 | avg100    41.23 |  101.8 steps/s | 166.2 min
ep  8750 | step  1016046 | reward   148.12 | avg100    46.98 |  101.8 steps/s | 166.4 min
ep  8760 | step  1017372 | reward   136.84 | avg100    51.91 |  101.8 steps/s | 166.6 min
ep  8770 | step  1018308 | reward    90.81 | avg100    56.17 |  101.8 steps/s | 166.8 min
ep  8780 | step  1019706 | reward    60.49 | avg100    56.99 |  101.8 steps/s | 167.0 min
ep  8790 | step  1020936 | reward    -6.23 | avg100    64.00 |  101.8 steps/s | 167.2 min
ep  8800 | step  1022058 | reward   111.36 | avg100    65.39 |  101.8 steps/s | 167.4 min
ep  8810 | step  1023222 | reward    81.49 | avg100    65.81 |  101.8 steps/s | 167.6 min
ep  8820 | step  1024656 | reward    20.38 | avg100    71.20 |  101.8 steps/s | 167.8 min
ep  8830 | step  1025808 | reward    41.08 | avg100    72.82 |  101.8 steps/s | 168.0 min
ep  8840 | step  1026822 | reward    64.00 | avg100    71.09 |  101.8 steps/s | 168.2 min
ep  8850 | step  1028106 | reward   -12.31 | avg100    68.12 |  101.8 steps/s | 168.4 min
ep  8860 | step  1029498 | reward   175.86 | avg100    69.85 |  101.8 steps/s | 168.6 min
ep  8870 | step  1030446 | reward     7.09 | avg100    67.50 |  101.8 steps/s | 168.8 min
ep  8880 | step  1031706 | reward   -48.55 | avg100    66.23 |  101.8 steps/s | 169.0 min
ep  8890 | step  1033056 | reward    69.17 | avg100    65.10 |  101.8 steps/s | 169.2 min
ep  8900 | step  1033950 | reward    -5.82 | avg100    63.66 |  101.8 steps/s | 169.3 min
ep  8910 | step  1035312 | reward   160.45 | avg100    65.77 |  101.8 steps/s | 169.6 min
ep  8920 | step  1036632 | reward    65.66 | avg100    67.52 |  101.8 steps/s | 169.8 min
ep  8930 | step  1037586 | reward   154.97 | avg100    66.93 |  101.8 steps/s | 169.9 min
ep  8940 | step  1038942 | reward    30.00 | avg100    68.30 |  101.8 steps/s | 170.1 min
ep  8950 | step  1040382 | reward    51.75 | avg100    72.29 |  101.8 steps/s | 170.4 min
ep  8960 | step  1041324 | reward   165.73 | avg100    73.29 |  101.8 steps/s | 170.6 min
ep  8970 | step  1042686 | reward   101.37 | avg100    75.34 |  101.8 steps/s | 170.8 min
ep  8980 | step  1044036 | reward   172.44 | avg100    81.69 |  101.8 steps/s | 171.0 min
ep  8990 | step  1045038 | reward   131.32 | avg100    82.78 |  101.8 steps/s | 171.2 min
ep  9000 | step  1046298 | reward    49.43 | avg100    87.64 |  101.8 steps/s | 171.4 min
ep  9010 | step  1047660 | reward    80.00 | avg100    87.89 |  101.8 steps/s | 171.6 min
ep  9020 | step  1048548 | reward   142.52 | avg100    88.30 |  101.8 steps/s | 171.7 min
ep  9030 | step  1049916 | reward    50.42 | avg100    83.74 |  101.8 steps/s | 172.0 min
ep  9040 | step  1051182 | reward     4.48 | avg100    86.89 |  101.8 steps/s | 172.2 min
ep  9050 | step  1052202 | reward   122.61 | avg100    81.69 |  101.8 steps/s | 172.3 min
ep  9060 | step  1053546 | reward    31.66 | avg100    75.44 |  101.8 steps/s | 172.6 min
ep  9070 | step  1054530 | reward    45.33 | avg100    73.83 |  101.8 steps/s | 172.7 min
ep  9080 | step  1055916 | reward    28.53 | avg100    71.90 |  101.8 steps/s | 172.9 min
ep  9090 | step  1057116 | reward   -37.36 | avg100    66.21 |  101.8 steps/s | 173.1 min
ep  9100 | step  1058082 | reward    51.29 | avg100    59.23 |  101.8 steps/s | 173.3 min
ep  9110 | step  1059354 | reward    -0.74 | avg100    55.97 |  101.8 steps/s | 173.5 min
ep  9120 | step  1060728 | reward    30.79 | avg100    51.48 |  101.8 steps/s | 173.7 min
ep  9130 | step  1061622 | reward   -20.34 | avg100    53.80 |  101.8 steps/s | 173.9 min
ep  9140 | step  1062888 | reward    68.20 | avg100    49.52 |  101.8 steps/s | 174.1 min
ep  9150 | step  1064286 | reward     1.65 | avg100    50.26 |  101.8 steps/s | 174.3 min
ep  9160 | step  1065372 | reward    10.74 | avg100    52.15 |  101.8 steps/s | 174.5 min
ep  9170 | step  1066554 | reward    36.21 | avg100    53.24 |  101.8 steps/s | 174.7 min
ep  9180 | step  1067856 | reward   -58.04 | avg100    50.81 |  101.8 steps/s | 174.9 min
ep  9190 | step  1069032 | reward   179.72 | avg100    54.30 |  101.8 steps/s | 175.1 min
ep  9200 | step  1070178 | reward   123.83 | avg100    56.35 |  101.8 steps/s | 175.3 min
ep  9210 | step  1071462 | reward   132.08 | avg100    67.54 |  101.8 steps/s | 175.5 min
ep  9220 | step  1072428 | reward   144.30 | avg100    68.61 |  101.8 steps/s | 175.6 min
ep  9230 | step  1073736 | reward    72.76 | avg100    69.74 |  101.8 steps/s | 175.9 min
ep  9240 | step  1075032 | reward    62.50 | avg100    72.14 |  101.7 steps/s | 176.1 min
ep  9250 | step  1076028 | reward    -5.49 | avg100    74.77 |  101.8 steps/s | 176.2 min
ep  9260 | step  1077378 | reward    69.06 | avg100    76.93 |  101.7 steps/s | 176.5 min
ep  9270 | step  1078704 | reward   -20.77 | avg100    77.43 |  101.8 steps/s | 176.7 min
ep  9280 | step  1079712 | reward   142.52 | avg100    80.26 |  101.8 steps/s | 176.9 min
ep  9290 | step  1080954 | reward    31.10 | avg100    80.78 |  101.7 steps/s | 177.1 min
ep  9300 | step  1082250 | reward   137.94 | avg100    80.26 |  101.8 steps/s | 177.3 min
ep  9310 | step  1083276 | reward    42.86 | avg100    73.30 |  101.7 steps/s | 177.5 min
ep  9320 | step  1084608 | reward   126.03 | avg100    78.39 |  101.8 steps/s | 177.6 min
ep  9330 | step  1085892 | reward   -10.92 | avg100    76.35 |  101.7 steps/s | 177.9 min
ep  9340 | step  1087026 | reward   120.78 | avg100    82.80 |  101.7 steps/s | 178.1 min
ep  9350 | step  1088346 | reward     2.93 | avg100    80.04 |  101.8 steps/s | 178.3 min
ep  9360 | step  1089396 | reward    92.43 | avg100    77.33 |  101.7 steps/s | 178.5 min
ep  9370 | step  1090626 | reward    -2.22 | avg100    74.48 |  101.8 steps/s | 178.6 min
ep  9380 | step  1091916 | reward     9.09 | avg100    69.97 |  101.7 steps/s | 178.9 min
ep  9390 | step  1092978 | reward     2.77 | avg100    68.34 |  101.7 steps/s | 179.0 min
ep  9400 | step  1094226 | reward   -41.94 | avg100    67.18 |  101.7 steps/s | 179.2 min
ep  9410 | step  1095384 | reward   -35.06 | avg100    62.40 |  101.7 steps/s | 179.4 min
ep  9420 | step  1096572 | reward   146.71 | avg100    56.86 |  101.8 steps/s | 179.6 min
ep  9430 | step  1097892 | reward   118.31 | avg100    60.56 |  101.7 steps/s | 179.8 min
ep  9440 | step  1098846 | reward    -2.97 | avg100    54.63 |  101.8 steps/s | 180.0 min
ep  9450 | step  1100214 | reward   100.61 | avg100    53.49 |  101.7 steps/s | 180.2 min
ep  9460 | step  1101492 | reward   139.70 | avg100    53.87 |  101.7 steps/s | 180.4 min
ep  9470 | step  1102530 | reward     5.23 | avg100    56.45 |  101.8 steps/s | 180.6 min
ep  9480 | step  1103928 | reward    77.17 | avg100    57.60 |  101.7 steps/s | 180.8 min
ep  9490 | step  1105104 | reward   -60.58 | avg100    56.94 |  101.7 steps/s | 181.0 min
ep  9500 | step  1106250 | reward    20.81 | avg100    58.75 |  101.7 steps/s | 181.2 min
ep  9510 | step  1107438 | reward    56.25 | avg100    58.96 |  101.7 steps/s | 181.4 min
ep  9520 | step  1108488 | reward    32.89 | avg100    58.89 |  101.7 steps/s | 181.6 min
ep  9530 | step  1109778 | reward    -3.51 | avg100    55.81 |  101.7 steps/s | 181.8 min
ep  9540 | step  1111134 | reward   143.70 | avg100    54.56 |  101.7 steps/s | 182.0 min
ep  9550 | step  1112148 | reward    21.31 | avg100    52.66 |  101.7 steps/s | 182.2 min
ep  9560 | step  1113456 | reward    27.60 | avg100    51.02 |  101.7 steps/s | 182.4 min
ep  9570 | step  1114638 | reward    49.81 | avg100    45.41 |  101.8 steps/s | 182.6 min
ep  9580 | step  1115634 | reward    26.35 | avg100    42.37 |  101.7 steps/s | 182.8 min
ep  9590 | step  1116744 | reward    40.68 | avg100    40.78 |  101.8 steps/s | 182.9 min
ep  9600 | step  1117944 | reward     7.52 | avg100    39.23 |  101.7 steps/s | 183.1 min
ep  9610 | step  1119060 | reward     5.92 | avg100    36.07 |  101.7 steps/s | 183.3 min
ep  9620 | step  1120242 | reward   108.05 | avg100    36.40 |  101.8 steps/s | 183.5 min
ep  9630 | step  1121586 | reward    -1.94 | avg100    35.97 |  101.7 steps/s | 183.7 min
ep  9640 | step  1122762 | reward    21.43 | avg100    33.57 |  101.8 steps/s | 183.9 min
ep  9650 | step  1123902 | reward    70.42 | avg100    35.63 |  101.7 steps/s | 184.1 min
ep  9660 | step  1125036 | reward   -12.62 | avg100    33.46 |  101.7 steps/s | 184.3 min
ep  9670 | step  1126158 | reward    22.49 | avg100    35.08 |  101.8 steps/s | 184.5 min
ep  9680 | step  1127502 | reward   143.99 | avg100    42.58 |  101.7 steps/s | 184.7 min
ep  9690 | step  1128786 | reward   138.26 | avg100    46.50 |  101.8 steps/s | 184.9 min
ep  9700 | step  1129752 | reward    33.13 | avg100    44.68 |  101.7 steps/s | 185.1 min
ep  9710 | step  1131072 | reward    68.28 | avg100    50.97 |  101.7 steps/s | 185.3 min
ep  9720 | step  1132386 | reward   -31.56 | avg100    53.10 |  101.8 steps/s | 185.5 min
ep  9730 | step  1133502 | reward   170.49 | avg100    55.12 |  101.7 steps/s | 185.7 min
ep  9740 | step  1134666 | reward   -56.74 | avg100    55.80 |  101.8 steps/s | 185.9 min
ep  9750 | step  1135986 | reward   -54.68 | avg100    57.32 |  101.7 steps/s | 186.1 min
ep  9760 | step  1137072 | reward     8.87 | avg100    61.53 |  101.7 steps/s | 186.3 min
ep  9770 | step  1138350 | reward   -32.38 | avg100    63.80 |  101.8 steps/s | 186.5 min
ep  9780 | step  1139472 | reward   158.18 | avg100    61.92 |  101.7 steps/s | 186.7 min
ep  9790 | step  1140678 | reward   -16.42 | avg100    56.50 |  101.8 steps/s | 186.8 min
ep  9800 | step  1141860 | reward   145.85 | avg100    60.67 |  101.7 steps/s | 187.0 min
ep  9810 | step  1143030 | reward    93.88 | avg100    58.44 |  101.7 steps/s | 187.2 min
ep  9820 | step  1144188 | reward   154.13 | avg100    54.77 |  101.7 steps/s | 187.4 min
ep  9830 | step  1145412 | reward    23.71 | avg100    51.23 |  101.7 steps/s | 187.6 min
ep  9840 | step  1146462 | reward   221.03 | avg100    50.09 |  101.8 steps/s | 187.8 min
ep  9850 | step  1147596 | reward     8.12 | avg100    46.88 |  101.7 steps/s | 188.0 min
ep  9860 | step  1148850 | reward   -19.46 | avg100    46.73 |  101.8 steps/s | 188.2 min
ep  9870 | step  1149960 | reward     2.46 | avg100    43.09 |  101.7 steps/s | 188.4 min
ep  9880 | step  1151148 | reward   -31.46 | avg100    37.70 |  101.7 steps/s | 188.6 min
ep  9890 | step  1152234 | reward   108.03 | avg100    42.85 |  101.8 steps/s | 188.7 min
ep  9900 | step  1153482 | reward   -23.09 | avg100    39.91 |  101.7 steps/s | 189.0 min
ep  9910 | step  1154694 | reward    27.70 | avg100    40.08 |  101.8 steps/s | 189.1 min
ep  9920 | step  1155654 | reward   -16.09 | avg100    37.48 |  101.7 steps/s | 189.3 min
ep  9930 | step  1156926 | reward    72.64 | avg100    38.00 |  101.7 steps/s | 189.5 min
ep  9940 | step  1158090 | reward    -8.39 | avg100    37.46 |  101.8 steps/s | 189.7 min
ep  9950 | step  1159116 | reward   121.84 | avg100    38.57 |  101.7 steps/s | 189.9 min
ep  9960 | step  1160220 | reward   147.52 | avg100    34.18 |  101.8 steps/s | 190.0 min
ep  9970 | step  1161534 | reward   181.88 | avg100    36.98 |  101.8 steps/s | 190.3 min
ep  9980 | step  1162596 | reward   105.21 | avg100    40.57 |  101.8 steps/s | 190.4 min
ep  9990 | step  1163784 | reward    72.30 | avg100    36.20 |  101.8 steps/s | 190.6 min
ep 10000 | step  1164858 | reward    -3.41 | avg100    38.31 |  101.7 steps/s | 190.8 min
ep 10010 | step  1166058 | reward    -4.04 | avg100    34.83 |  101.8 steps/s | 191.0 min
ep 10020 | step  1167336 | reward    -3.17 | avg100    36.67 |  101.7 steps/s | 191.2 min
ep 10030 | step  1168266 | reward     9.31 | avg100    34.93 |  101.8 steps/s | 191.3 min
ep 10040 | step  1169502 | reward    14.84 | avg100    35.56 |  101.8 steps/s | 191.6 min
ep 10050 | step  1170738 | reward    55.37 | avg100    34.49 |  101.8 steps/s | 191.7 min
ep 10060 | step  1171608 | reward    -7.41 | avg100    32.86 |  101.8 steps/s | 191.9 min
ep 10070 | step  1172910 | reward   -17.88 | avg100    30.45 |  101.7 steps/s | 192.1 min
ep 10080 | step  1174038 | reward    95.58 | avg100    26.84 |  101.8 steps/s | 192.3 min
ep 10090 | step  1175208 | reward   100.00 | avg100    27.81 |  101.8 steps/s | 192.5 min
ep 10100 | step  1176354 | reward     9.42 | avg100    20.66 |  101.8 steps/s | 192.7 min
ep 10110 | step  1177458 | reward    16.28 | avg100    24.32 |  101.8 steps/s | 192.9 min
ep 10120 | step  1178568 | reward    11.74 | avg100    22.46 |  101.8 steps/s | 193.0 min
ep 10130 | step  1179666 | reward    45.11 | avg100    21.92 |  101.8 steps/s | 193.2 min
ep 10140 | step  1180728 | reward    38.58 | avg100    21.07 |  101.8 steps/s | 193.4 min
ep 10150 | step  1181910 | reward   -10.16 | avg100    19.18 |  101.8 steps/s | 193.6 min
ep 10160 | step  1183110 | reward   -44.21 | avg100    19.81 |  101.8 steps/s | 193.8 min
ep 10170 | step  1184178 | reward    -5.71 | avg100    16.36 |  101.8 steps/s | 193.9 min
ep 10180 | step  1185084 | reward    50.68 | avg100    15.41 |  101.8 steps/s | 194.1 min
ep 10190 | step  1186164 | reward    16.08 | avg100    11.51 |  101.8 steps/s | 194.3 min
ep 10200 | step  1187418 | reward   -17.13 | avg100    13.92 |  101.8 steps/s | 194.5 min
ep 10210 | step  1188618 | reward    -9.12 | avg100     9.98 |  101.8 steps/s | 194.6 min
ep 10220 | step  1189518 | reward   -24.44 | avg100    11.60 |  101.8 steps/s | 194.8 min
ep 10230 | step  1190694 | reward   -20.91 | avg100     8.63 |  101.8 steps/s | 195.0 min
ep 10240 | step  1191762 | reward    -5.53 | avg100     6.18 |  101.8 steps/s | 195.2 min
ep 10250 | step  1192764 | reward    13.67 | avg100     9.43 |  101.8 steps/s | 195.3 min
ep 10260 | step  1193970 | reward   -15.22 | avg100     7.62 |  101.8 steps/s | 195.5 min
ep 10270 | step  1195086 | reward    59.09 | avg100     9.92 |  101.8 steps/s | 195.7 min
ep 10280 | step  1196292 | reward    25.31 | avg100    11.07 |  101.8 steps/s | 195.9 min
ep 10290 | step  1197468 | reward     0.81 | avg100    13.29 |  101.8 steps/s | 196.1 min
ep 10300 | step  1198434 | reward   101.30 | avg100    14.64 |  101.8 steps/s | 196.3 min
ep 10310 | step  1199634 | reward   -50.00 | avg100    11.78 |  101.8 steps/s | 196.5 min
ep 10320 | step  1200804 | reward   -10.60 | avg100    11.04 |  101.8 steps/s | 196.7 min
ep 10330 | step  1201770 | reward    23.60 | avg100    15.21 |  101.8 steps/s | 196.8 min
ep 10340 | step  1203102 | reward    92.05 | avg100    16.13 |  101.8 steps/s | 197.0 min
ep 10350 | step  1204254 | reward   -51.57 | avg100    13.98 |  101.8 steps/s | 197.2 min
ep 10360 | step  1205250 | reward    13.71 | avg100    15.90 |  101.8 steps/s | 197.4 min
ep 10370 | step  1206468 | reward    89.29 | avg100    15.22 |  101.8 steps/s | 197.6 min
ep 10380 | step  1207686 | reward   -51.90 | avg100    15.56 |  101.8 steps/s | 197.8 min
ep 10390 | step  1208706 | reward   -13.82 | avg100    15.13 |  101.8 steps/s | 197.9 min
ep 10400 | step  1209990 | reward   -41.81 | avg100    15.27 |  101.8 steps/s | 198.2 min
ep 10410 | step  1211070 | reward    43.36 | avg100    20.07 |  101.8 steps/s | 198.3 min
ep 10420 | step  1212342 | reward    34.80 | avg100    25.53 |  101.8 steps/s | 198.5 min
ep 10430 | step  1213590 | reward    44.04 | avg100    30.64 |  101.8 steps/s | 198.8 min
ep 10440 | step  1214682 | reward    -4.68 | avg100    34.13 |  101.8 steps/s | 198.9 min
ep 10450 | step  1215948 | reward    25.32 | avg100    39.72 |  101.8 steps/s | 199.1 min
ep 10460 | step  1217196 | reward   114.29 | avg100    42.05 |  101.8 steps/s | 199.4 min
ep 10470 | step  1218246 | reward    34.15 | avg100    46.68 |  101.8 steps/s | 199.5 min
ep 10480 | step  1219632 | reward    37.32 | avg100    52.57 |  101.8 steps/s | 199.7 min
ep 10490 | step  1220796 | reward    70.00 | avg100    59.41 |  101.8 steps/s | 199.9 min
ep 10500 | step  1221984 | reward   172.39 | avg100    61.84 |  101.8 steps/s | 200.1 min
ep 10510 | step  1223352 | reward    91.13 | avg100    65.83 |  101.8 steps/s | 200.4 min
ep 10520 | step  1224546 | reward    59.57 | avg100    65.72 |  101.8 steps/s | 200.5 min
ep 10530 | step  1225602 | reward    45.42 | avg100    64.63 |  101.8 steps/s | 200.7 min
ep 10540 | step  1226940 | reward   -27.37 | avg100    64.80 |  101.8 steps/s | 201.0 min
ep 10550 | step  1228146 | reward   152.63 | avg100    64.79 |  101.8 steps/s | 201.1 min
ep 10560 | step  1229238 | reward    93.88 | avg100    66.80 |  101.8 steps/s | 201.3 min
ep 10570 | step  1230390 | reward    28.11 | avg100    63.82 |  101.8 steps/s | 201.5 min
ep 10580 | step  1231608 | reward    42.86 | avg100    61.16 |  101.8 steps/s | 201.7 min
ep 10590 | step  1232790 | reward    27.04 | avg100    57.09 |  101.8 steps/s | 201.9 min
ep 10600 | step  1234032 | reward   -15.64 | avg100    58.32 |  101.8 steps/s | 202.1 min
ep 10610 | step  1235154 | reward    -2.45 | avg100    56.89 |  101.8 steps/s | 202.3 min
ep 10620 | step  1236348 | reward    73.77 | avg100    56.91 |  101.8 steps/s | 202.5 min
ep 10630 | step  1237602 | reward   137.46 | avg100    54.00 |  101.8 steps/s | 202.7 min
ep 10640 | step  1238832 | reward   113.77 | avg100    54.56 |  101.8 steps/s | 202.9 min
ep 10650 | step  1239906 | reward    92.81 | avg100    53.39 |  101.8 steps/s | 203.1 min
ep 10660 | step  1241142 | reward   102.70 | avg100    51.58 |  101.8 steps/s | 203.3 min
ep 10670 | step  1242438 | reward   107.79 | avg100    55.74 |  101.8 steps/s | 203.5 min
ep 10680 | step  1243656 | reward   143.99 | avg100    56.91 |  101.8 steps/s | 203.7 min
ep 10690 | step  1244670 | reward    57.23 | avg100    56.22 |  101.8 steps/s | 203.8 min
ep 10700 | step  1245894 | reward    22.87 | avg100    53.32 |  101.8 steps/s | 204.1 min
ep 10710 | step  1247268 | reward   102.25 | avg100    52.40 |  101.8 steps/s | 204.3 min
ep 10720 | step  1248168 | reward    96.61 | avg100    51.88 |  101.8 steps/s | 204.4 min
ep 10730 | step  1249518 | reward    11.48 | avg100    53.85 |  101.8 steps/s | 204.7 min
ep 10740 | step  1250868 | reward   107.14 | avg100    53.75 |  101.8 steps/s | 204.9 min
ep 10750 | step  1251792 | reward    59.86 | avg100    52.72 |  101.8 steps/s | 205.0 min
ep 10760 | step  1253040 | reward    98.65 | avg100    54.30 |  101.8 steps/s | 205.2 min
ep 10770 | step  1254306 | reward    17.10 | avg100    50.01 |  101.8 steps/s | 205.4 min
ep 10780 | step  1255386 | reward    88.81 | avg100    49.59 |  101.8 steps/s | 205.6 min
ep 10790 | step  1256604 | reward   -12.80 | avg100    51.41 |  101.8 steps/s | 205.8 min
ep 10800 | step  1257948 | reward    54.27 | avg100    50.81 |  101.8 steps/s | 206.0 min
ep 10810 | step  1258968 | reward    37.95 | avg100    50.77 |  101.8 steps/s | 206.2 min
ep 10820 | step  1260246 | reward   180.30 | avg100    48.04 |  101.8 steps/s | 206.4 min
ep 10830 | step  1261482 | reward   -26.61 | avg100    47.24 |  101.8 steps/s | 206.6 min
ep 10840 | step  1262568 | reward     9.63 | avg100    45.67 |  101.8 steps/s | 206.8 min
ep 10850 | step  1263756 | reward     6.70 | avg100    44.70 |  101.8 steps/s | 207.0 min
ep 10860 | step  1265070 | reward   158.39 | avg100    46.53 |  101.8 steps/s | 207.2 min
ep 10870 | step  1266306 | reward    93.77 | avg100    52.38 |  101.8 steps/s | 207.4 min
ep 10880 | step  1267320 | reward    39.96 | avg100    50.48 |  101.8 steps/s | 207.6 min
ep 10890 | step  1268652 | reward   170.59 | avg100    50.34 |  101.8 steps/s | 207.8 min
ep 10900 | step  1270038 | reward    10.14 | avg100    58.00 |  101.8 steps/s | 208.0 min
ep 10910 | step  1271058 | reward    65.66 | avg100    64.97 |  101.8 steps/s | 208.2 min
ep 10920 | step  1272192 | reward   -56.59 | avg100    65.53 |  101.8 steps/s | 208.3 min
ep 10930 | step  1273440 | reward   -52.79 | avg100    67.53 |  101.8 steps/s | 208.6 min
ep 10940 | step  1274760 | reward     0.84 | avg100    70.97 |  101.8 steps/s | 208.8 min
ep 10950 | step  1275816 | reward   124.42 | avg100    77.40 |  101.8 steps/s | 208.9 min
ep 10960 | step  1277190 | reward   209.03 | avg100    80.85 |  101.8 steps/s | 209.2 min
ep 10970 | step  1278402 | reward    -3.57 | avg100    79.86 |  101.8 steps/s | 209.4 min
ep 10980 | step  1279566 | reward   155.10 | avg100    83.68 |  101.8 steps/s | 209.6 min
ep 10990 | step  1280760 | reward    27.73 | avg100    88.54 |  101.8 steps/s | 209.8 min
ep 11000 | step  1281990 | reward   107.46 | avg100    82.36 |  101.8 steps/s | 210.0 min
ep 11010 | step  1283316 | reward   200.33 | avg100    79.48 |  101.8 steps/s | 210.2 min
ep 11020 | step  1284336 | reward    65.41 | avg100    84.49 |  101.8 steps/s | 210.3 min
ep 11030 | step  1285656 | reward   132.08 | avg100    86.96 |  101.8 steps/s | 210.6 min
ep 11040 | step  1286790 | reward    -2.39 | avg100    85.52 |  101.8 steps/s | 210.8 min
ep 11050 | step  1287936 | reward   193.68 | avg100    85.89 |  101.8 steps/s | 210.9 min
ep 11060 | step  1289244 | reward   -51.60 | avg100    81.44 |  101.8 steps/s | 211.2 min
ep 11070 | step  1290384 | reward   234.57 | avg100    82.08 |  101.8 steps/s | 211.3 min
ep 11080 | step  1291542 | reward   -46.54 | avg100    81.02 |  101.8 steps/s | 211.5 min
ep 11090 | step  1292934 | reward   168.82 | avg100    83.21 |  101.8 steps/s | 211.8 min
ep 11100 | step  1293984 | reward   144.65 | avg100    88.65 |  101.8 steps/s | 211.9 min
ep 11110 | step  1295244 | reward    94.54 | avg100    89.25 |  101.8 steps/s | 212.1 min
ep 11120 | step  1296612 | reward   111.68 | avg100    90.95 |  101.8 steps/s | 212.3 min
ep 11130 | step  1297650 | reward   129.24 | avg100    93.75 |  101.8 steps/s | 212.5 min
ep 11140 | step  1298862 | reward    82.41 | avg100    95.00 |  101.8 steps/s | 212.7 min
ep 11150 | step  1300056 | reward   162.80 | avg100    94.17 |  101.8 steps/s | 212.9 min
ep 11160 | step  1301400 | reward   123.88 | avg100    93.55 |  101.8 steps/s | 213.2 min
ep 11170 | step  1302480 | reward   126.11 | avg100    94.17 |  101.8 steps/s | 213.3 min
ep 11180 | step  1303728 | reward     2.99 | avg100    92.27 |  101.8 steps/s | 213.5 min
ep 11190 | step  1304982 | reward   187.20 | avg100    89.16 |  101.8 steps/s | 213.7 min
ep 11200 | step  1306188 | reward    24.14 | avg100    87.27 |  101.8 steps/s | 213.9 min
ep 11210 | step  1307364 | reward    -1.18 | avg100    83.12 |  101.8 steps/s | 214.1 min
ep 11220 | step  1308474 | reward    18.47 | avg100    76.30 |  101.8 steps/s | 214.3 min
ep 11230 | step  1309722 | reward   151.68 | avg100    70.33 |  101.8 steps/s | 214.5 min
ep 11240 | step  1311006 | reward   101.49 | avg100    72.55 |  101.8 steps/s | 214.7 min
ep 11250 | step  1312044 | reward    10.30 | avg100    73.82 |  101.8 steps/s | 214.9 min
ep 11260 | step  1313364 | reward   147.39 | avg100    79.31 |  101.8 steps/s | 215.1 min
ep 11270 | step  1314594 | reward    47.37 | avg100    75.29 |  101.8 steps/s | 215.3 min
ep 11280 | step  1315788 | reward     5.53 | avg100    78.02 |  101.8 steps/s | 215.5 min
ep 11290 | step  1316844 | reward   150.00 | avg100    74.70 |  101.8 steps/s | 215.7 min
ep 11300 | step  1317978 | reward     4.03 | avg100    73.63 |  101.8 steps/s | 215.9 min
ep 11310 | step  1319328 | reward   104.27 | avg100    74.60 |  101.8 steps/s | 216.1 min
ep 11320 | step  1320480 | reward     1.28 | avg100    78.37 |  101.8 steps/s | 216.3 min
ep 11330 | step  1321620 | reward    27.46 | avg100    77.15 |  101.8 steps/s | 216.5 min
ep 11340 | step  1322904 | reward    -3.89 | avg100    77.11 |  101.8 steps/s | 216.7 min
ep 11350 | step  1324170 | reward   144.07 | avg100    75.34 |  101.8 steps/s | 216.9 min
ep 11360 | step  1325220 | reward   -30.88 | avg100    71.76 |  101.8 steps/s | 217.1 min
ep 11370 | step  1326462 | reward   163.89 | avg100    71.31 |  101.8 steps/s | 217.2 min
ep 11380 | step  1327770 | reward    56.55 | avg100    70.68 |  101.8 steps/s | 217.5 min
ep 11390 | step  1328826 | reward    89.02 | avg100    75.79 |  101.8 steps/s | 217.7 min
ep 11400 | step  1330140 | reward   141.88 | avg100    72.41 |  101.8 steps/s | 217.9 min
ep 11410 | step  1331352 | reward   165.15 | avg100    80.45 |  101.8 steps/s | 218.1 min
ep 11420 | step  1332576 | reward   131.83 | avg100    82.53 |  101.8 steps/s | 218.2 min
ep 11430 | step  1333800 | reward   150.00 | avg100    88.36 |  101.8 steps/s | 218.5 min
ep 11440 | step  1334952 | reward   -18.46 | avg100    88.19 |  101.8 steps/s | 218.7 min
ep 11450 | step  1336152 | reward   -11.27 | avg100    86.65 |  101.8 steps/s | 218.8 min
ep 11460 | step  1337448 | reward   128.68 | avg100    85.97 |  101.8 steps/s | 219.1 min
ep 11470 | step  1338432 | reward    90.94 | avg100    91.94 |  101.8 steps/s | 219.2 min
ep 11480 | step  1339788 | reward    42.86 | avg100    93.05 |  101.8 steps/s | 219.4 min
ep 11490 | step  1341138 | reward   -36.69 | avg100    91.46 |  101.8 steps/s | 219.7 min
ep 11500 | step  1341942 | reward     0.24 | avg100    93.83 |  101.8 steps/s | 219.8 min
ep 11510 | step  1343334 | reward    -0.91 | avg100    87.86 |  101.8 steps/s | 220.0 min
ep 11520 | step  1344708 | reward   142.11 | avg100    88.57 |  101.7 steps/s | 220.3 min
ep 11530 | step  1345602 | reward    39.61 | avg100    89.11 |  101.8 steps/s | 220.4 min
ep 11540 | step  1347066 | reward   152.40 | avg100    91.00 |  101.8 steps/s | 220.6 min
ep 11550 | step  1348350 | reward    89.37 | avg100    93.64 |  101.8 steps/s | 220.8 min
ep 11560 | step  1349334 | reward   141.61 | avg100    93.52 |  101.8 steps/s | 221.0 min
ep 11570 | step  1350684 | reward   139.34 | avg100    93.40 |  101.7 steps/s | 221.2 min
ep 11580 | step  1352010 | reward   168.14 | avg100    92.02 |  101.8 steps/s | 221.4 min
ep 11590 | step  1353066 | reward    27.74 | avg100    90.61 |  101.7 steps/s | 221.6 min
ep 11600 | step  1354434 | reward    79.64 | avg100    90.90 |  101.8 steps/s | 221.8 min
ep 11610 | step  1355406 | reward    -1.15 | avg100    92.76 |  101.8 steps/s | 222.0 min
ep 11620 | step  1356750 | reward    -7.91 | avg100    93.05 |  101.7 steps/s | 222.2 min
ep 11630 | step  1358034 | reward   147.15 | avg100    90.58 |  101.8 steps/s | 222.4 min
ep 11640 | step  1359156 | reward   102.72 | avg100    88.73 |  101.7 steps/s | 222.6 min
ep 11650 | step  1360416 | reward   144.76 | avg100    84.74 |  101.8 steps/s | 222.8 min
ep 11660 | step  1361556 | reward   160.59 | avg100    89.42 |  101.8 steps/s | 223.0 min
ep 11670 | step  1362696 | reward    97.18 | avg100    85.37 |  101.7 steps/s | 223.2 min
ep 11680 | step  1364022 | reward    -0.50 | avg100    85.66 |  101.8 steps/s | 223.4 min
ep 11690 | step  1365276 | reward   138.67 | avg100    90.96 |  101.7 steps/s | 223.6 min
ep 11700 | step  1366392 | reward   165.87 | avg100    95.33 |  101.8 steps/s | 223.8 min
ep 11710 | step  1367742 | reward   175.09 | avg100    95.33 |  101.8 steps/s | 224.0 min
ep 11720 | step  1368936 | reward   144.68 | avg100    93.85 |  101.7 steps/s | 224.2 min
ep 11730 | step  1370142 | reward   173.97 | avg100    95.75 |  101.8 steps/s | 224.4 min
ep 11740 | step  1371408 | reward   159.14 | avg100    94.91 |  101.7 steps/s | 224.6 min
ep 11750 | step  1372500 | reward   135.49 | avg100    96.17 |  101.8 steps/s | 224.8 min
ep 11760 | step  1373688 | reward   167.40 | avg100    93.16 |  101.8 steps/s | 225.0 min
ep 11770 | step  1375008 | reward   103.33 | avg100    95.11 |  101.7 steps/s | 225.2 min
ep 11780 | step  1376106 | reward   104.27 | avg100    98.50 |  101.8 steps/s | 225.4 min
ep 11790 | step  1377426 | reward    84.00 | avg100    97.07 |  101.8 steps/s | 225.6 min
ep 11800 | step  1378608 | reward   182.05 | avg100    94.09 |  101.8 steps/s | 225.8 min
ep 11810 | step  1379676 | reward   122.59 | avg100    92.00 |  101.8 steps/s | 226.0 min
ep 11820 | step  1380912 | reward   196.30 | avg100    88.60 |  101.7 steps/s | 226.2 min
ep 11830 | step  1382208 | reward   -51.93 | avg100    87.78 |  101.8 steps/s | 226.4 min
ep 11840 | step  1383264 | reward   -20.77 | avg100    89.89 |  101.7 steps/s | 226.6 min
ep 11850 | step  1384518 | reward   178.63 | avg100    95.84 |  101.8 steps/s | 226.8 min
ep 11860 | step  1385808 | reward   -37.53 | avg100    97.24 |  101.8 steps/s | 227.0 min
ep 11870 | step  1386984 | reward    26.00 | avg100    93.39 |  101.7 steps/s | 227.2 min
ep 11880 | step  1388028 | reward    17.14 | avg100    86.47 |  101.8 steps/s | 227.4 min
ep 11890 | step  1389318 | reward    83.10 | avg100    83.88 |  101.7 steps/s | 227.6 min
ep 11900 | step  1390416 | reward   176.75 | avg100    85.79 |  101.8 steps/s | 227.7 min
ep 11910 | step  1391634 | reward    31.27 | avg100    84.86 |  101.8 steps/s | 227.9 min
ep 11920 | step  1392888 | reward    -2.09 | avg100    85.61 |  101.7 steps/s | 228.2 min
ep 11930 | step  1394166 | reward   108.46 | avg100    81.59 |  101.8 steps/s | 228.4 min
ep 11940 | step  1395126 | reward   -62.57 | avg100    78.53 |  101.7 steps/s | 228.5 min
ep 11950 | step  1396548 | reward   112.93 | avg100    75.77 |  101.8 steps/s | 228.7 min
ep 11960 | step  1397886 | reward    58.73 | avg100    71.49 |  101.8 steps/s | 229.0 min
ep 11970 | step  1398768 | reward    91.56 | avg100    72.62 |  101.7 steps/s | 229.1 min
ep 11980 | step  1400058 | reward    -4.68 | avg100    72.53 |  101.8 steps/s | 229.3 min
ep 11990 | step  1401312 | reward    40.35 | avg100    72.32 |  101.7 steps/s | 229.5 min
ep 12000 | step  1402374 | reward    38.15 | avg100    68.21 |  101.8 steps/s | 229.7 min
ep 12010 | step  1403556 | reward    87.74 | avg100    65.96 |  101.8 steps/s | 229.9 min
ep 12020 | step  1404750 | reward     0.64 | avg100    62.92 |  101.7 steps/s | 230.1 min
ep 12030 | step  1405860 | reward    -2.56 | avg100    62.52 |  101.8 steps/s | 230.3 min
ep 12040 | step  1407120 | reward    11.85 | avg100    58.61 |  101.7 steps/s | 230.5 min
ep 12050 | step  1408206 | reward   121.34 | avg100    51.97 |  101.8 steps/s | 230.7 min
ep 12060 | step  1409580 | reward    65.05 | avg100    53.44 |  101.8 steps/s | 230.9 min
ep 12070 | step  1410738 | reward    77.99 | avg100    55.46 |  101.7 steps/s | 231.1 min
ep 12080 | step  1411902 | reward    89.66 | avg100    61.25 |  101.8 steps/s | 231.3 min
ep 12090 | step  1413258 | reward    48.15 | avg100    58.27 |  101.7 steps/s | 231.5 min
ep 12100 | step  1414428 | reward   104.30 | avg100    62.02 |  101.8 steps/s | 231.7 min
ep 12110 | step  1415580 | reward   146.95 | avg100    66.61 |  101.8 steps/s | 231.9 min
ep 12120 | step  1416870 | reward   -57.42 | avg100    66.64 |  101.7 steps/s | 232.1 min
ep 12130 | step  1418028 | reward    82.84 | avg100    68.24 |  101.8 steps/s | 232.3 min
ep 12140 | step  1419120 | reward    46.50 | avg100    74.19 |  101.7 steps/s | 232.5 min
ep 12150 | step  1420392 | reward   184.05 | avg100    79.87 |  101.8 steps/s | 232.6 min
ep 12160 | step  1421562 | reward   -12.36 | avg100    75.28 |  101.8 steps/s | 232.8 min
ep 12170 | step  1422660 | reward   121.15 | avg100    75.87 |  101.7 steps/s | 233.0 min
ep 12180 | step  1423908 | reward   -18.93 | avg100    71.04 |  101.8 steps/s | 233.2 min
ep 12190 | step  1425138 | reward    18.71 | avg100    71.09 |  101.7 steps/s | 233.4 min
ep 12200 | step  1426194 | reward    20.55 | avg100    69.99 |  101.8 steps/s | 233.6 min
ep 12210 | step  1427448 | reward   168.29 | avg100    71.48 |  101.7 steps/s | 233.8 min
ep 12220 | step  1428600 | reward   -40.66 | avg100    70.21 |  101.7 steps/s | 234.0 min
ep 12230 | step  1429944 | reward    91.54 | avg100    72.35 |  101.8 steps/s | 234.2 min
ep 12240 | step  1431084 | reward   136.30 | avg100    73.69 |  101.7 steps/s | 234.4 min
ep 12250 | step  1432338 | reward   201.12 | avg100    75.32 |  101.8 steps/s | 234.6 min
ep 12260 | step  1433496 | reward     6.72 | avg100    79.30 |  101.7 steps/s | 234.8 min
ep 12270 | step  1434684 | reward    25.00 | avg100    80.22 |  101.7 steps/s | 235.0 min
ep 12280 | step  1435842 | reward   -12.57 | avg100    82.51 |  101.8 steps/s | 235.2 min
ep 12290 | step  1436862 | reward   -22.95 | avg100    77.61 |  101.7 steps/s | 235.4 min
ep 12300 | step  1438110 | reward    53.31 | avg100    75.98 |  101.8 steps/s | 235.6 min
ep 12310 | step  1439460 | reward    99.30 | avg100    72.03 |  101.7 steps/s | 235.8 min
ep 12320 | step  1440570 | reward   142.11 | avg100    75.95 |  101.7 steps/s | 236.0 min
ep 12330 | step  1441710 | reward    55.17 | avg100    71.69 |  101.7 steps/s | 236.2 min
ep 12340 | step  1442778 | reward     5.61 | avg100    65.98 |  101.7 steps/s | 236.3 min
ep 12350 | step  1443846 | reward   138.10 | avg100    57.11 |  101.8 steps/s | 236.5 min
ep 12360 | step  1445052 | reward   -51.54 | avg100    52.31 |  101.7 steps/s | 236.7 min
ep 12370 | step  1446228 | reward   -35.72 | avg100    45.34 |  101.8 steps/s | 236.9 min
ep 12380 | step  1447302 | reward    63.57 | avg100    43.44 |  101.7 steps/s | 237.1 min
ep 12390 | step  1448520 | reward   140.55 | avg100    47.13 |  101.8 steps/s | 237.3 min
ep 12400 | step  1449786 | reward   -14.26 | avg100    41.07 |  101.8 steps/s | 237.5 min
ep 12410 | step  1450902 | reward    -3.60 | avg100    37.04 |  101.7 steps/s | 237.7 min
ep 12420 | step  1452054 | reward    67.66 | avg100    33.52 |  101.8 steps/s | 237.8 min
ep 12430 | step  1453092 | reward    -6.86 | avg100    32.47 |  101.7 steps/s | 238.0 min
ep 12440 | step  1454304 | reward   171.38 | avg100    32.62 |  101.8 steps/s | 238.2 min
ep 12450 | step  1455306 | reward   -40.89 | avg100    31.68 |  101.7 steps/s | 238.4 min
ep 12460 | step  1456632 | reward   -17.70 | avg100    32.33 |  101.7 steps/s | 238.6 min
ep 12470 | step  1457892 | reward   -55.86 | avg100    32.88 |  101.8 steps/s | 238.8 min
ep 12480 | step  1458942 | reward   132.08 | avg100    30.68 |  101.7 steps/s | 239.0 min
ep 12490 | step  1459998 | reward    72.73 | avg100    26.94 |  101.8 steps/s | 239.1 min
ep 12500 | step  1461216 | reward    77.58 | avg100    27.65 |  101.7 steps/s | 239.4 min
ep 12510 | step  1462398 | reward    -4.68 | avg100    27.61 |  101.8 steps/s | 239.5 min
ep 12520 | step  1463478 | reward   106.67 | avg100    26.07 |  101.8 steps/s | 239.7 min
ep 12530 | step  1464702 | reward    92.03 | avg100    28.30 |  101.7 steps/s | 239.9 min
ep 12540 | step  1465764 | reward   102.02 | avg100    29.47 |  101.8 steps/s | 240.1 min
ep 12550 | step  1467024 | reward   -45.52 | avg100    32.39 |  101.7 steps/s | 240.3 min
ep 12560 | step  1468230 | reward   -57.86 | avg100    35.57 |  101.8 steps/s | 240.5 min
ep 12570 | step  1469262 | reward     8.04 | avg100    36.58 |  101.7 steps/s | 240.7 min
ep 12580 | step  1470594 | reward   123.64 | avg100    42.76 |  101.7 steps/s | 240.9 min
ep 12590 | step  1471836 | reward   -24.95 | avg100    45.65 |  101.8 steps/s | 241.1 min
ep 12600 | step  1472772 | reward   114.77 | avg100    49.63 |  101.7 steps/s | 241.2 min
ep 12610 | step  1474122 | reward    62.16 | avg100    53.50 |  101.8 steps/s | 241.4 min
ep 12620 | step  1475460 | reward    44.44 | avg100    55.16 |  101.8 steps/s | 241.7 min
ep 12630 | step  1476504 | reward    78.45 | avg100    57.66 |  101.8 steps/s | 241.8 min
ep 12640 | step  1477740 | reward   142.91 | avg100    61.05 |  101.8 steps/s | 242.1 min
ep 12650 | step  1479072 | reward   133.58 | avg100    62.30 |  101.7 steps/s | 242.3 min
ep 12660 | step  1480014 | reward   -14.21 | avg100    60.38 |  101.8 steps/s | 242.4 min
ep 12670 | step  1481364 | reward   -39.46 | avg100    62.92 |  101.7 steps/s | 242.7 min
ep 12680 | step  1482750 | reward    35.31 | avg100    60.69 |  101.7 steps/s | 242.9 min
ep 12690 | step  1483572 | reward    65.41 | avg100    61.14 |  101.8 steps/s | 243.0 min
ep 12700 | step  1484892 | reward   143.15 | avg100    60.06 |  101.7 steps/s | 243.2 min
ep 12710 | step  1485978 | reward     6.55 | avg100    56.68 |  101.8 steps/s | 243.4 min
ep 12720 | step  1487046 | reward    50.54 | avg100    53.03 |  101.7 steps/s | 243.6 min
ep 12730 | step  1488324 | reward    94.84 | avg100    48.77 |  101.8 steps/s | 243.8 min
ep 12740 | step  1489356 | reward    20.81 | avg100    43.41 |  101.7 steps/s | 244.0 min
ep 12750 | step  1490610 | reward   -42.96 | avg100    40.35 |  101.7 steps/s | 244.2 min
ep 12760 | step  1491918 | reward   -34.14 | avg100    42.66 |  101.8 steps/s | 244.4 min
ep 12770 | step  1492956 | reward    30.14 | avg100    40.92 |  101.7 steps/s | 244.6 min
ep 12780 | step  1493964 | reward   -17.06 | avg100    35.87 |  101.8 steps/s | 244.7 min
ep 12790 | step  1495200 | reward   -38.96 | avg100    32.39 |  101.7 steps/s | 244.9 min
ep 12800 | step  1496550 | reward   -31.98 | avg100    30.56 |  101.7 steps/s | 245.1 min
ep 12810 | step  1497468 | reward    16.45 | avg100    30.97 |  101.8 steps/s | 245.3 min
ep 12820 | step  1498806 | reward    56.72 | avg100    35.09 |  101.7 steps/s | 245.5 min
ep 12830 | step  1500012 | reward    -3.06 | avg100    35.02 |  101.8 steps/s | 245.7 min
ep 12840 | step  1500936 | reward    38.30 | avg100    32.72 |  101.7 steps/s | 245.9 min
ep 12850 | step  1502196 | reward    60.31 | avg100    30.17 |  101.8 steps/s | 246.0 min
ep 12860 | step  1503312 | reward     1.61 | avg100    24.36 |  101.7 steps/s | 246.2 min
ep 12870 | step  1504494 | reward     1.80 | avg100    21.13 |  101.8 steps/s | 246.4 min
ep 12880 | step  1505496 | reward   100.00 | avg100    21.01 |  101.8 steps/s | 246.6 min
ep 12890 | step  1506660 | reward    15.65 | avg100    20.08 |  101.7 steps/s | 246.8 min
ep 12900 | step  1507692 | reward   -18.18 | avg100    18.53 |  101.8 steps/s | 247.0 min
ep 12910 | step  1508844 | reward   -29.22 | avg100    14.32 |  101.7 steps/s | 247.2 min
ep 12920 | step  1509792 | reward    67.88 | avg100    10.60 |  101.8 steps/s | 247.3 min
ep 12930 | step  1510956 | reward     4.18 | avg100     5.95 |  101.7 steps/s | 247.5 min
ep 12940 | step  1512102 | reward    -3.23 | avg100     4.05 |  101.8 steps/s | 247.7 min
ep 12950 | step  1513134 | reward    13.64 | avg100     3.45 |  101.7 steps/s | 247.9 min
ep 12960 | step  1514406 | reward    14.48 | avg100     6.21 |  101.8 steps/s | 248.0 min
ep 12970 | step  1515474 | reward     5.44 | avg100     4.67 |  101.7 steps/s | 248.2 min
ep 12980 | step  1516488 | reward   -23.82 | avg100     4.12 |  101.7 steps/s | 248.4 min
ep 12990 | step  1517688 | reward   -32.23 | avg100     3.71 |  101.8 steps/s | 248.6 min
ep 13000 | step  1518882 | reward    -3.19 | avg100     4.89 |  101.7 steps/s | 248.8 min
ep 13010 | step  1519860 | reward    26.13 | avg100     6.46 |  101.8 steps/s | 248.9 min
ep 13020 | step  1520982 | reward   -53.43 | avg100     4.80 |  101.7 steps/s | 249.1 min
ep 13030 | step  1522104 | reward    22.30 | avg100     7.29 |  101.8 steps/s | 249.3 min
ep 13040 | step  1523112 | reward    65.61 | avg100     8.06 |  101.7 steps/s | 249.5 min
ep 13050 | step  1524300 | reward    -1.70 | avg100     6.99 |  101.8 steps/s | 249.7 min
ep 13060 | step  1525380 | reward    -7.47 | avg100     4.20 |  101.7 steps/s | 249.9 min
ep 13070 | step  1526406 | reward     7.56 | avg100     5.33 |  101.8 steps/s | 250.0 min
ep 13080 | step  1527558 | reward    -1.60 | avg100     5.75 |  101.7 steps/s | 250.2 min
ep 13090 | step  1528758 | reward   -49.23 | avg100     6.46 |  101.7 steps/s | 250.4 min
ep 13100 | step  1529664 | reward     3.61 | avg100     4.57 |  101.8 steps/s | 250.6 min
ep 13110 | step  1530858 | reward   -20.68 | avg100     1.95 |  101.7 steps/s | 250.8 min
ep 13120 | step  1532064 | reward   -40.71 | avg100     2.53 |  101.8 steps/s | 250.9 min
ep 13130 | step  1532928 | reward     3.98 | avg100     1.96 |  101.7 steps/s | 251.1 min
ep 13140 | step  1534194 | reward     1.11 | avg100     1.31 |  101.8 steps/s | 251.3 min
ep 13150 | step  1535496 | reward     0.39 | avg100     3.67 |  101.7 steps/s | 251.5 min
ep 13160 | step  1536384 | reward    -7.22 | avg100     2.95 |  101.8 steps/s | 251.6 min
ep 13170 | step  1537572 | reward    -0.74 | avg100     3.24 |  101.7 steps/s | 251.9 min
ep 13180 | step  1538772 | reward   -52.22 | avg100     1.35 |  101.7 steps/s | 252.1 min
ep 13190 | step  1539822 | reward   -54.97 | avg100     2.65 |  101.8 steps/s | 252.2 min
ep 13200 | step  1540722 | reward   -15.15 | avg100     1.71 |  101.7 steps/s | 252.4 min
ep 13210 | step  1541874 | reward   -38.76 | avg100     2.32 |  101.8 steps/s | 252.5 min
ep 13220 | step  1543056 | reward    11.38 | avg100     2.96 |  101.7 steps/s | 252.8 min
ep 13230 | step  1543926 | reward   -10.60 | avg100     0.92 |  101.8 steps/s | 252.9 min
ep 13240 | step  1545042 | reward   -26.36 | avg100    -0.21 |  101.7 steps/s | 253.1 min
ep 13250 | step  1546218 | reward    -8.67 | avg100    -2.77 |  101.8 steps/s | 253.3 min
ep 13260 | step  1547280 | reward    25.98 | avg100    -1.18 |  101.7 steps/s | 253.4 min
ep 13270 | step  1548360 | reward    44.26 | avg100    -1.87 |  101.8 steps/s | 253.6 min
ep 13280 | step  1549446 | reward   -23.52 | avg100    -0.98 |  101.8 steps/s | 253.8 min
ep 13290 | step  1550472 | reward    29.69 | avg100    -3.31 |  101.7 steps/s | 254.0 min
ep 13300 | step  1551576 | reward   -53.68 | avg100    -3.34 |  101.8 steps/s | 254.1 min
ep 13310 | step  1552692 | reward    19.36 | avg100    -2.55 |  101.7 steps/s | 254.3 min
ep 13320 | step  1553646 | reward     4.55 | avg100    -3.40 |  101.8 steps/s | 254.5 min
ep 13330 | step  1554738 | reward    32.87 | avg100    -2.68 |  101.7 steps/s | 254.7 min
ep 13340 | step  1555896 | reward    -7.95 | avg100    -1.77 |  101.8 steps/s | 254.8 min
ep 13350 | step  1556910 | reward   -43.33 | avg100    -1.53 |  101.7 steps/s | 255.0 min
ep 13360 | step  1558128 | reward    -4.96 | avg100    -2.57 |  101.8 steps/s | 255.2 min
ep 13370 | step  1559094 | reward    20.16 | avg100    -2.78 |  101.8 steps/s | 255.4 min
ep 13380 | step  1560264 | reward    -2.26 | avg100    -3.70 |  101.8 steps/s | 255.5 min
ep 13390 | step  1561344 | reward     6.80 | avg100    -1.62 |  101.8 steps/s | 255.7 min
ep 13400 | step  1562454 | reward     1.98 | avg100    -1.67 |  101.7 steps/s | 255.9 min
ep 13410 | step  1563450 | reward   -35.88 | avg100    -3.17 |  101.8 steps/s | 256.1 min
ep 13420 | step  1564518 | reward   -20.40 | avg100    -1.35 |  101.7 steps/s | 256.3 min
ep 13430 | step  1565856 | reward    -3.97 | avg100    -0.11 |  101.8 steps/s | 256.5 min
ep 13440 | step  1566726 | reward    -4.42 | avg100     1.01 |  101.8 steps/s | 256.6 min
ep 13450 | step  1568064 | reward   -39.71 | avg100     5.00 |  101.8 steps/s | 256.8 min
ep 13460 | step  1569270 | reward    43.36 | avg100     6.96 |  101.8 steps/s | 257.0 min
ep 13470 | step  1570284 | reward    10.59 | avg100     7.96 |  101.8 steps/s | 257.2 min
ep 13480 | step  1571424 | reward   -15.94 | avg100     7.55 |  101.8 steps/s | 257.4 min
ep 13490 | step  1572480 | reward   -10.60 | avg100     8.58 |  101.7 steps/s | 257.6 min
ep 13500 | step  1573578 | reward    36.53 | avg100     9.70 |  101.8 steps/s | 257.7 min
ep 13510 | step  1575018 | reward    22.01 | avg100    13.21 |  101.8 steps/s | 258.0 min
ep 13520 | step  1575888 | reward   -12.09 | avg100    13.91 |  101.8 steps/s | 258.1 min
ep 13530 | step  1577124 | reward   -32.86 | avg100    13.32 |  101.8 steps/s | 258.3 min
ep 13540 | step  1578384 | reward    71.82 | avg100    14.29 |  101.8 steps/s | 258.5 min
ep 13550 | step  1579500 | reward    35.04 | avg100    12.78 |  101.8 steps/s | 258.7 min
ep 13560 | step  1580496 | reward     1.12 | avg100    13.40 |  101.7 steps/s | 258.9 min
ep 13570 | step  1581846 | reward    95.29 | avg100    16.17 |  101.8 steps/s | 259.1 min
ep 13580 | step  1583082 | reward   -50.00 | avg100    17.58 |  101.7 steps/s | 259.3 min
ep 13590 | step  1584090 | reward    69.28 | avg100    19.56 |  101.8 steps/s | 259.5 min
ep 13600 | step  1585374 | reward    -3.29 | avg100    25.12 |  101.8 steps/s | 259.7 min
ep 13610 | step  1586484 | reward   -24.26 | avg100    24.10 |  101.7 steps/s | 259.9 min
ep 13620 | step  1587624 | reward    98.56 | avg100    26.38 |  101.8 steps/s | 260.0 min
ep 13630 | step  1588842 | reward    37.58 | avg100    27.17 |  101.7 steps/s | 260.3 min
ep 13640 | step  1589922 | reward   -45.32 | avg100    27.47 |  101.8 steps/s | 260.4 min
ep 13650 | step  1590984 | reward   -15.71 | avg100    27.46 |  101.7 steps/s | 260.6 min
ep 13660 | step  1592304 | reward   107.02 | avg100    29.97 |  101.8 steps/s | 260.8 min
ep 13670 | step  1593474 | reward    53.57 | avg100    29.69 |  101.8 steps/s | 261.0 min
ep 13680 | step  1594614 | reward    39.07 | avg100    31.59 |  101.7 steps/s | 261.2 min
ep 13690 | step  1595652 | reward   128.07 | avg100    30.37 |  101.8 steps/s | 261.4 min
ep 13700 | step  1596978 | reward    -4.16 | avg100    28.98 |  101.7 steps/s | 261.6 min
ep 13710 | step  1598184 | reward   -32.90 | avg100    32.55 |  101.8 steps/s | 261.8 min
ep 13720 | step  1599102 | reward   -30.00 | avg100    28.14 |  101.7 steps/s | 261.9 min
ep 13730 | step  1600296 | reward     6.52 | avg100    27.66 |  101.8 steps/s | 262.1 min
ep 13740 | step  1601340 | reward   -30.94 | avg100    24.66 |  101.8 steps/s | 262.3 min
ep 13750 | step  1602444 | reward    -9.13 | avg100    20.71 |  101.7 steps/s | 262.5 min
ep 13760 | step  1603296 | reward   -12.14 | avg100    13.79 |  101.8 steps/s | 262.6 min
ep 13770 | step  1604364 | reward   -10.44 | avg100     8.85 |  101.8 steps/s | 262.8 min
ep 13780 | step  1605528 | reward    -4.75 | avg100     5.20 |  101.8 steps/s | 263.0 min
ep 13790 | step  1606326 | reward   -25.26 | avg100     1.19 |  101.8 steps/s | 263.1 min
ep 13800 | step  1607562 | reward   -19.85 | avg100    -4.06 |  101.8 steps/s | 263.3 min
ep 13810 | step  1608606 | reward   -10.92 | avg100   -10.95 |  101.7 steps/s | 263.5 min
ep 13820 | step  1609620 | reward   -10.62 | avg100   -11.89 |  101.8 steps/s | 263.6 min
ep 13830 | step  1610580 | reward   -11.97 | avg100   -13.93 |  101.7 steps/s | 263.8 min
ep 13840 | step  1611606 | reward   -40.66 | avg100   -14.62 |  101.8 steps/s | 264.0 min
ep 13850 | step  1612722 | reward   -31.39 | avg100   -13.63 |  101.8 steps/s | 264.2 min
ep 13860 | step  1613730 | reward   -27.02 | avg100   -13.32 |  101.8 steps/s | 264.3 min
ep 13870 | step  1614768 | reward    -8.99 | avg100   -13.49 |  101.8 steps/s | 264.5 min
ep 13880 | step  1615920 | reward   -13.55 | avg100   -13.73 |  101.8 steps/s | 264.7 min
ep 13890 | step  1616754 | reward    -8.64 | avg100   -14.36 |  101.8 steps/s | 264.8 min
ep 13900 | step  1617924 | reward    -8.83 | avg100   -14.93 |  101.8 steps/s | 265.0 min
ep 13910 | step  1618962 | reward   -13.80 | avg100   -14.01 |  101.8 steps/s | 265.2 min
ep 13920 | step  1619844 | reward   -41.81 | avg100   -14.41 |  101.8 steps/s | 265.3 min
ep 13930 | step  1620924 | reward   -13.99 | avg100   -14.56 |  101.8 steps/s | 265.5 min
ep 13940 | step  1622040 | reward    -8.86 | avg100   -14.54 |  101.8 steps/s | 265.7 min
ep 13950 | step  1622946 | reward   -15.81 | avg100   -15.91 |  101.8 steps/s | 265.8 min
ep 13960 | step  1624008 | reward   -12.04 | avg100   -16.45 |  101.8 steps/s | 266.0 min
ep 13970 | step  1625070 | reward   -16.67 | avg100   -15.61 |  101.8 steps/s | 266.2 min
ep 13980 | step  1626084 | reward    52.78 | avg100   -15.08 |  101.8 steps/s | 266.3 min
ep 13990 | step  1627236 | reward    -4.89 | avg100   -15.59 |  101.8 steps/s | 266.5 min
ep 14000 | step  1628178 | reward    -5.89 | avg100   -16.78 |  101.8 steps/s | 266.7 min
ep 14010 | step  1629108 | reward   -11.35 | avg100   -17.37 |  101.8 steps/s | 266.8 min
ep 14020 | step  1630236 | reward   -16.75 | avg100   -17.78 |  101.8 steps/s | 267.0 min
ep 14030 | step  1631184 | reward   -18.11 | avg100   -18.28 |  101.8 steps/s | 267.2 min
ep 14040 | step  1632258 | reward   -27.04 | avg100   -18.70 |  101.8 steps/s | 267.3 min
ep 14050 | step  1633332 | reward   -16.88 | avg100   -17.31 |  101.8 steps/s | 267.5 min
ep 14060 | step  1634250 | reward    -2.56 | avg100   -16.12 |  101.8 steps/s | 267.6 min
ep 14070 | step  1635336 | reward   -10.09 | avg100   -16.62 |  101.8 steps/s | 267.8 min
ep 14080 | step  1636338 | reward   -11.03 | avg100   -17.74 |  101.8 steps/s | 268.0 min
ep 14090 | step  1637454 | reward    -5.80 | avg100   -17.18 |  101.8 steps/s | 268.2 min
ep 14100 | step  1638354 | reward   -41.94 | avg100   -16.50 |  101.8 steps/s | 268.3 min
ep 14110 | step  1639398 | reward    -4.71 | avg100   -16.76 |  101.8 steps/s | 268.5 min
ep 14120 | step  1640532 | reward   -34.06 | avg100   -15.46 |  101.8 steps/s | 268.7 min
ep 14130 | step  1641474 | reward    -9.12 | avg100   -15.50 |  101.8 steps/s | 268.8 min
ep 14140 | step  1642554 | reward    -5.97 | avg100   -15.15 |  101.8 steps/s | 269.0 min
ep 14150 | step  1643544 | reward   -10.57 | avg100   -15.89 |  101.8 steps/s | 269.2 min
ep 14160 | step  1644558 | reward    21.08 | avg100   -16.23 |  101.8 steps/s | 269.4 min
ep 14170 | step  1645626 | reward    -1.36 | avg100   -16.20 |  101.8 steps/s | 269.5 min
ep 14180 | step  1646694 | reward    28.11 | avg100   -14.75 |  101.8 steps/s | 269.7 min
ep 14190 | step  1647768 | reward     8.59 | avg100   -13.65 |  101.8 steps/s | 269.9 min
ep 14200 | step  1648650 | reward   -15.77 | avg100   -12.80 |  101.8 steps/s | 270.0 min
ep 14210 | step  1649802 | reward   -25.53 | avg100   -11.58 |  101.8 steps/s | 270.2 min
ep 14220 | step  1650888 | reward    -3.98 | avg100   -11.10 |  101.8 steps/s | 270.4 min
ep 14230 | step  1651836 | reward   -49.37 | avg100   -11.12 |  101.8 steps/s | 270.5 min
ep 14240 | step  1652880 | reward   -21.58 | avg100   -11.65 |  101.8 steps/s | 270.7 min
ep 14250 | step  1653972 | reward   -10.62 | avg100   -10.92 |  101.8 steps/s | 270.9 min
ep 14260 | step  1655028 | reward   -44.14 | avg100   -11.46 |  101.8 steps/s | 271.1 min
ep 14270 | step  1655922 | reward   -12.86 | avg100   -11.30 |  101.8 steps/s | 271.2 min
ep 14280 | step  1657056 | reward   -33.33 | avg100   -12.78 |  101.8 steps/s | 271.4 min
ep 14290 | step  1658058 | reward   -23.14 | avg100   -13.96 |  101.8 steps/s | 271.5 min
ep 14300 | step  1659162 | reward   -12.75 | avg100   -13.53 |  101.8 steps/s | 271.7 min
ep 14310 | step  1660224 | reward    -4.16 | avg100   -13.33 |  101.8 steps/s | 271.9 min
ep 14320 | step  1661268 | reward   -12.26 | avg100   -13.58 |  101.8 steps/s | 272.1 min
ep 14330 | step  1662330 | reward    -9.14 | avg100   -12.73 |  101.8 steps/s | 272.2 min
ep 14340 | step  1663488 | reward    11.01 | avg100   -11.57 |  101.8 steps/s | 272.4 min
ep 14350 | step  1664310 | reward   -48.25 | avg100   -12.13 |  101.8 steps/s | 272.6 min
ep 14360 | step  1665528 | reward   -28.28 | avg100   -12.11 |  101.8 steps/s | 272.8 min
ep 14370 | step  1666500 | reward    -1.74 | avg100   -11.98 |  101.8 steps/s | 273.0 min
ep 14380 | step  1667406 | reward   -17.70 | avg100   -11.51 |  101.8 steps/s | 273.1 min
ep 14390 | step  1668600 | reward    -4.68 | avg100   -10.75 |  101.8 steps/s | 273.3 min
ep 14400 | step  1669536 | reward   -14.26 | avg100   -11.82 |  101.8 steps/s | 273.4 min
ep 14410 | step  1670466 | reward   -11.27 | avg100   -12.75 |  101.8 steps/s | 273.6 min
ep 14420 | step  1671630 | reward   -20.83 | avg100   -13.24 |  101.8 steps/s | 273.8 min
ep 14430 | step  1672662 | reward   -26.77 | avg100   -14.34 |  101.8 steps/s | 274.0 min
ep 14440 | step  1673700 | reward    -0.95 | avg100   -13.64 |  101.8 steps/s | 274.1 min
ep 14450 | step  1674840 | reward    -9.85 | avg100   -13.11 |  101.8 steps/s | 274.3 min
ep 14460 | step  1675836 | reward    -5.72 | avg100   -13.05 |  101.8 steps/s | 274.5 min
ep 14470 | step  1676790 | reward   -39.85 | avg100   -13.14 |  101.8 steps/s | 274.6 min
ep 14480 | step  1677840 | reward   -11.46 | avg100   -12.81 |  101.8 steps/s | 274.8 min
ep 14490 | step  1678938 | reward   -46.78 | avg100   -14.75 |  101.8 steps/s | 275.0 min
ep 14500 | step  1679946 | reward    45.67 | avg100   -14.16 |  101.8 steps/s | 275.1 min
ep 14510 | step  1680852 | reward    -1.74 | avg100   -13.77 |  101.8 steps/s | 275.3 min
ep 14520 | step  1681950 | reward    -9.37 | avg100   -13.93 |  101.8 steps/s | 275.5 min
ep 14530 | step  1682952 | reward   -11.03 | avg100   -13.52 |  101.8 steps/s | 275.6 min
ep 14540 | step  1684002 | reward    22.81 | avg100   -13.39 |  101.8 steps/s | 275.8 min
ep 14550 | step  1685112 | reward   -10.17 | avg100   -14.03 |  101.8 steps/s | 276.0 min
ep 14560 | step  1686174 | reward   -32.73 | avg100   -13.72 |  101.8 steps/s | 276.1 min
ep 14570 | step  1687080 | reward    -3.75 | avg100   -14.08 |  101.8 steps/s | 276.3 min
ep 14580 | step  1688184 | reward    -2.17 | avg100   -13.15 |  101.8 steps/s | 276.5 min
ep 14590 | step  1689366 | reward    25.54 | avg100   -12.11 |  101.8 steps/s | 276.7 min
ep 14600 | step  1690086 | reward   -25.53 | avg100   -12.05 |  101.8 steps/s | 276.8 min
ep 14610 | step  1691250 | reward   -11.41 | avg100   -12.12 |  101.8 steps/s | 277.0 min
ep 14620 | step  1692432 | reward   -23.89 | avg100   -12.20 |  101.8 steps/s | 277.2 min
ep 14630 | step  1693170 | reward   -22.12 | avg100   -12.02 |  101.8 steps/s | 277.3 min
ep 14640 | step  1694370 | reward   -32.19 | avg100   -13.55 |  101.8 steps/s | 277.5 min
ep 14650 | step  1695582 | reward    -6.40 | avg100   -12.44 |  101.8 steps/s | 277.7 min
ep 14660 | step  1696434 | reward   -16.45 | avg100   -13.15 |  101.8 steps/s | 277.8 min
ep 14670 | step  1697466 | reward    -3.50 | avg100   -12.93 |  101.8 steps/s | 278.0 min
ep 14680 | step  1698630 | reward    -4.16 | avg100   -12.45 |  101.8 steps/s | 278.2 min
ep 14690 | step  1699656 | reward    -4.29 | avg100   -11.55 |  101.8 steps/s | 278.4 min
ep 14700 | step  1700796 | reward   -57.12 | avg100   -11.83 |  101.8 steps/s | 278.6 min
ep 14710 | step  1701936 | reward    23.35 | avg100   -11.92 |  101.8 steps/s | 278.7 min
ep 14720 | step  1702764 | reward    -8.49 | avg100   -10.99 |  101.8 steps/s | 278.9 min
ep 14730 | step  1703874 | reward    -5.99 | avg100   -10.38 |  101.8 steps/s | 279.0 min
ep 14740 | step  1704972 | reward    -3.87 | avg100   -10.59 |  101.8 steps/s | 279.2 min
ep 14750 | step  1705926 | reward    -9.37 | avg100   -11.34 |  101.8 steps/s | 279.4 min
ep 14760 | step  1706928 | reward    -5.21 | avg100   -11.24 |  101.8 steps/s | 279.6 min
ep 14770 | step  1708146 | reward     0.74 | avg100   -10.99 |  101.8 steps/s | 279.7 min
ep 14780 | step  1709016 | reward    -4.94 | avg100   -11.78 |  101.8 steps/s | 279.9 min
ep 14790 | step  1710078 | reward   -11.97 | avg100   -12.80 |  101.8 steps/s | 280.1 min
ep 14800 | step  1711164 | reward   -34.37 | avg100   -12.66 |  101.8 steps/s | 280.3 min
ep 14810 | step  1712202 | reward   -55.93 | avg100   -13.08 |  101.8 steps/s | 280.4 min
ep 14820 | step  1713234 | reward    -6.86 | avg100   -13.01 |  101.8 steps/s | 280.6 min
ep 14830 | step  1714266 | reward     0.48 | avg100   -12.57 |  101.8 steps/s | 280.7 min
ep 14840 | step  1715388 | reward   -11.15 | avg100   -12.28 |  101.8 steps/s | 280.9 min
ep 14850 | step  1716390 | reward   -21.18 | avg100   -11.78 |  101.8 steps/s | 281.1 min
ep 14860 | step  1717404 | reward    -1.10 | avg100   -10.58 |  101.8 steps/s | 281.3 min
ep 14870 | step  1718460 | reward   -30.94 | avg100   -11.20 |  101.8 steps/s | 281.5 min
ep 14880 | step  1719576 | reward   -25.76 | avg100   -11.27 |  101.8 steps/s | 281.6 min
ep 14890 | step  1720560 | reward    23.29 | avg100   -10.95 |  101.8 steps/s | 281.8 min
ep 14900 | step  1721508 | reward   -18.36 | avg100   -11.72 |  101.8 steps/s | 281.9 min
ep 14910 | step  1722576 | reward   -18.24 | avg100   -11.08 |  101.8 steps/s | 282.1 min
ep 14920 | step  1723698 | reward    -4.58 | avg100   -11.78 |  101.8 steps/s | 282.3 min
ep 14930 | step  1724712 | reward    42.34 | avg100   -12.50 |  101.8 steps/s | 282.5 min
ep 14940 | step  1725726 | reward     3.49 | avg100   -12.66 |  101.8 steps/s | 282.6 min
ep 14950 | step  1726740 | reward   -35.93 | avg100   -12.05 |  101.8 steps/s | 282.8 min
ep 14960 | step  1727946 | reward    -9.13 | avg100   -11.44 |  101.8 steps/s | 283.0 min
ep 14970 | step  1728864 | reward    -6.85 | avg100   -12.08 |  101.8 steps/s | 283.2 min
ep 14980 | step  1729782 | reward   -15.58 | avg100   -12.60 |  101.8 steps/s | 283.3 min
ep 14990 | step  1730946 | reward   -16.24 | avg100   -12.57 |  101.8 steps/s | 283.5 min
ep 15000 | step  1732032 | reward    -4.11 | avg100   -11.77 |  101.8 steps/s | 283.7 min
ep 15010 | step  1732938 | reward    39.78 | avg100   -12.17 |  101.8 steps/s | 283.8 min
ep 15020 | step  1734030 | reward    -4.17 | avg100   -12.46 |  101.8 steps/s | 284.0 min
ep 15030 | step  1735038 | reward    -7.63 | avg100   -12.70 |  101.8 steps/s | 284.2 min
ep 15040 | step  1736064 | reward    -4.27 | avg100   -13.26 |  101.8 steps/s | 284.3 min
ep 15050 | step  1737126 | reward   -32.68 | avg100   -13.99 |  101.8 steps/s | 284.5 min
ep 15060 | step  1738104 | reward    -5.26 | avg100   -15.39 |  101.8 steps/s | 284.6 min
ep 15070 | step  1739082 | reward   -10.25 | avg100   -14.61 |  101.8 steps/s | 284.8 min
ep 15080 | step  1740282 | reward   -23.71 | avg100   -15.23 |  101.8 steps/s | 285.0 min
ep 15090 | step  1741278 | reward   -26.75 | avg100   -15.12 |  101.8 steps/s | 285.2 min
ep 15100 | step  1742106 | reward    -8.51 | avg100   -16.35 |  101.8 steps/s | 285.3 min
ep 15110 | step  1743336 | reward   -11.51 | avg100   -16.03 |  101.8 steps/s | 285.5 min
ep 15120 | step  1744392 | reward   -20.96 | avg100   -16.23 |  101.8 steps/s | 285.7 min
ep 15130 | step  1745286 | reward   -58.65 | avg100   -16.17 |  101.8 steps/s | 285.8 min
ep 15140 | step  1746378 | reward    -2.40 | avg100   -15.38 |  101.8 steps/s | 286.0 min
ep 15150 | step  1747542 | reward   -56.75 | avg100   -15.48 |  101.8 steps/s | 286.2 min
ep 15160 | step  1748448 | reward    26.81 | avg100   -14.40 |  101.8 steps/s | 286.4 min
ep 15170 | step  1749600 | reward   -36.00 | avg100   -14.27 |  101.8 steps/s | 286.5 min
ep 15180 | step  1750584 | reward    -6.48 | avg100   -13.43 |  101.8 steps/s | 286.7 min
ep 15190 | step  1751646 | reward     0.84 | avg100   -12.72 |  101.8 steps/s | 286.9 min
ep 15200 | step  1752726 | reward    -5.96 | avg100   -10.91 |  101.8 steps/s | 287.1 min
ep 15210 | step  1753716 | reward   -16.10 | avg100   -10.36 |  101.8 steps/s | 287.2 min
ep 15220 | step  1754712 | reward    -4.83 | avg100    -9.68 |  101.8 steps/s | 287.4 min
ep 15230 | step  1755768 | reward   -46.44 | avg100    -9.61 |  101.8 steps/s | 287.5 min
ep 15240 | step  1756884 | reward    -9.14 | avg100   -10.51 |  101.8 steps/s | 287.7 min
ep 15250 | step  1757964 | reward   -21.82 | avg100   -10.44 |  101.8 steps/s | 287.9 min
ep 15260 | step  1758888 | reward    -6.01 | avg100   -11.53 |  101.8 steps/s | 288.1 min
ep 15270 | step  1759926 | reward    -8.60 | avg100   -11.53 |  101.8 steps/s | 288.2 min
ep 15280 | step  1761012 | reward    -7.08 | avg100   -11.15 |  101.8 steps/s | 288.4 min
ep 15290 | step  1761972 | reward   -12.38 | avg100   -12.01 |  101.8 steps/s | 288.5 min
ep 15300 | step  1763040 | reward    -7.63 | avg100   -13.50 |  101.8 steps/s | 288.7 min
ep 15310 | step  1764030 | reward   -10.15 | avg100   -13.60 |  101.8 steps/s | 288.9 min
ep 15320 | step  1765164 | reward     3.76 | avg100   -14.35 |  101.8 steps/s | 289.1 min
ep 15330 | step  1766202 | reward   -40.00 | avg100   -14.18 |  101.8 steps/s | 289.2 min
ep 15340 | step  1767108 | reward    -3.03 | avg100   -13.19 |  101.8 steps/s | 289.4 min
ep 15350 | step  1768182 | reward   -24.98 | avg100   -13.80 |  101.8 steps/s | 289.6 min
ep 15360 | step  1769238 | reward    -5.64 | avg100   -12.90 |  101.8 steps/s | 289.7 min
ep 15370 | step  1770198 | reward     8.84 | avg100   -12.99 |  101.8 steps/s | 289.9 min
ep 15380 | step  1771386 | reward   -32.22 | avg100   -13.82 |  101.8 steps/s | 290.1 min
ep 15390 | step  1772256 | reward   -15.28 | avg100   -13.71 |  101.8 steps/s | 290.3 min
ep 15400 | step  1773438 | reward    -2.72 | avg100   -12.83 |  101.8 steps/s | 290.4 min
ep 15410 | step  1774506 | reward    -4.99 | avg100   -12.87 |  101.8 steps/s | 290.6 min
ep 15420 | step  1775304 | reward   -11.34 | avg100   -12.21 |  101.8 steps/s | 290.7 min
ep 15430 | step  1776468 | reward    -3.26 | avg100   -12.64 |  101.8 steps/s | 290.9 min
ep 15440 | step  1777614 | reward   -16.45 | avg100   -12.71 |  101.8 steps/s | 291.1 min
ep 15450 | step  1778490 | reward   -52.22 | avg100   -12.69 |  101.8 steps/s | 291.3 min
ep 15460 | step  1779600 | reward   -14.55 | avg100   -13.28 |  101.8 steps/s | 291.4 min
ep 15470 | step  1780764 | reward   -15.07 | avg100   -12.72 |  101.8 steps/s | 291.6 min
ep 15480 | step  1781598 | reward    -4.89 | avg100   -12.25 |  101.8 steps/s | 291.8 min
ep 15490 | step  1782780 | reward    15.38 | avg100   -11.68 |  101.8 steps/s | 292.0 min
ep 15500 | step  1783794 | reward   -10.92 | avg100   -11.16 |  101.8 steps/s | 292.1 min
ep 15510 | step  1784712 | reward   -20.97 | avg100   -11.78 |  101.8 steps/s | 292.3 min
ep 15520 | step  1785918 | reward   -38.04 | avg100   -11.02 |  101.8 steps/s | 292.5 min
ep 15530 | step  1787100 | reward   -12.94 | avg100   -10.34 |  101.8 steps/s | 292.7 min
ep 15540 | step  1787910 | reward     0.96 | avg100   -10.52 |  101.8 steps/s | 292.8 min
ep 15550 | step  1789116 | reward     1.84 | avg100    -9.99 |  101.8 steps/s | 293.0 min
ep 15560 | step  1790208 | reward   -16.77 | avg100    -9.78 |  101.8 steps/s | 293.2 min
ep 15570 | step  1791198 | reward   -34.84 | avg100   -10.31 |  101.8 steps/s | 293.3 min
ep 15580 | step  1792194 | reward     0.97 | avg100   -10.87 |  101.8 steps/s | 293.5 min
ep 15590 | step  1793280 | reward    -7.08 | avg100   -10.87 |  101.8 steps/s | 293.7 min
ep 15600 | step  1794396 | reward   -11.03 | avg100   -11.09 |  101.8 steps/s | 293.9 min
ep 15610 | step  1795332 | reward    -5.72 | avg100   -10.22 |  101.8 steps/s | 294.0 min
ep 15620 | step  1796448 | reward    -9.13 | avg100   -10.37 |  101.8 steps/s | 294.2 min
ep 15630 | step  1797408 | reward    -7.22 | avg100   -11.55 |  101.8 steps/s | 294.4 min
ep 15640 | step  1798374 | reward    -5.97 | avg100   -11.67 |  101.8 steps/s | 294.5 min
ep 15650 | step  1799538 | reward    -4.89 | avg100   -12.07 |  101.8 steps/s | 294.7 min
ep 15660 | step  1800624 | reward    -3.59 | avg100   -11.27 |  101.8 steps/s | 294.9 min
ep 15670 | step  1801572 | reward    17.19 | avg100   -10.45 |  101.8 steps/s | 295.0 min
ep 15680 | step  1802736 | reward   -10.31 | avg100   -10.62 |  101.8 steps/s | 295.2 min
ep 15690 | step  1803822 | reward    -6.73 | avg100   -11.89 |  101.8 steps/s | 295.4 min
ep 15700 | step  1804704 | reward    -5.01 | avg100   -12.02 |  101.8 steps/s | 295.6 min
ep 15710 | step  1805820 | reward   -22.03 | avg100   -12.26 |  101.8 steps/s | 295.7 min
ep 15720 | step  1806900 | reward   -10.38 | avg100   -13.07 |  101.8 steps/s | 295.9 min
ep 15730 | step  1807740 | reward   -10.42 | avg100   -12.63 |  101.8 steps/s | 296.0 min
ep 15740 | step  1808850 | reward   -12.89 | avg100   -12.56 |  101.8 steps/s | 296.2 min
ep 15750 | step  1809912 | reward   -21.52 | avg100   -12.68 |  101.8 steps/s | 296.4 min
ep 15760 | step  1810824 | reward   -43.82 | avg100   -14.18 |  101.8 steps/s | 296.6 min
ep 15770 | step  1811898 | reward    -2.07 | avg100   -14.59 |  101.8 steps/s | 296.7 min
ep 15780 | step  1813044 | reward   -19.30 | avg100   -13.63 |  101.8 steps/s | 296.9 min
ep 15790 | step  1814016 | reward    -3.78 | avg100   -12.40 |  101.8 steps/s | 297.1 min
ep 15800 | step  1815054 | reward   -24.88 | avg100   -13.12 |  101.8 steps/s | 297.3 min
ep 15810 | step  1816194 | reward   -21.98 | avg100   -12.63 |  101.8 steps/s | 297.5 min
ep 15820 | step  1817298 | reward     4.99 | avg100   -12.23 |  101.8 steps/s | 297.6 min
ep 15830 | step  1818198 | reward   -37.52 | avg100   -11.04 |  101.8 steps/s | 297.8 min
ep 15840 | step  1819284 | reward   -10.50 | avg100   -10.98 |  101.8 steps/s | 298.0 min
ep 15850 | step  1820376 | reward   -30.38 | avg100   -10.46 |  101.8 steps/s | 298.1 min
ep 15860 | step  1821306 | reward   -19.62 | avg100   -10.38 |  101.8 steps/s | 298.3 min
ep 15870 | step  1822494 | reward    -8.86 | avg100   -10.48 |  101.8 steps/s | 298.5 min
ep 15880 | step  1823568 | reward    -3.15 | avg100   -10.83 |  101.8 steps/s | 298.7 min
ep 15890 | step  1824570 | reward     7.53 | avg100   -10.61 |  101.8 steps/s | 298.8 min
ep 15900 | step  1825770 | reward   -17.89 | avg100   -10.43 |  101.8 steps/s | 299.0 min
ep 15910 | step  1826718 | reward   -42.59 | avg100   -10.23 |  101.8 steps/s | 299.2 min
ep 15920 | step  1827696 | reward    -9.37 | avg100   -11.00 |  101.8 steps/s | 299.3 min
ep 15930 | step  1828836 | reward   -20.30 | avg100   -11.60 |  101.8 steps/s | 299.5 min
ep 15940 | step  1830048 | reward   -34.39 | avg100   -11.18 |  101.8 steps/s | 299.7 min
ep 15950 | step  1830840 | reward   -10.07 | avg100   -10.89 |  101.8 steps/s | 299.9 min
ep 15960 | step  1831944 | reward   -49.28 | avg100   -11.62 |  101.8 steps/s | 300.0 min
ep 15970 | step  1833072 | reward    -1.74 | avg100   -11.58 |  101.8 steps/s | 300.2 min
ep 15980 | step  1833918 | reward   -16.84 | avg100   -11.82 |  101.8 steps/s | 300.3 min
ep 15990 | step  1835100 | reward    -2.75 | avg100   -12.10 |  101.8 steps/s | 300.6 min
ep 16000 | step  1836240 | reward    -4.22 | avg100   -11.70 |  101.8 steps/s | 300.8 min
ep 16010 | step  1837038 | reward   -30.00 | avg100   -12.53 |  101.8 steps/s | 300.9 min
ep 16020 | step  1838256 | reward   -22.07 | avg100   -11.91 |  101.8 steps/s | 301.1 min
ep 16030 | step  1839462 | reward   -29.83 | avg100   -12.20 |  101.8 steps/s | 301.3 min
ep 16040 | step  1840254 | reward    -1.47 | avg100   -11.58 |  101.8 steps/s | 301.4 min
ep 16050 | step  1841466 | reward   -11.97 | avg100   -11.71 |  101.8 steps/s | 301.6 min
ep 16060 | step  1842510 | reward    -3.19 | avg100    -9.98 |  101.8 steps/s | 301.8 min
ep 16070 | step  1843494 | reward   -10.74 | avg100    -9.99 |  101.8 steps/s | 301.9 min
ep 16080 | step  1844604 | reward   -18.51 | avg100    -8.95 |  101.8 steps/s | 302.1 min
ep 16090 | step  1845690 | reward    10.29 | avg100    -9.54 |  101.8 steps/s | 302.3 min
ep 16100 | step  1846626 | reward   -20.13 | avg100    -9.94 |  101.8 steps/s | 302.5 min
ep 16110 | step  1847706 | reward    -1.73 | avg100    -9.35 |  101.8 steps/s | 302.6 min
ep 16120 | step  1848900 | reward   -10.40 | avg100   -10.15 |  101.8 steps/s | 302.8 min
ep 16130 | step  1849776 | reward    -5.29 | avg100   -10.51 |  101.8 steps/s | 302.9 min
ep 16140 | step  1850862 | reward    -4.93 | avg100   -11.63 |  101.8 steps/s | 303.1 min
ep 16150 | step  1851906 | reward   -29.49 | avg100   -12.23 |  101.8 steps/s | 303.3 min
ep 16160 | step  1853040 | reward    23.03 | avg100   -12.84 |  101.8 steps/s | 303.5 min
ep 16170 | step  1853910 | reward   -11.41 | avg100   -12.72 |  101.8 steps/s | 303.6 min
ep 16180 | step  1855068 | reward   -31.89 | avg100   -14.35 |  101.8 steps/s | 303.8 min
ep 16190 | step  1856046 | reward   -23.40 | avg100   -15.01 |  101.8 steps/s | 304.0 min
ep 16200 | step  1857036 | reward    31.47 | avg100   -14.09 |  101.8 steps/s | 304.1 min
ep 16210 | step  1858200 | reward     0.22 | avg100   -14.47 |  101.8 steps/s | 304.4 min
ep 16220 | step  1859256 | reward    36.36 | avg100   -13.34 |  101.8 steps/s | 304.5 min
ep 16230 | step  1860282 | reward    -2.19 | avg100   -11.72 |  101.8 steps/s | 304.7 min
ep 16240 | step  1861458 | reward   -33.64 | avg100   -12.76 |  101.8 steps/s | 304.9 min
ep 16250 | step  1862358 | reward   -20.74 | avg100   -12.29 |  101.8 steps/s | 305.0 min
ep 16260 | step  1863504 | reward     0.39 | avg100   -12.25 |  101.8 steps/s | 305.2 min
ep 16270 | step  1864572 | reward   -28.10 | avg100   -13.21 |  101.8 steps/s | 305.4 min
ep 16280 | step  1865652 | reward    -4.05 | avg100   -12.50 |  101.8 steps/s | 305.5 min
ep 16290 | step  1866768 | reward    -4.92 | avg100   -11.94 |  101.8 steps/s | 305.7 min
ep 16300 | step  1867740 | reward    -8.60 | avg100   -12.12 |  101.8 steps/s | 305.9 min
ep 16310 | step  1868934 | reward    -7.46 | avg100   -12.05 |  101.8 steps/s | 306.1 min
ep 16320 | step  1869960 | reward   -41.94 | avg100   -12.91 |  101.8 steps/s | 306.3 min
ep 16330 | step  1870926 | reward     0.06 | avg100   -13.83 |  101.8 steps/s | 306.4 min
ep 16340 | step  1872168 | reward     3.71 | avg100   -11.76 |  101.8 steps/s | 306.6 min
ep 16350 | step  1873134 | reward   -13.75 | avg100   -10.90 |  101.8 steps/s | 306.8 min
ep 16360 | step  1874154 | reward    20.57 | avg100   -10.92 |  101.8 steps/s | 307.0 min
ep 16370 | step  1875186 | reward   -16.45 | avg100    -9.55 |  101.8 steps/s | 307.1 min
ep 16380 | step  1876320 | reward   -32.53 | avg100    -9.92 |  101.8 steps/s | 307.3 min
ep 16390 | step  1877436 | reward   -44.79 | avg100   -10.20 |  101.8 steps/s | 307.5 min
ep 16400 | step  1878324 | reward    -5.56 | avg100   -10.88 |  101.8 steps/s | 307.7 min
ep 16410 | step  1879392 | reward   -23.61 | avg100   -11.30 |  101.8 steps/s | 307.8 min
ep 16420 | step  1880562 | reward   -11.82 | avg100   -11.15 |  101.8 steps/s | 308.0 min
ep 16430 | step  1881498 | reward    -2.60 | avg100   -10.77 |  101.8 steps/s | 308.2 min
ep 16440 | step  1882626 | reward   -45.30 | avg100   -11.40 |  101.8 steps/s | 308.4 min
ep 16450 | step  1883778 | reward   -12.86 | avg100   -11.78 |  101.8 steps/s | 308.5 min
ep 16460 | step  1884804 | reward    30.11 | avg100   -10.05 |  101.8 steps/s | 308.7 min
ep 16470 | step  1886010 | reward   -45.08 | avg100   -10.87 |  101.8 steps/s | 308.9 min
ep 16480 | step  1886994 | reward   -24.85 | avg100   -10.12 |  101.8 steps/s | 309.1 min
ep 16490 | step  1888044 | reward    -6.86 | avg100    -9.38 |  101.8 steps/s | 309.2 min
ep 16500 | step  1889118 | reward   -15.81 | avg100    -9.14 |  101.8 steps/s | 309.4 min
ep 16510 | step  1890390 | reward   -39.04 | avg100    -8.54 |  101.8 steps/s | 309.6 min
ep 16520 | step  1891212 | reward    -4.99 | avg100    -8.11 |  101.8 steps/s | 309.8 min
ep 16530 | step  1892364 | reward   -31.77 | avg100    -8.24 |  101.8 steps/s | 310.0 min
ep 16540 | step  1893438 | reward   -34.93 | avg100    -9.04 |  101.8 steps/s | 310.1 min
ep 16550 | step  1894368 | reward   -14.64 | avg100    -8.90 |  101.8 steps/s | 310.3 min
ep 16560 | step  1895664 | reward    21.21 | avg100    -8.83 |  101.8 steps/s | 310.5 min
ep 16570 | step  1896732 | reward    -8.90 | avg100    -8.49 |  101.8 steps/s | 310.7 min
ep 16580 | step  1897698 | reward   -22.75 | avg100    -8.60 |  101.8 steps/s | 310.8 min
ep 16590 | step  1898904 | reward    -3.34 | avg100    -7.97 |  101.8 steps/s | 311.0 min
ep 16600 | step  1900038 | reward    19.35 | avg100    -6.64 |  101.8 steps/s | 311.2 min
ep 16610 | step  1900968 | reward   -28.72 | avg100    -7.36 |  101.8 steps/s | 311.4 min
ep 16620 | step  1902120 | reward    16.67 | avg100    -6.53 |  101.7 steps/s | 311.6 min
ep 16630 | step  1903320 | reward   -19.39 | avg100    -6.59 |  101.8 steps/s | 311.7 min
ep 16640 | step  1904208 | reward    42.86 | avg100    -4.96 |  101.7 steps/s | 311.9 min
ep 16650 | step  1905372 | reward   -14.98 | avg100    -6.35 |  101.8 steps/s | 312.1 min
ep 16660 | step  1906506 | reward    -0.50 | avg100    -7.77 |  101.7 steps/s | 312.3 min
ep 16670 | step  1907520 | reward    39.93 | avg100    -7.67 |  101.8 steps/s | 312.4 min
ep 16680 | step  1908456 | reward   -16.60 | avg100    -8.46 |  101.7 steps/s | 312.6 min
ep 16690 | step  1909668 | reward    -0.77 | avg100    -9.02 |  101.8 steps/s | 312.8 min
ep 16700 | step  1910592 | reward    -2.26 | avg100    -8.75 |  101.7 steps/s | 313.0 min
ep 16710 | step  1911834 | reward    52.17 | avg100    -7.07 |  101.8 steps/s | 313.1 min
ep 16720 | step  1913052 | reward    -3.44 | avg100    -6.84 |  101.8 steps/s | 313.4 min
ep 16730 | step  1914042 | reward    34.23 | avg100    -7.04 |  101.8 steps/s | 313.5 min
ep 16740 | step  1915134 | reward    -4.77 | avg100    -7.75 |  101.8 steps/s | 313.7 min
ep 16750 | step  1916166 | reward   -28.91 | avg100    -7.27 |  101.7 steps/s | 313.9 min
ep 16760 | step  1917426 | reward    29.63 | avg100    -6.03 |  101.8 steps/s | 314.1 min
ep 16770 | step  1918464 | reward    -5.97 | avg100    -5.62 |  101.7 steps/s | 314.3 min
ep 16780 | step  1919442 | reward    -3.89 | avg100    -4.81 |  101.8 steps/s | 314.4 min
ep 16790 | step  1920582 | reward   -32.55 | avg100    -5.32 |  101.7 steps/s | 314.6 min
ep 16800 | step  1921824 | reward   -10.74 | avg100    -5.87 |  101.8 steps/s | 314.8 min
ep 16810 | step  1922718 | reward   -21.56 | avg100    -6.35 |  101.7 steps/s | 315.0 min
ep 16820 | step  1923936 | reward    -6.07 | avg100    -6.59 |  101.8 steps/s | 315.1 min
ep 16830 | step  1925106 | reward     6.67 | avg100    -6.21 |  101.7 steps/s | 315.3 min
ep 16840 | step  1926054 | reward   -13.57 | avg100    -6.37 |  101.8 steps/s | 315.5 min
ep 16850 | step  1927164 | reward    14.07 | avg100    -4.90 |  101.7 steps/s | 315.7 min
ep 16860 | step  1928172 | reward    -5.27 | avg100    -6.13 |  101.7 steps/s | 315.9 min
ep 16870 | step  1929336 | reward     4.03 | avg100    -6.27 |  101.7 steps/s | 316.0 min
ep 16880 | step  1930356 | reward   -18.71 | avg100    -6.42 |  101.7 steps/s | 316.2 min
ep 16890 | step  1931220 | reward   -37.69 | avg100    -6.34 |  101.7 steps/s | 316.3 min
ep 16900 | step  1932540 | reward    -5.14 | avg100    -7.04 |  101.7 steps/s | 316.6 min
ep 16910 | step  1933656 | reward     5.26 | avg100    -6.25 |  101.7 steps/s | 316.7 min
ep 16920 | step  1934610 | reward    -0.89 | avg100    -7.05 |  101.7 steps/s | 316.9 min
ep 16930 | step  1935774 | reward     9.15 | avg100    -7.43 |  101.7 steps/s | 317.1 min
ep 16940 | step  1936728 | reward    -5.57 | avg100    -8.02 |  101.7 steps/s | 317.3 min
ep 16950 | step  1937814 | reward    18.52 | avg100    -8.62 |  101.7 steps/s | 317.4 min
ep 16960 | step  1939014 | reward   -49.07 | avg100    -8.68 |  101.7 steps/s | 317.6 min
ep 16970 | step  1939962 | reward    -0.66 | avg100    -9.41 |  101.7 steps/s | 317.8 min
ep 16980 | step  1940994 | reward    -3.15 | avg100    -9.18 |  101.7 steps/s | 318.0 min
ep 16990 | step  1942224 | reward    10.73 | avg100    -8.59 |  101.7 steps/s | 318.2 min
ep 17000 | step  1943142 | reward     2.84 | avg100    -7.81 |  101.7 steps/s | 318.3 min
ep 17010 | step  1944336 | reward   -14.55 | avg100    -9.49 |  101.7 steps/s | 318.5 min
ep 17020 | step  1945338 | reward   -22.07 | avg100    -8.85 |  101.7 steps/s | 318.7 min
ep 17030 | step  1946472 | reward    -3.01 | avg100    -8.96 |  101.7 steps/s | 318.9 min
ep 17040 | step  1947468 | reward    -6.56 | avg100    -9.22 |  101.7 steps/s | 319.0 min
ep 17050 | step  1948590 | reward     3.60 | avg100    -9.51 |  101.7 steps/s | 319.2 min
ep 17060 | step  1949760 | reward    15.52 | avg100    -9.55 |  101.7 steps/s | 319.4 min
ep 17070 | step  1950822 | reward    -2.06 | avg100    -8.89 |  101.7 steps/s | 319.6 min
ep 17080 | step  1951824 | reward    -2.33 | avg100    -8.90 |  101.7 steps/s | 319.7 min
ep 17090 | step  1952988 | reward    -0.83 | avg100    -8.68 |  101.7 steps/s | 319.9 min
ep 17100 | step  1954212 | reward   -24.03 | avg100   -10.03 |  101.7 steps/s | 320.2 min
ep 17110 | step  1955040 | reward     5.44 | avg100    -9.02 |  101.7 steps/s | 320.3 min
ep 17120 | step  1956186 | reward   -59.69 | avg100   -10.62 |  101.7 steps/s | 320.5 min
ep 17130 | step  1957338 | reward    -3.09 | avg100   -10.56 |  101.7 steps/s | 320.7 min
ep 17140 | step  1958232 | reward   -18.41 | avg100    -9.92 |  101.7 steps/s | 320.8 min
ep 17150 | step  1959342 | reward    -0.58 | avg100   -10.43 |  101.7 steps/s | 321.0 min
ep 17160 | step  1960524 | reward     9.14 | avg100    -9.61 |  101.7 steps/s | 321.2 min
ep 17170 | step  1961460 | reward   -15.36 | avg100   -10.58 |  101.7 steps/s | 321.3 min
ep 17180 | step  1962660 | reward    -4.05 | avg100   -10.43 |  101.7 steps/s | 321.5 min
ep 17190 | step  1963728 | reward    23.29 | avg100   -10.35 |  101.7 steps/s | 321.7 min
ep 17200 | step  1964850 | reward    23.97 | avg100    -8.54 |  101.7 steps/s | 321.9 min
ep 17210 | step  1965978 | reward   -12.07 | avg100    -8.51 |  101.7 steps/s | 322.1 min
ep 17220 | step  1967172 | reward   -41.04 | avg100    -8.06 |  101.7 steps/s | 322.3 min
ep 17230 | step  1968198 | reward    44.37 | avg100    -8.31 |  101.7 steps/s | 322.5 min
ep 17240 | step  1969122 | reward   -11.90 | avg100    -8.25 |  101.7 steps/s | 322.6 min
ep 17250 | step  1970322 | reward    -8.70 | avg100    -7.47 |  101.7 steps/s | 322.8 min
ep 17260 | step  1971534 | reward     3.94 | avg100    -8.34 |  101.7 steps/s | 323.0 min
ep 17270 | step  1972320 | reward   -19.07 | avg100    -7.34 |  101.7 steps/s | 323.1 min
ep 17280 | step  1973490 | reward    -3.75 | avg100    -8.37 |  101.7 steps/s | 323.3 min
ep 17290 | step  1974648 | reward    -2.27 | avg100    -9.19 |  101.7 steps/s | 323.5 min
ep 17300 | step  1975488 | reward    -1.14 | avg100   -10.19 |  101.7 steps/s | 323.6 min
ep 17310 | step  1976694 | reward   -33.49 | avg100   -11.78 |  101.7 steps/s | 323.9 min
ep 17320 | step  1977900 | reward    -5.61 | avg100   -10.39 |  101.7 steps/s | 324.0 min
ep 17330 | step  1978800 | reward   -22.65 | avg100   -10.06 |  101.7 steps/s | 324.2 min
ep 17340 | step  1980000 | reward   -11.60 | avg100   -10.24 |  101.7 steps/s | 324.4 min
ep 17350 | step  1981068 | reward   -21.18 | avg100   -10.31 |  101.7 steps/s | 324.6 min
ep 17360 | step  1982052 | reward     4.08 | avg100   -11.45 |  101.7 steps/s | 324.8 min
ep 17370 | step  1983234 | reward    12.39 | avg100   -10.78 |  101.7 steps/s | 324.9 min
ep 17380 | step  1984254 | reward   -10.23 | avg100   -10.06 |  101.7 steps/s | 325.1 min
ep 17390 | step  1985400 | reward   -10.09 | avg100    -8.95 |  101.7 steps/s | 325.3 min
ep 17400 | step  1986486 | reward    32.23 | avg100    -8.23 |  101.7 steps/s | 325.5 min
ep 17410 | step  1987506 | reward    -0.99 | avg100    -6.91 |  101.7 steps/s | 325.6 min
ep 17420 | step  1988610 | reward    -3.81 | avg100    -7.41 |  101.7 steps/s | 325.8 min
ep 17430 | step  1989714 | reward    -0.33 | avg100    -7.49 |  101.7 steps/s | 326.0 min
ep 17440 | step  1990872 | reward    -2.20 | avg100    -6.65 |  101.7 steps/s | 326.2 min
ep 17450 | step  1991742 | reward    -2.76 | avg100    -6.99 |  101.7 steps/s | 326.3 min
ep 17460 | step  1992882 | reward    -9.37 | avg100    -4.67 |  101.7 steps/s | 326.5 min
ep 17470 | step  1994052 | reward    -4.41 | avg100    -6.27 |  101.7 steps/s | 326.7 min
ep 17480 | step  1994976 | reward   -14.52 | avg100    -6.62 |  101.7 steps/s | 326.9 min
ep 17490 | step  1996008 | reward   -40.14 | avg100    -7.03 |  101.7 steps/s | 327.0 min
ep 17500 | step  1997220 | reward   -43.74 | avg100    -8.52 |  101.7 steps/s | 327.2 min
ep 17510 | step  1998168 | reward    -4.73 | avg100    -9.25 |  101.7 steps/s | 327.4 min
ep 17520 | step  1999260 | reward    23.67 | avg100    -9.99 |  101.7 steps/s | 327.6 min
ep 17530 | step  2000394 | reward   -48.64 | avg100   -10.91 |  101.7 steps/s | 327.8 min
ep 17540 | step  2001504 | reward    19.05 | avg100   -10.54 |  101.7 steps/s | 327.9 min

done in 328.0 min
best 100-episode average: 106.93
logs: results/run1_episodes.csv
      results/run1_updates.csv
